Date (GMT+1);Nuclear  Power (MW);Non-Renewable Power (MW);Renewable Power (MW);Price (EUR/MWh, EUR/tCO2)
2021-01-01T00:00+01:00;8145.41;22935.12;11601.32;50.87
2021-01-01T01:00+01:00;8151.32;22242.88;11196.25;48.19
2021-01-01T02:00+01:00;8156.98;22308.77;10741.31;44.68
2021-01-01T03:00+01:00;8154.41;22448.23;10329.45;42.92
2021-01-01T04:00+01:00;8151.31;22212.46;9984.34;40.39
2021-01-01T05:00+01:00;8151.11;22634.29;9797.51;40.2
2021-01-01T06:00+01:00;8155.36;23140.3;9810.93;39.63
2021-01-01T07:00+01:00;8153.53;22769.22;9724.83;40.09
2021-01-01T08:00+01:00;8158.07;23308.35;10063.49;41.27
2021-01-01T09:00+01:00;8160.71;23580.13;11267.5;44.88
2021-01-01T10:00+01:00;8161.88;23514.63;13040.62;45
2021-01-01T11:00+01:00;8161.11;23834.37;14227.78;47.2
2021-01-01T12:00+01:00;8153.87;23941.43;14643.61;50.78
2021-01-01T13:00+01:00;8153.98;23876.29;13900.52;45.49
2021-01-01T14:00+01:00;8155.55;23979.92;12257.55;44.73
2021-01-01T15:00+01:00;8157.69;24750.2;10566.98;46.59
2021-01-01T16:00+01:00;8156.87;25499.54;10503.44;52.99
2021-01-01T17:00+01:00;8151.76;26074.58;11256.21;60.26
2021-01-01T18:00+01:00;8151.57;26098.43;11840.6;60.61
2021-01-01T19:00+01:00;8155.86;26151.55;12246.26;60.36
2021-01-01T20:00+01:00;8153.01;25888.57;12441.59;57.4
2021-01-01T21:00+01:00;8149.76;25437.23;12566.54;53.86
2021-01-01T22:00+01:00;8141.65;24849.08;12978.11;53.45
2021-01-01T23:00+01:00;8142.44;23564.35;12584.68;49.72
2021-01-02T00:00+01:00;8093.88;22545.55;12227.4;46.69
2021-01-02T01:00+01:00;8121.13;22072.01;11982.52;42.43
2021-01-02T02:00+01:00;8101.28;21470.65;11923.95;41.09
2021-01-02T03:00+01:00;8095.1;21281.17;11759.41;40
2021-01-02T04:00+01:00;8132.32;21771.88;11549.85;37.55
2021-01-02T05:00+01:00;8141.06;22396.56;11193.07;39
2021-01-02T06:00+01:00;8130.8;23156.5;11113.74;42.09
2021-01-02T07:00+01:00;8125.74;24342.71;10960.52;44.96
2021-01-02T08:00+01:00;8054.25;26055.55;10726.43;48.45
2021-01-02T09:00+01:00;8143.02;27537.89;11255.83;52
2021-01-02T10:00+01:00;8152.66;28305.26;12015.33;52
2021-01-02T11:00+01:00;8154.01;28594.24;12727;52.15
2021-01-02T12:00+01:00;8156.18;28478.87;12796.84;55.95
2021-01-02T13:00+01:00;8156.47;28500.93;11876.24;52
2021-01-02T14:00+01:00;8155.27;28451.78;10644.66;50.69
2021-01-02T15:00+01:00;8154.49;28349.14;9696.7;53.45
2021-01-02T16:00+01:00;8153.18;28688.36;9710.44;59.99
2021-01-02T17:00+01:00;8155.92;28984.07;10402.77;62
2021-01-02T18:00+01:00;8150.97;29062.5;11387.7;63.08
2021-01-02T19:00+01:00;8147.08;29006.58;12103.89;62.17
2021-01-02T20:00+01:00;8146.36;28750.67;12515.7;60.03
2021-01-02T21:00+01:00;8141.31;28238.69;13080.67;55.03
2021-01-02T22:00+01:00;8138.69;27061.47;13977.31;52.25
2021-01-02T23:00+01:00;8117.54;24927.04;15294.11;48.45
2021-01-03T00:00+01:00;7994.34;22386.51;16496.66;46.11
2021-01-03T01:00+01:00;7738.2;20664.5;17350.23;43
2021-01-03T02:00+01:00;7542.42;19422.45;18668.98;39.55
2021-01-03T03:00+01:00;7613.41;18491.26;19720.41;35.18
2021-01-03T04:00+01:00;7620.37;17465.06;20805.23;33.45
2021-01-03T05:00+01:00;7597.99;17050.62;22791.79;32.37
2021-01-03T06:00+01:00;7590.94;17157.03;24371.95;31.7
2021-01-03T07:00+01:00;7630.99;17859.26;25544.87;32.63
2021-01-03T08:00+01:00;7551.73;19381.03;26166.62;36.9
2021-01-03T09:00+01:00;7551.64;20453;27227.07;36.96
2021-01-03T10:00+01:00;7569.15;21163.56;28644.8;36.96
2021-01-03T11:00+01:00;7565.76;21975.14;29657.18;43.72
2021-01-03T12:00+01:00;7564.2;22215.06;29879.44;47.71
2021-01-03T13:00+01:00;7568.37;21791.74;29454.29;40.41
2021-01-03T14:00+01:00;7582.64;21233.42;29401.65;39.66
2021-01-03T15:00+01:00;7581.26;21326.16;28466.8;39.57
2021-01-03T16:00+01:00;7581.15;21764.17;28692.82;36.11
2021-01-03T17:00+01:00;7590.7;22537.03;28624.53;45.04
2021-01-03T18:00+01:00;7589.11;22826.06;28374.54;52.56
2021-01-03T19:00+01:00;7591.25;22966.56;27806.66;45.84
2021-01-03T20:00+01:00;7586.32;22411.66;27359.13;35.83
2021-01-03T21:00+01:00;7584.75;21621.37;26327.94;33.31
2021-01-03T22:00+01:00;7587.24;21352.84;25209.19;34.98
2021-01-03T23:00+01:00;7588.04;20531.35;24726.25;27.39
2021-01-04T00:00+01:00;7591.9;20668.27;24372.37;29.33
2021-01-04T01:00+01:00;7583.94;21609.79;23975.2;24.82
2021-01-04T02:00+01:00;7530.31;22242.58;23865.44;24.65
2021-01-04T03:00+01:00;7568.23;22627.27;23613.99;24.8
2021-01-04T04:00+01:00;7572.73;22803.94;23366.92;27.71
2021-01-04T05:00+01:00;7576.44;24146.45;23034.26;28.58
2021-01-04T06:00+01:00;7576.93;28742.52;23139.52;37.04
2021-01-04T07:00+01:00;7569.42;32651.04;23137.69;52.03
2021-01-04T08:00+01:00;7586.79;34067.17;23646.26;55.76
2021-01-04T09:00+01:00;7591.31;34773.68;23661.4;57.06
2021-01-04T10:00+01:00;7585.38;35734.34;24193.94;57.18
2021-01-04T11:00+01:00;7566.04;36325.04;24677.16;60
2021-01-04T12:00+01:00;7566.29;35789.81;24934.75;61.27
2021-01-04T13:00+01:00;7564.36;36009.96;24455.44;60.28
2021-01-04T14:00+01:00;7562.75;36272.94;24371.98;60.07
2021-01-04T15:00+01:00;7560.71;36860.78;23920.7;59.46
2021-01-04T16:00+01:00;7559.87;37458.73;24079.37;61.99
2021-01-04T17:00+01:00;7564.21;37572.2;24179.86;66.82
2021-01-04T18:00+01:00;7564.88;37545.81;24030.64;61.97
2021-01-04T19:00+01:00;7566.78;37320.36;23751.21;55.06
2021-01-04T20:00+01:00;7567.03;37109.07;23374.9;47.34
2021-01-04T21:00+01:00;7563.77;36066.03;22779.26;45.64
2021-01-04T22:00+01:00;7564.24;35161.85;22377.84;48.93
2021-01-04T23:00+01:00;7564.32;33942.19;22336.82;44.64
2021-01-05T00:00+01:00;7575.1;29693.32;22319.62;37.54
2021-01-05T01:00+01:00;7650.06;29102.27;22076.77;40.07
2021-01-05T02:00+01:00;7683.39;28651.49;21777.44;39.81
2021-01-05T03:00+01:00;7715.63;29044.87;21742.67;39.65
2021-01-05T04:00+01:00;7758.8;29483.49;21690.37;40.2
2021-01-05T05:00+01:00;7801.03;31646.44;21663.04;44.26
2021-01-05T06:00+01:00;7657.3;34640.73;22012.01;47.06
2021-01-05T07:00+01:00;7784.86;37029.42;21822.35;54.96
2021-01-05T08:00+01:00;7792.48;38231.2;21975.36;63.67
2021-01-05T09:00+01:00;7850.38;38609.47;22242.38;64.73
2021-01-05T10:00+01:00;7855.21;38568.2;23357.79;66.07
2021-01-05T11:00+01:00;7864.47;38886.5;23774.81;65.97
2021-01-05T12:00+01:00;7858;39008.71;24147.35;65.46
2021-01-05T13:00+01:00;7857;39073.98;24188.34;63.82
2021-01-05T14:00+01:00;7859.84;39362.27;24383.75;63.87
2021-01-05T15:00+01:00;7853.58;39438.15;23983.59;64.05
2021-01-05T16:00+01:00;7854.17;39391.1;23935.05;64.26
2021-01-05T17:00+01:00;7852.28;39445.46;24071.82;67.14
2021-01-05T18:00+01:00;7851.83;39338.67;23850.18;61.61
2021-01-05T19:00+01:00;7856.88;38610.35;23655.1;59.16
2021-01-05T20:00+01:00;7851.61;37777.2;23387.19;59.26
2021-01-05T21:00+01:00;7853.3;36023.02;23234.93;53.62
2021-01-05T22:00+01:00;7854.31;34701.54;22642.84;53.86
2021-01-05T23:00+01:00;7858.14;32388.18;22408.05;47.99
2021-01-06T00:00+01:00;7933.51;29751.98;21878.63;44.41
2021-01-06T01:00+01:00;8041.51;29228.26;21422.45;42.94
2021-01-06T02:00+01:00;8100.04;29076.16;21252.55;42.88
2021-01-06T03:00+01:00;8102.83;29038.98;21023.03;42.15
2021-01-06T04:00+01:00;8026.92;29687.81;20315.66;43.23
2021-01-06T05:00+01:00;8018.05;30796.21;19392.18;44.56
2021-01-06T06:00+01:00;8042.45;33331.24;19147.98;47.4
2021-01-06T07:00+01:00;8122.34;35524.18;18523.43;44.05
2021-01-06T08:00+01:00;8146.07;38202.99;18347.71;53.41
2021-01-06T09:00+01:00;8146.66;39000.02;17798.31;54.8
2021-01-06T10:00+01:00;8148.51;39856.57;17076.67;53.94
2021-01-06T11:00+01:00;8150.09;40763.57;16717.43;58.3
2021-01-06T12:00+01:00;8150.36;40850.41;16810.21;61.43
2021-01-06T13:00+01:00;8157.25;40902.74;16320.73;61.92
2021-01-06T14:00+01:00;8151.67;40972.52;15749.39;57
2021-01-06T15:00+01:00;8154.65;41194.44;15039.73;57.53
2021-01-06T16:00+01:00;8161.13;41137.44;15078.65;61.68
2021-01-06T17:00+01:00;8163.44;41086.87;15245.82;61.84
2021-01-06T18:00+01:00;8163.84;40940.67;15070.93;57.46
2021-01-06T19:00+01:00;8163.29;40968.94;14480.78;58.06
2021-01-06T20:00+01:00;8163.24;40676.53;14024.3;59.97
2021-01-06T21:00+01:00;8160.97;39961.9;13931.04;52.95
2021-01-06T22:00+01:00;8160.07;38681.47;13980.11;52.95
2021-01-06T23:00+01:00;8155.94;36441.09;13815.51;49.53
2021-01-07T00:00+01:00;8150.7;34582.64;13426.94;51.03
2021-01-07T01:00+01:00;8152.31;34095.75;13338.39;50.18
2021-01-07T02:00+01:00;8158.52;33352.37;13380.79;48.97
2021-01-07T03:00+01:00;8157.67;32785.9;13588.64;46.72
2021-01-07T04:00+01:00;8155.14;33347.57;13760.9;46.87
2021-01-07T05:00+01:00;8162.66;36267.87;13950.43;50.08
2021-01-07T06:00+01:00;8164.13;40140.46;13968.83;57.34
2021-01-07T07:00+01:00;8169.58;42041.47;13819.26;67.8
2021-01-07T08:00+01:00;8168.12;43061.96;13780.66;86.51
2021-01-07T09:00+01:00;8160.86;43087.09;14018.57;86.54
2021-01-07T10:00+01:00;8163.87;43078.11;14531.34;85.08
2021-01-07T11:00+01:00;8163.67;43119.4;15116.67;88.74
2021-01-07T12:00+01:00;8163.76;43071.37;15298.98;88.76
2021-01-07T13:00+01:00;8165.83;43084.65;14881.05;84.31
2021-01-07T14:00+01:00;8165.92;42709.85;13870.51;80.4
2021-01-07T15:00+01:00;8168.39;42955.78;12949.74;83.57
2021-01-07T16:00+01:00;8170.64;42924.97;13146.8;89.68
2021-01-07T17:00+01:00;8180.03;42897.8;13687.29;100
2021-01-07T18:00+01:00;8174.58;42463.11;14389.51;90.43
2021-01-07T19:00+01:00;8172.64;42193.15;14585.23;80.28
2021-01-07T20:00+01:00;8166.88;41220.22;14254.64;66.8
2021-01-07T21:00+01:00;8161.65;40050.76;14002.94;60.22
2021-01-07T22:00+01:00;8156.22;39567.93;13766.47;59.69
2021-01-07T23:00+01:00;8151.9;38664.72;13797.04;52.25
2021-01-08T00:00+01:00;8144.99;36976.64;13729.37;50.53
2021-01-08T01:00+01:00;8153.85;35816.19;13467.88;48.43
2021-01-08T02:00+01:00;8155.32;35403.55;13319.77;47.24
2021-01-08T03:00+01:00;8145.79;35269.25;13340.07;45.61
2021-01-08T04:00+01:00;8156;35310.67;13310.02;46.81
2021-01-08T05:00+01:00;8164.14;37573.07;13182.82;51.57
2021-01-08T06:00+01:00;8150.26;40908.33;13084.39;60.67
2021-01-08T07:00+01:00;8151.39;42065.46;13292.06;79.56
2021-01-08T08:00+01:00;8162.3;43420.45;13324.05;103.54
2021-01-08T09:00+01:00;8163.18;43802.58;13330.88;110.45
2021-01-08T10:00+01:00;8161.58;43798.47;13800.19;109.96
2021-01-08T11:00+01:00;8156.78;43354.48;14225.45;106.82
2021-01-08T12:00+01:00;8154.11;43354.5;14189.37;102.37
2021-01-08T13:00+01:00;8154.23;43245.06;13756.15;97.61
2021-01-08T14:00+01:00;8154.25;42978.13;13020.38;95
2021-01-08T15:00+01:00;8155.03;42881.41;12527.98;95.42
2021-01-08T16:00+01:00;8151.48;43332.7;12340.64;95
2021-01-08T17:00+01:00;8150.37;43353.51;12975.1;110
2021-01-08T18:00+01:00;8151.45;43470.6;12997.48;102.41
2021-01-08T19:00+01:00;8152.05;43437.8;12793.4;88.05
2021-01-08T20:00+01:00;8155.68;41938.82;12403.37;64.24
2021-01-08T21:00+01:00;8160.07;40629.83;12375.39;59.43
2021-01-08T22:00+01:00;8161.84;39985.84;12188.31;57.6
2021-01-08T23:00+01:00;8152.69;37360.65;12095.92;51.75
2021-01-09T00:00+01:00;8136.41;34645.91;11853.82;54.73
2021-01-09T01:00+01:00;8143.44;33996.39;11714.94;52.39
2021-01-09T02:00+01:00;8143.17;33993.83;11626.85;51.67
2021-01-09T03:00+01:00;8139.53;34159.3;11559.03;50.88
2021-01-09T04:00+01:00;8153.02;34170.49;11500.87;50.02
2021-01-09T05:00+01:00;8149.59;34245.09;11421.85;49.1
2021-01-09T06:00+01:00;8147.94;34801.62;11253.04;49.57
2021-01-09T07:00+01:00;8153.31;36570.45;10940.54;53.82
2021-01-09T08:00+01:00;8160.65;38795.7;10851.48;59.8
2021-01-09T09:00+01:00;8153.77;39302.64;11168;66.92
2021-01-09T10:00+01:00;8164.21;39428.1;12079.13;67.71
2021-01-09T11:00+01:00;8155.77;39490;12883.01;68
2021-01-09T12:00+01:00;8154.9;39583.08;13085.5;67.01
2021-01-09T13:00+01:00;8161.05;39513.56;12602.5;62.53
2021-01-09T14:00+01:00;8160.39;39429.06;11533.02;60
2021-01-09T15:00+01:00;8164.64;39757.37;10163.6;60
2021-01-09T16:00+01:00;8169.05;39860.42;9450.74;62.78
2021-01-09T17:00+01:00;8143.16;39801.06;9592.48;69.92
2021-01-09T18:00+01:00;8135.51;39683.78;9630.42;71.99
2021-01-09T19:00+01:00;8133.24;39918.17;9498.78;68.95
2021-01-09T20:00+01:00;8022.42;39481.52;9493.89;62.66
2021-01-09T21:00+01:00;7814.25;38596.26;9488.29;56.54
2021-01-09T22:00+01:00;7672.5;37603.34;9600.45;55.81
2021-01-09T23:00+01:00;7573;35981.75;9849.2;50.85
2021-01-10T00:00+01:00;7668.73;33322.28;10363.57;54.65
2021-01-10T01:00+01:00;7871.01;31404.38;10793.31;51.79
2021-01-10T02:00+01:00;7927.46;30445.65;11549.18;50.58
2021-01-10T03:00+01:00;7933;30159.66;11962.98;47.98
2021-01-10T04:00+01:00;7933.79;30025.2;12611.54;47.6
2021-01-10T05:00+01:00;7925.14;30166.14;13014.75;47.59
2021-01-10T06:00+01:00;7927.94;29863.99;13701.33;42.09
2021-01-10T07:00+01:00;7930.4;30581.56;14451.94;44.56
2021-01-10T08:00+01:00;7925.94;31443.72;15451.89;49.46
2021-01-10T09:00+01:00;7929.12;32492.99;17359.59;54.96
2021-01-10T10:00+01:00;7928.29;32582.58;20360.43;53.63
2021-01-10T11:00+01:00;7927.38;32563.33;22945.96;55.57
2021-01-10T12:00+01:00;7915.82;32076.56;24863.78;54.17
2021-01-10T13:00+01:00;7909.18;31376.82;25506.76;52.62
2021-01-10T14:00+01:00;7913.66;31167.67;24176.59;53.18
2021-01-10T15:00+01:00;7920.33;31985.98;21796.35;54.85
2021-01-10T16:00+01:00;7917.51;32875.13;20583.26;56.52
2021-01-10T17:00+01:00;7925.72;33491.76;22016.06;62.09
2021-01-10T18:00+01:00;8094.27;33262.59;22258.41;63.41
2021-01-10T19:00+01:00;8139.93;32870.5;22524.69;56.39
2021-01-10T20:00+01:00;8140.24;32457.09;22379.56;55.64
2021-01-10T21:00+01:00;8143.93;31521.11;21899.75;53.33
2021-01-10T22:00+01:00;8144.75;31146.18;21377.66;52.05
2021-01-10T23:00+01:00;8024.87;28528.79;22081.25;37.24
2021-01-11T00:00+01:00;7842.84;27084.23;23040.81;44.9
2021-01-11T01:00+01:00;7811.92;26489.62;25116.15;44.74
2021-01-11T02:00+01:00;7815.26;25961.26;26117.55;45.06
2021-01-11T03:00+01:00;7835.46;25645.46;26870.5;44.07
2021-01-11T04:00+01:00;7832.66;26466.32;27902.33;44.53
2021-01-11T05:00+01:00;7842.51;28030.81;28882.35;42.74
2021-01-11T06:00+01:00;7844.48;31015.73;30110.27;54.62
2021-01-11T07:00+01:00;7851.5;32191.22;31193.99;67.11
2021-01-11T08:00+01:00;7855.36;32925.23;32410.39;70.59
2021-01-11T09:00+01:00;7854.93;33421.22;34007.9;58.32
2021-01-11T10:00+01:00;7854.19;33440.05;36143.24;55.89
2021-01-11T11:00+01:00;7763.38;33811.75;37589.21;54.49
2021-01-11T12:00+01:00;7666.9;33901.59;38371.55;53.35
2021-01-11T13:00+01:00;7634.84;33766.74;38600.55;48.39
2021-01-11T14:00+01:00;7632.13;33685.36;38105.34;49.57
2021-01-11T15:00+01:00;7636.34;33761.48;37645.04;50.96
2021-01-11T16:00+01:00;7559.21;33714.28;38002.31;49.12
2021-01-11T17:00+01:00;7525.54;33727.84;39249.65;53.44
2021-01-11T18:00+01:00;7516.27;32823.94;40605.32;47.94
2021-01-11T19:00+01:00;7518.33;31338.74;41032.25;42.16
2021-01-11T20:00+01:00;7460.65;28350.08;42129.58;38.03
2021-01-11T21:00+01:00;7458.85;24231.67;42929.94;34.24
2021-01-11T22:00+01:00;7441.78;22268.17;42402.09;34.01
2021-01-11T23:00+01:00;7394.92;20861.97;43099.82;27.39
2021-01-12T00:00+01:00;7437.89;18657.27;44284.76;18.96
2021-01-12T01:00+01:00;7355.94;18464.13;44737.19;15.82
2021-01-12T02:00+01:00;7473.32;18474.85;43141.86;19
2021-01-12T03:00+01:00;7450.52;18631.91;41749.65;24.14
2021-01-12T04:00+01:00;7336.72;19699.79;40007.88;27
2021-01-12T05:00+01:00;7213.53;22319.59;38913.81;35.94
2021-01-12T06:00+01:00;7340.82;26920.98;37800.38;40.96
2021-01-12T07:00+01:00;7573.18;30632.26;35999.65;54.51
2021-01-12T08:00+01:00;7663.05;32028.32;34389.73;60.64
2021-01-12T09:00+01:00;7736.51;32252.62;33636.34;54.96
2021-01-12T10:00+01:00;7916.26;32606.02;33950.3;56.5
2021-01-12T11:00+01:00;7982.48;33661.99;34515.36;57.88
2021-01-12T12:00+01:00;7968.44;33614.94;35769.26;59.64
2021-01-12T13:00+01:00;7954.54;32987.25;36890.59;54.94
2021-01-12T14:00+01:00;7958.3;32932.69;36076.03;51.55
2021-01-12T15:00+01:00;7960.4;33856.11;34916.69;55.56
2021-01-12T16:00+01:00;7962.79;34504.58;34952.49;63.01
2021-01-12T17:00+01:00;7924.69;34428.41;35510.42;64.6
2021-01-12T18:00+01:00;7701.51;33256.05;36483.17;61.89
2021-01-12T19:00+01:00;7588.16;32348.18;37016.68;54.9
2021-01-12T20:00+01:00;7578.08;30340.16;37197.4;53.25
2021-01-12T21:00+01:00;7537.55;28674.77;37250.11;44.84
2021-01-12T22:00+01:00;7553.81;27388.26;36530.24;38.68
2021-01-12T23:00+01:00;7539.68;25353.47;36484.19;37.24
2021-01-13T00:00+01:00;7556.72;23050.26;36504.67;34.59
2021-01-13T01:00+01:00;7568.13;21890.1;35971.71;33.47
2021-01-13T02:00+01:00;7563.57;21618.81;36400.73;32.36
2021-01-13T03:00+01:00;7572.95;21787.77;37095.01;30.84
2021-01-13T04:00+01:00;7567.98;22773.47;37422.58;31.68
2021-01-13T05:00+01:00;7570.28;24883.33;37898.67;36.81
2021-01-13T06:00+01:00;7627.49;27872.17;38614.86;41.87
2021-01-13T07:00+01:00;7565.39;28761.25;39751.11;46.21
2021-01-13T08:00+01:00;7582.66;29392.69;40601.16;56.14
2021-01-13T09:00+01:00;7563.29;29353.42;42276.76;47.71
2021-01-13T10:00+01:00;7550.54;29027;45584.88;46.23
2021-01-13T11:00+01:00;7565.08;28052.55;48393.43;43.82
2021-01-13T12:00+01:00;7552.8;27392.14;50035.59;41.22
2021-01-13T13:00+01:00;7543.62;26790.44;50694.41;40.04
2021-01-13T14:00+01:00;7547.38;26825.96;49894.01;39.47
2021-01-13T15:00+01:00;7549.73;27100.08;47521;41.17
2021-01-13T16:00+01:00;7542.22;27702.57;46668.08;45.91
2021-01-13T17:00+01:00;7541.94;27908.36;46117.91;55.49
2021-01-13T18:00+01:00;7547.52;27011.13;44957.28;54.51
2021-01-13T19:00+01:00;7538.86;26950.34;43814.01;49.28
2021-01-13T20:00+01:00;7549.24;26556.45;42799.79;48.65
2021-01-13T21:00+01:00;7546.03;26052.39;41387.12;41.89
2021-01-13T22:00+01:00;7531.14;25618.06;40148.57;41
2021-01-13T23:00+01:00;7518.43;24459.08;41036.07;38.97
2021-01-14T00:00+01:00;7356.61;21507.51;41419.43;37.3
2021-01-14T01:00+01:00;7500.69;20705.12;40692.15;36.91
2021-01-14T02:00+01:00;7795.74;20729.63;39070.61;36.98
2021-01-14T03:00+01:00;7977.86;21785.13;37223.17;39.82
2021-01-14T04:00+01:00;8058.74;25390.37;34115.45;43.2
2021-01-14T05:00+01:00;8137.33;29539.97;31271.53;46.45
2021-01-14T06:00+01:00;8139.41;34665.92;28221.58;60.04
2021-01-14T07:00+01:00;8165.51;39406.78;24916.42;79.9
2021-01-14T08:00+01:00;8164.61;40508.85;21436.82;88.82
2021-01-14T09:00+01:00;8173.23;41649.49;19472.5;89.27
2021-01-14T10:00+01:00;8180.43;41829.57;18474.71;89.63
2021-01-14T11:00+01:00;8175.89;41334.02;17884.94;91.05
2021-01-14T12:00+01:00;8172.46;41536.06;17114.88;88.75
2021-01-14T13:00+01:00;8173.67;41698.85;15986.73;87.1
2021-01-14T14:00+01:00;8181.73;41883.9;14655.86;83.98
2021-01-14T15:00+01:00;8188.68;42519.43;13510.57;79.96
2021-01-14T16:00+01:00;8193.19;42981.22;13482.1;83.42
2021-01-14T17:00+01:00;8189.8;42885.2;14690.54;100.67
2021-01-14T18:00+01:00;8186.72;42766.95;15222.08;90.16
2021-01-14T19:00+01:00;8186.37;42496.22;14805.97;87.7
2021-01-14T20:00+01:00;8185.83;41059.34;14445.43;74.58
2021-01-14T21:00+01:00;8181.96;39310.63;14582.46;62.74
2021-01-14T22:00+01:00;8179.29;37847.85;14528.28;59.82
2021-01-14T23:00+01:00;8178.52;35925.33;14694.16;55.6
2021-01-15T00:00+01:00;8174.15;34528.1;15114.63;48.98
2021-01-15T01:00+01:00;8174.54;34143.41;15278.33;48.66
2021-01-15T02:00+01:00;8163.37;33521.22;15462.24;47.7
2021-01-15T03:00+01:00;8164.83;33533.57;15768.24;46.6
2021-01-15T04:00+01:00;8175.63;33523.61;15759.76;48
2021-01-15T05:00+01:00;8164.83;36160.81;16697.1;51.52
2021-01-15T06:00+01:00;8168.94;39424.96;17057.14;62.97
2021-01-15T07:00+01:00;8186.43;42203.84;16373.14;77.94
2021-01-15T08:00+01:00;8191.18;43336.61;16487.77;94.07
2021-01-15T09:00+01:00;8196.19;44301.95;16994.92;97.76
2021-01-15T10:00+01:00;8200.2;44501.54;17848.92;90.69
2021-01-15T11:00+01:00;8202.33;44066.26;18561.15;86.97
2021-01-15T12:00+01:00;8200.3;44402.15;19057.97;79.25
2021-01-15T13:00+01:00;8195.31;43731.03;18895.48;76.64
2021-01-15T14:00+01:00;8192.91;43806.07;17820.58;77.14
2021-01-15T15:00+01:00;8195.12;44352.62;16143.3;76.98
2021-01-15T16:00+01:00;8197.1;44912.55;15023.68;82
2021-01-15T17:00+01:00;8196.55;44964.97;14338.64;99.5
2021-01-15T18:00+01:00;8197.13;44794.36;13799.77;98.02
2021-01-15T19:00+01:00;8199.04;44394.35;13269.05;95.01
2021-01-15T20:00+01:00;8198.99;43546.02;12500.61;77.2
2021-01-15T21:00+01:00;8190.26;41834.41;11786.38;67.18
2021-01-15T22:00+01:00;8184.28;40562.94;11553.4;63.19
2021-01-15T23:00+01:00;8179.23;37780.43;11403.18;55.42
2021-01-16T00:00+01:00;8179.2;34654.27;11360.45;58.41
2021-01-16T01:00+01:00;8177.48;34026.82;11476.02;55.65
2021-01-16T02:00+01:00;8172.33;33687.17;11396.92;52.16
2021-01-16T03:00+01:00;8176.25;33556.66;11348.24;51.18
2021-01-16T04:00+01:00;8180.86;33401.12;11518.66;49.51
2021-01-16T05:00+01:00;8185.45;33375.57;11720.72;48.52
2021-01-16T06:00+01:00;8185.43;33922.47;11784.52;48.74
2021-01-16T07:00+01:00;8176.59;35347.2;11930.91;51.43
2021-01-16T08:00+01:00;8110.39;37107.86;12366.68;61.16
2021-01-16T09:00+01:00;7876.58;37753.18;13453.34;64.75
2021-01-16T10:00+01:00;8076.81;37849.05;15087.4;63.77
2021-01-16T11:00+01:00;8143.76;37915.91;17047.46;62.13
2021-01-16T12:00+01:00;8140.57;37632.57;19132.33;55.01
2021-01-16T13:00+01:00;8138.44;37214.8;19699.09;50.66
2021-01-16T14:00+01:00;8156.68;37033.75;19102.05;49.48
2021-01-16T15:00+01:00;8186.08;37259.27;18217.55;50.65
2021-01-16T16:00+01:00;8184.72;37547.16;17951.42;57.7
2021-01-16T17:00+01:00;8183.4;38127.25;18155.92;65.01
2021-01-16T18:00+01:00;8177.6;38349.74;18920.38;66.4
2021-01-16T19:00+01:00;8182.02;38557.76;18405.21;63.76
2021-01-16T20:00+01:00;8166.42;37400.43;17951.63;57.47
2021-01-16T21:00+01:00;8169.57;34833.29;17687.55;52.98
2021-01-16T22:00+01:00;8174.1;33161.18;16909.83;53.2
2021-01-16T23:00+01:00;8172.73;31820.2;16055.6;50.56
2021-01-17T00:00+01:00;8169.19;30627.66;15078.18;47.99
2021-01-17T01:00+01:00;8167.55;29596.35;14167.57;47.74
2021-01-17T02:00+01:00;8164.24;29115.98;13568.48;47.18
2021-01-17T03:00+01:00;8163.04;29047.07;13154.82;46.09
2021-01-17T04:00+01:00;8166.86;28637.87;12979.33;45.8
2021-01-17T05:00+01:00;8108.88;28708.23;12953.27;45.42
2021-01-17T06:00+01:00;7881.37;28988.63;13013.94;46.46
2021-01-17T07:00+01:00;8060.47;30109.97;12957.26;47.64
2021-01-17T08:00+01:00;8169;32828.24;13023.27;47.42
2021-01-17T09:00+01:00;8171.23;34928.88;13620.35;51.13
2021-01-17T10:00+01:00;8180.25;35934.64;13989.16;56.5
2021-01-17T11:00+01:00;8181.58;36361.61;14275.19;59.94
2021-01-17T12:00+01:00;8174.49;36403.24;14354.16;55.51
2021-01-17T13:00+01:00;8177.42;36536.33;13839.96;52.82
2021-01-17T14:00+01:00;8187.78;36323.07;12447.3;49.95
2021-01-17T15:00+01:00;8188.11;36337.34;11322.36;53.48
2021-01-17T16:00+01:00;8196.09;36388.79;10709.2;60.6
2021-01-17T17:00+01:00;8187.39;36599.53;11388.17;67.05
2021-01-17T18:00+01:00;8189.03;36423.37;12213.99;72
2021-01-17T19:00+01:00;8179.81;36155.2;13483.65;67.78
2021-01-17T20:00+01:00;8164.77;35750.78;14542.35;62.45
2021-01-17T21:00+01:00;8164.6;35037.08;15429.31;56.61
2021-01-17T22:00+01:00;8156.13;34451.4;16407.76;57.07
2021-01-17T23:00+01:00;8155.71;32901.92;17232.34;51.34
2021-01-18T00:00+01:00;8138.25;31562.17;17507.86;50.22
2021-01-18T01:00+01:00;8135.93;31387.93;17742.94;47.94
2021-01-18T02:00+01:00;8138.8;31449.14;17655.81;47.67
2021-01-18T03:00+01:00;8137.69;31402.29;17629.62;46.6
2021-01-18T04:00+01:00;8146.72;31487.94;17944.07;46.72
2021-01-18T05:00+01:00;8145.09;32902.09;19269.82;47.58
2021-01-18T06:00+01:00;8143.54;35959.14;21079.64;61.19
2021-01-18T07:00+01:00;8142.47;37935.66;22952.71;73.06
2021-01-18T08:00+01:00;8148.39;38644.13;24548.6;78.92
2021-01-18T09:00+01:00;8148.58;39125.74;26350.74;75.65
2021-01-18T10:00+01:00;8053.68;39256.07;28229.73;72.03
2021-01-18T11:00+01:00;7935.68;39358.73;30898.81;66.39
2021-01-18T12:00+01:00;7926.21;39166.34;33074.04;60.06
2021-01-18T13:00+01:00;7927.29;38755.12;34227.28;57.7
2021-01-18T14:00+01:00;7938.39;37727.23;35114.32;59.41
2021-01-18T15:00+01:00;7937.83;37438.8;35264.5;57.39
2021-01-18T16:00+01:00;8001;36512.19;35879.22;54.54
2021-01-18T17:00+01:00;8122.37;36689.9;36868.84;59.94
2021-01-18T18:00+01:00;8122.74;36662.29;37962.51;55.08
2021-01-18T19:00+01:00;8123.72;34807.86;38571.42;51.42
2021-01-18T20:00+01:00;8117.21;31107.75;38570.29;46.97
2021-01-18T21:00+01:00;8065.65;29322.1;38402.11;45.63
2021-01-18T22:00+01:00;7983.74;27874.62;37625.56;42.95
2021-01-18T23:00+01:00;7883.68;26067.46;37764.46;37.83
2021-01-19T00:00+01:00;7917.34;24080.48;37597.7;36.68
2021-01-19T01:00+01:00;7882.43;23545.97;37258.61;35.94
2021-01-19T02:00+01:00;7872.41;23504.83;37025.31;34.74
2021-01-19T03:00+01:00;7874.51;24250.56;37223.33;35.96
2021-01-19T04:00+01:00;7827.78;24049.17;38052.38;36.7
2021-01-19T05:00+01:00;7853.48;24637.65;39091.69;37.95
2021-01-19T06:00+01:00;7896.9;27184.16;40490.3;41.59
2021-01-19T07:00+01:00;7899.88;29656.14;41623.48;46.68
2021-01-19T08:00+01:00;8023.85;30470.23;42181.44;55.15
2021-01-19T09:00+01:00;8125.04;30297.04;42676.93;54.5
2021-01-19T10:00+01:00;8148.83;30375.7;43890.14;52.73
2021-01-19T11:00+01:00;8148.83;30526.91;44091.66;54.5
2021-01-19T12:00+01:00;8149.13;31837.3;43131.89;52.21
2021-01-19T13:00+01:00;8146.41;32363.12;40939.6;52.11
2021-01-19T14:00+01:00;8142.24;32622.33;39290.19;52.37
2021-01-19T15:00+01:00;8140.53;32617.36;38126.19;51.34
2021-01-19T16:00+01:00;8138.13;33031.78;37773.58;51.89
2021-01-19T17:00+01:00;8076.8;32765.58;38617.59;54.7
2021-01-19T18:00+01:00;7994.3;32314.17;39533.85;52.75
2021-01-19T19:00+01:00;7896.99;30844.58;40970.82;45.39
2021-01-19T20:00+01:00;7883.19;27539.89;42498.52;40.37
2021-01-19T21:00+01:00;7874.93;23582.76;44171.38;37.28
2021-01-19T22:00+01:00;7843.7;21539.66;44233.8;35.39
2021-01-19T23:00+01:00;7676.35;18591.75;44884.17;29.98
2021-01-20T00:00+01:00;7538.47;17022.37;44475.32;30.33
2021-01-20T01:00+01:00;7544.5;17505.51;43990.77;28.4
2021-01-20T02:00+01:00;7552.06;17530.11;43589.79;26.62
2021-01-20T03:00+01:00;7512.94;17938.96;43441.33;25.13
2021-01-20T04:00+01:00;7507.36;18207.94;43521.05;28.76
2021-01-20T05:00+01:00;7509.37;19605.93;44083.57;30.92
2021-01-20T06:00+01:00;7464.11;21727.83;45133.9;35.56
2021-01-20T07:00+01:00;7478.12;24068.49;44898.59;40.23
2021-01-20T08:00+01:00;7475.06;24836.02;44824.08;42.27
2021-01-20T09:00+01:00;7428.71;24846.14;46249.49;38.9
2021-01-20T10:00+01:00;7451.75;24717.84;47854.8;38.01
2021-01-20T11:00+01:00;7439.87;24871;50117.52;37.95
2021-01-20T12:00+01:00;7388.36;24538.02;50469.65;37.92
2021-01-20T13:00+01:00;7389.95;24317.95;49292.96;36.84
2021-01-20T14:00+01:00;7394.34;24365.48;46115.34;36.8
2021-01-20T15:00+01:00;7408.39;24040.81;43039.86;38.92
2021-01-20T16:00+01:00;7418.25;23819.73;42081.19;40.3
2021-01-20T17:00+01:00;7414.91;23555.5;43702.02;51.39
2021-01-20T18:00+01:00;7413.02;24134.08;45319.78;57.52
2021-01-20T19:00+01:00;7468.22;22950.88;45465.52;45.34
2021-01-20T20:00+01:00;7600.59;21502.12;45744.4;35.9
2021-01-20T21:00+01:00;7606.54;19335.59;45588.84;31.97
2021-01-20T22:00+01:00;7630.93;18022.02;45085.72;29.49
2021-01-20T23:00+01:00;7614.03;16928.84;45565.91;25.3
2021-01-21T00:00+01:00;7443.21;15626.9;46239.91;24.85
2021-01-21T01:00+01:00;7427.64;15469.9;46924.31;19.32
2021-01-21T02:00+01:00;7137.88;15278.9;47892.9;8.94
2021-01-21T03:00+01:00;6890.71;15034.61;48510.09;0.9
2021-01-21T04:00+01:00;6747.1;14972.5;49057.98;0.02
2021-01-21T05:00+01:00;7080.18;15038.61;50831.1;13.69
2021-01-21T06:00+01:00;7332.24;15294.33;52338.8;27.47
2021-01-21T07:00+01:00;7763.65;17385.54;51895.28;35.32
2021-01-21T08:00+01:00;7879.77;20140.82;49950.77;37.23
2021-01-21T09:00+01:00;7865.83;20507.42;50604.29;35.29
2021-01-21T10:00+01:00;7838.04;20431.38;53879.52;33.01
2021-01-21T11:00+01:00;7862.54;19657.56;54874.8;33.38
2021-01-21T12:00+01:00;7864.99;19598.81;54160.13;33.69
2021-01-21T13:00+01:00;7854.1;19829.18;51835.32;35.34
2021-01-21T14:00+01:00;7856.72;20566;48124.07;37.11
2021-01-21T15:00+01:00;7844.2;21415.41;44015.72;42.52
2021-01-21T16:00+01:00;7743.21;22235.76;43018.72;44.67
2021-01-21T17:00+01:00;7666.61;22439.45;43188.64;45.63
2021-01-21T18:00+01:00;7498.2;22444.66;42709.57;45.05
2021-01-21T19:00+01:00;7443.18;22566.81;42922.63;44.91
2021-01-21T20:00+01:00;7451.73;21298.36;42632.46;35.59
2021-01-21T21:00+01:00;7466.1;18888.5;42474.23;31.96
2021-01-21T22:00+01:00;7455.22;17264.84;42734.19;31.81
2021-01-21T23:00+01:00;7383.93;15233.4;44423.12;24.09
2021-01-22T00:00+01:00;7369.05;14111.55;46024.03;9.1
2021-01-22T01:00+01:00;7388.78;13922.51;46339.52;13.92
2021-01-22T02:00+01:00;7426.79;13957.98;47068.79;11.08
2021-01-22T03:00+01:00;7218.79;14144.99;47124.56;11.51
2021-01-22T04:00+01:00;7149.7;14639.26;47771.28;16.24
2021-01-22T05:00+01:00;7363.45;15690.16;47357.13;28.49
2021-01-22T06:00+01:00;7592.44;19577.16;45970.35;32.23
2021-01-22T07:00+01:00;7626.52;23932.24;43050.38;37.66
2021-01-22T08:00+01:00;7564.72;25347.88;39773.09;51.52
2021-01-22T09:00+01:00;7369.56;27248.18;38264.03;45.42
2021-01-22T10:00+01:00;7528.3;28548.79;38466.12;46.95
2021-01-22T11:00+01:00;7538.78;31191.59;38244.87;50.06
2021-01-22T12:00+01:00;7534.38;32399.24;38151.33;52.08
2021-01-22T13:00+01:00;7520.26;32613.21;36978.15;50.69
2021-01-22T14:00+01:00;7514.52;33321.17;33796.33;51.36
2021-01-22T15:00+01:00;7656.39;34277.73;29201.28;54.49
2021-01-22T16:00+01:00;7772.43;34673.32;26206.83;57.31
2021-01-22T17:00+01:00;7780.06;35110.83;25422.54;64.48
2021-01-22T18:00+01:00;7782.08;35313.5;26178.55;66.77
2021-01-22T19:00+01:00;7786;34535.13;26490.21;63.89
2021-01-22T20:00+01:00;7790.55;33838.75;26264.05;54.93
2021-01-22T21:00+01:00;7792.03;32423.33;25326.41;52.91
2021-01-22T22:00+01:00;7844.48;31388.89;24246.29;51.79
2021-01-22T23:00+01:00;7772.64;29621.1;22743.78;45.82
2021-01-23T00:00+01:00;7774.48;27505.07;21670.59;44.61
2021-01-23T01:00+01:00;7927.48;27015.12;20266.78;43.39
2021-01-23T02:00+01:00;7932.65;26426.98;18463.41;44.38
2021-01-23T03:00+01:00;7934.51;26400.57;17793.02;42.31
2021-01-23T04:00+01:00;7939.65;25931.37;17262.5;38.91
2021-01-23T05:00+01:00;8055.71;26433.61;17489.39;41.97
2021-01-23T06:00+01:00;8120.14;27297.68;18595.72;42.4
2021-01-23T07:00+01:00;8097.95;28484.47;19729.08;45.88
2021-01-23T08:00+01:00;8106.07;29758.93;21564.09;50
2021-01-23T09:00+01:00;8124.28;30289.1;23358.22;56.92
2021-01-23T10:00+01:00;8124.1;30472.07;25319.77;58.15
2021-01-23T11:00+01:00;8128.04;30409.79;25949.03;58.95
2021-01-23T12:00+01:00;8128.38;30803.65;25729.2;56.63
2021-01-23T13:00+01:00;8127.84;30693.48;23819.81;52
2021-01-23T14:00+01:00;8124.29;31297.47;20683.69;51
2021-01-23T15:00+01:00;8128.4;32063.28;16673.86;53.65
2021-01-23T16:00+01:00;8129.89;33202.04;14274.01;58.3
2021-01-23T17:00+01:00;8134.95;33806.69;14655.23;63.09
2021-01-23T18:00+01:00;8135.88;33869.84;15635.52;66.13
2021-01-23T19:00+01:00;8138.64;33570.75;15572.23;63.29
2021-01-23T20:00+01:00;8134.54;33246.58;14522.47;58.16
2021-01-23T21:00+01:00;8136.81;32834.3;13425.47;52.8
2021-01-23T22:00+01:00;8148.4;31933.64;12883.59;51.2
2021-01-23T23:00+01:00;8147.24;30153.09;12671.53;47.18
2021-01-24T00:00+01:00;8138.61;28343.64;12653.81;44.8
2021-01-24T01:00+01:00;8059.69;27161.92;13523.32;40.67
2021-01-24T02:00+01:00;8108.56;25465.97;14430.44;41.24
2021-01-24T03:00+01:00;8138.09;24542.81;15198.92;40.24
2021-01-24T04:00+01:00;8141.34;24728.98;15600.65;39.78
2021-01-24T05:00+01:00;8106.24;25390.83;16375.53;39.9
2021-01-24T06:00+01:00;7874.63;25851.62;17153.99;40.56
2021-01-24T07:00+01:00;7711.42;27148.79;17457.61;41.97
2021-01-24T08:00+01:00;7700.13;29010.89;17852.98;46
2021-01-24T09:00+01:00;7699.53;30724.53;19334.84;50.54
2021-01-24T10:00+01:00;7863.64;31834.53;20855.98;53.09
2021-01-24T11:00+01:00;7957.04;32163.52;21470.04;54.34
2021-01-24T12:00+01:00;7962.11;31934.75;21100.16;51.86
2021-01-24T13:00+01:00;7974.49;31751.85;20342.71;45.99
2021-01-24T14:00+01:00;7978.46;31467.28;18714.11;44.34
2021-01-24T15:00+01:00;7983.38;31898.31;16369.91;45.93
2021-01-24T16:00+01:00;7988.74;33043.1;14339.74;52
2021-01-24T17:00+01:00;8005.88;33844.25;13657.38;61.98
2021-01-24T18:00+01:00;8006.66;33963.93;13601.13;65
2021-01-24T19:00+01:00;8014.7;33970.66;13231.17;62.91
2021-01-24T20:00+01:00;8015.79;33530.03;13005.85;59.3
2021-01-24T21:00+01:00;8023.32;33414.78;13048.5;55.76
2021-01-24T22:00+01:00;8029.76;33165.87;12896.4;53.93
2021-01-24T23:00+01:00;8031.06;32303.95;12790.84;47.89
2021-01-25T00:00+01:00;7959.41;31494.1;12513.66;46.62
2021-01-25T01:00+01:00;8043.87;31409.34;12037.08;43.09
2021-01-25T02:00+01:00;8055.24;31396.92;11491.39;43
2021-01-25T03:00+01:00;8066.18;31731.97;10988.37;42.59
2021-01-25T04:00+01:00;8065.84;32506.21;11059.32;42.2
2021-01-25T05:00+01:00;8082.67;36021.4;10881.24;45.66
2021-01-25T06:00+01:00;8094.87;39581.53;10320.4;61.95
2021-01-25T07:00+01:00;8103.84;41686.69;10319.9;70
2021-01-25T08:00+01:00;8124.65;42810.68;10569.27;75.62
2021-01-25T09:00+01:00;8147.83;43901.94;11757.94;79.67
2021-01-25T10:00+01:00;8153.09;43919.43;13135.5;74.95
2021-01-25T11:00+01:00;8155.99;43606.13;14898.15;72.2
2021-01-25T12:00+01:00;8158.54;43891.27;15954.39;69.02
2021-01-25T13:00+01:00;8160.16;43366.36;16563.96;67
2021-01-25T14:00+01:00;8166.93;43384.45;16137.21;65.91
2021-01-25T15:00+01:00;8173.18;43643.7;14884.11;66.01
2021-01-25T16:00+01:00;8182.91;43767.41;14462.84;67.35
2021-01-25T17:00+01:00;8183.63;43839.36;16447.5;71.69
2021-01-25T18:00+01:00;8181.14;44052.76;18730.54;71.41
2021-01-25T19:00+01:00;8177.73;43583.95;19612.72;65.17
2021-01-25T20:00+01:00;8173.6;42195.59;20000.22;62.52
2021-01-25T21:00+01:00;8165.96;40737.59;20126.63;55.26
2021-01-25T22:00+01:00;8164.5;38486.25;19659.53;53.5
2021-01-25T23:00+01:00;8157.2;35908.88;19600.8;47.7
2021-01-26T00:00+01:00;8143.31;32939.97;19725.46;50.95
2021-01-26T01:00+01:00;8135.67;31947.46;20345.79;49.57
2021-01-26T02:00+01:00;8134.26;31359.48;20895.34;46.9
2021-01-26T03:00+01:00;8142.06;31380.29;21636.36;44.69
2021-01-26T04:00+01:00;8144.65;31829.69;22343.04;46.1
2021-01-26T05:00+01:00;8149.7;35185.36;22725.47;51.02
2021-01-26T06:00+01:00;8135.43;39667.6;23523.47;57.33
2021-01-26T07:00+01:00;8143.93;41517.24;23005.08;69.05
2021-01-26T08:00+01:00;8178.75;42008.44;21964.97;73.95
2021-01-26T09:00+01:00;8178.97;42021.7;22253.6;71.73
2021-01-26T10:00+01:00;8175.34;41869.59;23334.37;73.91
2021-01-26T11:00+01:00;8174.78;41847.86;24843.04;72
2021-01-26T12:00+01:00;8174.6;41699.99;25276.97;70
2021-01-26T13:00+01:00;8169.54;41789.18;24620.17;65.91
2021-01-26T14:00+01:00;8164.97;41816.35;23292.66;66.33
2021-01-26T15:00+01:00;8166.86;41928.87;21977.83;68.15
2021-01-26T16:00+01:00;8169.92;41970.41;21765.8;68.75
2021-01-26T17:00+01:00;8168.49;41704.25;22726.99;73.73
2021-01-26T18:00+01:00;8168.36;41643.82;23398.44;70.36
2021-01-26T19:00+01:00;8165.79;41511.54;23346.65;63.15
2021-01-26T20:00+01:00;8165.06;40974.42;23733.07;61.98
2021-01-26T21:00+01:00;8163.38;38241.44;23972.72;54.93
2021-01-26T22:00+01:00;8155.89;34257.38;23893.43;54.71
2021-01-26T23:00+01:00;8155.03;31364.71;22986.52;47.77
2021-01-27T00:00+01:00;8083;30263.54;22444.17;46.83
2021-01-27T01:00+01:00;8156.68;29362.69;22347.29;44.97
2021-01-27T02:00+01:00;8115.64;28684.69;23153.69;43.32
2021-01-27T03:00+01:00;8061.6;28207.22;23630.92;42.04
2021-01-27T04:00+01:00;8150.99;29087.57;24374.45;42.27
2021-01-27T05:00+01:00;8158.33;32150.11;23912.24;44.93
2021-01-27T06:00+01:00;8156.76;36911.06;23277.04;51.25
2021-01-27T07:00+01:00;8157.56;40801.63;22607.82;61.57
2021-01-27T08:00+01:00;8161.4;42243.79;23018.75;66.79
2021-01-27T09:00+01:00;8166.2;41970.58;24091.23;66.12
2021-01-27T10:00+01:00;8171.95;41697.05;25133.69;65.47
2021-01-27T11:00+01:00;8171.21;42095.8;25690.74;65.94
2021-01-27T12:00+01:00;8178.21;42264.74;25379.8;65.78
2021-01-27T13:00+01:00;8181.51;42127.71;23450.8;65.54
2021-01-27T14:00+01:00;8180.49;41995.35;21136.73;65.84
2021-01-27T15:00+01:00;8173.26;41751.4;19357.08;66.16
2021-01-27T16:00+01:00;8178.1;41350.77;18776.32;65.9
2021-01-27T17:00+01:00;8180.66;41532.08;19566.95;68.17
2021-01-27T18:00+01:00;8173.86;41643.65;20289.9;70.48
2021-01-27T19:00+01:00;8166.69;41497.52;20844.43;63.99
2021-01-27T20:00+01:00;8163.96;41244.01;20936.36;59.64
2021-01-27T21:00+01:00;8157.08;40381.06;21531.25;55.75
2021-01-27T22:00+01:00;8156.49;38063.5;21958.06;53.1
2021-01-27T23:00+01:00;8150.34;35688.23;22035.17;49.94
2021-01-28T00:00+01:00;8157.35;32628.9;22071.75;46.87
2021-01-28T01:00+01:00;8152.79;31543.18;21448.59;44.93
2021-01-28T02:00+01:00;8152.62;30695.09;20651.8;43.83
2021-01-28T03:00+01:00;8132.45;30105.68;19840.32;42.4
2021-01-28T04:00+01:00;8154.52;30683.59;19395.9;43.64
2021-01-28T05:00+01:00;8155.42;32891.15;18590.76;44.41
2021-01-28T06:00+01:00;8161.78;37500.98;17752.96;53.52
2021-01-28T07:00+01:00;8161.07;40495.68;17155.73;63.46
2021-01-28T08:00+01:00;8174.99;41008.33;17186.38;68.39
2021-01-28T09:00+01:00;8168.62;40979.59;18682.37;66.7
2021-01-28T10:00+01:00;8170.47;40989.26;20309.98;64.98
2021-01-28T11:00+01:00;8164.15;40837.69;21383.84;64
2021-01-28T12:00+01:00;8163.79;40894.06;21684.78;60.74
2021-01-28T13:00+01:00;8157.93;40721.41;21762.06;60.08
2021-01-28T14:00+01:00;8153.77;39372.36;21361.65;59.6
2021-01-28T15:00+01:00;8153.35;39051.05;19852.22;56.71
2021-01-28T16:00+01:00;8149.56;39621.01;18773.87;55
2021-01-28T17:00+01:00;8147.87;39631.7;19527.28;60.62
2021-01-28T18:00+01:00;8154.47;39588.48;20862.51;63.33
2021-01-28T19:00+01:00;8140.91;37746.97;21380.19;60.7
2021-01-28T20:00+01:00;8135.61;37631.61;20737.42;54.92
2021-01-28T21:00+01:00;8124.85;35417.24;19380.65;52.02
2021-01-28T22:00+01:00;8116.26;32659.88;18549.69;51.02
2021-01-28T23:00+01:00;8024.98;28553.35;19671.79;45.51
2021-01-29T00:00+01:00;7943.88;24927.67;20490.59;42.71
2021-01-29T01:00+01:00;7954.06;24130.91;21143.4;39.86
2021-01-29T02:00+01:00;7893.61;23986.91;21918.9;38.42
2021-01-29T03:00+01:00;7984.25;23458.06;23626.97;37.85
2021-01-29T04:00+01:00;8076.31;23713.82;25440.28;37.61
2021-01-29T05:00+01:00;8088.78;25476.96;27938.74;39.83
2021-01-29T06:00+01:00;8102.08;28439.44;30723.95;45
2021-01-29T07:00+01:00;8098.87;31217.01;32685.71;55.42
2021-01-29T08:00+01:00;8106.32;31627.76;34529.38;58.56
2021-01-29T09:00+01:00;8113.44;31591.49;36644.17;58.88
2021-01-29T10:00+01:00;8096.49;31213.08;38954.49;56.67
2021-01-29T11:00+01:00;8097.75;30066.96;41115.09;54.73
2021-01-29T12:00+01:00;8087.74;29626.16;41997.5;53.42
2021-01-29T13:00+01:00;8088.42;28754.71;41839.38;49.01
2021-01-29T14:00+01:00;8102.02;28462.28;40192.73;46.02
2021-01-29T15:00+01:00;8097.31;28641.12;37208.04;50.69
2021-01-29T16:00+01:00;8090.09;29733.41;34536.8;54.98
2021-01-29T17:00+01:00;8090.17;30386.14;32792.79;59.54
2021-01-29T18:00+01:00;8098.87;30380.89;32608.52;60.79
2021-01-29T19:00+01:00;8108.28;30154.39;32337.03;59.38
2021-01-29T20:00+01:00;8105.61;28553.47;32803.28;54.34
2021-01-29T21:00+01:00;8114.16;27636.26;33212.98;50.03
2021-01-29T22:00+01:00;8133.92;26404.35;31633.85;45.9
2021-01-29T23:00+01:00;8138.16;24845.58;30530.63;42.79
2021-01-30T00:00+01:00;8132.65;22777.73;29065.58;42.02
2021-01-30T01:00+01:00;8134.52;21965.04;27884.57;39.42
2021-01-30T02:00+01:00;8143.21;21682.67;26308.2;37.54
2021-01-30T03:00+01:00;8150.48;21467.73;24682.64;35.81
2021-01-30T04:00+01:00;8159.17;21901.06;22775.39;34.86
2021-01-30T05:00+01:00;8169.23;22754.09;20976.51;38.09
2021-01-30T06:00+01:00;8162.31;24033.38;19233.3;41.08
2021-01-30T07:00+01:00;8146.02;25875.18;17759.59;43.35
2021-01-30T08:00+01:00;8149.19;28210.53;16573.32;48.74
2021-01-30T09:00+01:00;8161.55;29577.48;16144.35;57.73
2021-01-30T10:00+01:00;8162.55;29935.17;16528.93;57.81
2021-01-30T11:00+01:00;8159.29;30019.73;17123.91;57.78
2021-01-30T12:00+01:00;8156.27;29545.89;16787.57;55.13
2021-01-30T13:00+01:00;8153.36;29371.18;15687.77;50.6
2021-01-30T14:00+01:00;8159.57;28604.4;14840.97;47.99
2021-01-30T15:00+01:00;8164;28947.12;13948.79;48.05
2021-01-30T16:00+01:00;8170.26;28980.02;13403.79;56.58
2021-01-30T17:00+01:00;8173.25;29298.4;13942.82;60.58
2021-01-30T18:00+01:00;8171.49;29444.09;14380.05;61.65
2021-01-30T19:00+01:00;8177.07;29639.31;14265.02;59.62
2021-01-30T20:00+01:00;8177.6;29050.03;14405.07;52.78
2021-01-30T21:00+01:00;8176.98;27847.63;15122.16;46.96
2021-01-30T22:00+01:00;8171;26592.74;15865.14;46.98
2021-01-30T23:00+01:00;8155.01;25126.81;16535.88;42.3
2021-01-31T00:00+01:00;8162.9;23288.27;16352.16;42.08
2021-01-31T01:00+01:00;8175.63;23167.09;16052.63;40.98
2021-01-31T02:00+01:00;8178.25;22643.01;16145.92;40.51
2021-01-31T03:00+01:00;8183.37;21833.33;15938.77;39.5
2021-01-31T04:00+01:00;8184.06;21966.49;15870.85;38.61
2021-01-31T05:00+01:00;8182.75;22191.4;16359.96;40.41
2021-01-31T06:00+01:00;8165.64;23088.88;16380.02;40.37
2021-01-31T07:00+01:00;8173.53;23974.42;17208.93;41.29
2021-01-31T08:00+01:00;8178.83;24360.39;17845.67;44.85
2021-01-31T09:00+01:00;8174.01;24876.74;19070.62;49.15
2021-01-31T10:00+01:00;8170.66;25318.58;20515.21;50.73
2021-01-31T11:00+01:00;8169.12;25221.04;21673.53;51.14
2021-01-31T12:00+01:00;8165.64;25085.49;21913.12;50.37
2021-01-31T13:00+01:00;8172;24739.39;21016.93;46.23
2021-01-31T14:00+01:00;8170.77;24877.25;18729.03;45.9
2021-01-31T15:00+01:00;8173.74;25561.07;15380.09;47.92
2021-01-31T16:00+01:00;8169.49;27610.81;13056.69;52.92
2021-01-31T17:00+01:00;8165.82;28782.72;13923.49;64.46
2021-01-31T18:00+01:00;8168.6;29395.53;15817.3;63.88
2021-01-31T19:00+01:00;8167.41;29343.82;17347.83;62.35
2021-01-31T20:00+01:00;8162.28;28876.65;18313.47;57.99
2021-01-31T21:00+01:00;8160.1;27282.61;19088.27;51.34
2021-01-31T22:00+01:00;8167.5;25931.41;19527.34;49.28
2021-01-31T23:00+01:00;8170.41;24980.26;20102;45.36
2021-02-01T00:00+01:00;8209.26;24362.52;20473.92;41.18
2021-02-01T01:00+01:00;8204.45;23817.59;20839.98;40
2021-02-01T02:00+01:00;8207.04;23512.76;21326.45;40
2021-02-01T03:00+01:00;8206.95;23589.33;21922.93;38.51
2021-02-01T04:00+01:00;8206.79;24823.63;22763.08;36.48
2021-02-01T05:00+01:00;8204.32;27589.12;23451.26;39.99
2021-02-01T06:00+01:00;8208.54;32281.82;24063.08;53.94
2021-02-01T07:00+01:00;8187.21;37234.6;24413.11;63.39
2021-02-01T08:00+01:00;8194.52;38566.48;24429.34;64.81
2021-02-01T09:00+01:00;8197.01;39123.97;24158.93;65.1
2021-02-01T10:00+01:00;8198.35;39179.23;23569.87;64.66
2021-02-01T11:00+01:00;8200.2;39303.66;23007.77;65.57
2021-02-01T12:00+01:00;8201.42;39862.63;21771.05;64.46
2021-02-01T13:00+01:00;8204.32;39911.09;19970.69;64.76
2021-02-01T14:00+01:00;8205.24;39955.17;17904.82;64
2021-02-01T15:00+01:00;8196.81;39878.65;16304.49;63.3
2021-02-01T16:00+01:00;8181.31;39796.39;15015.43;64.26
2021-02-01T17:00+01:00;8167.85;39963.94;14693.33;70.17
2021-02-01T18:00+01:00;8178.67;39951.04;14236.46;81.58
2021-02-01T19:00+01:00;8184.42;39209.18;13666.13;69.9
2021-02-01T20:00+01:00;8177.54;38628.07;13227.41;62.29
2021-02-01T21:00+01:00;8179.08;38162.14;13042.72;56.36
2021-02-01T22:00+01:00;8182.58;36768.03;13012.25;55.25
2021-02-01T23:00+01:00;8177.45;33607.75;13165.69;49.4
2021-02-02T00:00+01:00;8179.89;32228.73;13502.01;46.13
2021-02-02T01:00+01:00;8181.21;30322.82;13975.42;45.05
2021-02-02T02:00+01:00;8189.21;29078.93;14074.43;43.59
2021-02-02T03:00+01:00;8191.61;29084.23;13884.91;42.08
2021-02-02T04:00+01:00;8204.04;30065.2;14026.42;43.98
2021-02-02T05:00+01:00;8206.03;32915.16;13568.93;46.09
2021-02-02T06:00+01:00;8199.49;36501.29;13249.86;58.17
2021-02-02T07:00+01:00;8196.27;38955.63;13231.76;63.34
2021-02-02T08:00+01:00;8202.57;39342.7;14033.6;78.13
2021-02-02T09:00+01:00;8198;39342.34;15375.4;69.46
2021-02-02T10:00+01:00;8195.68;39528.01;16882.33;66.28
2021-02-02T11:00+01:00;8192.96;39594.33;18218.75;65.17
2021-02-02T12:00+01:00;8177.26;39192.27;19058.47;61.47
2021-02-02T13:00+01:00;8116.52;38958.91;19248.41;61.04
2021-02-02T14:00+01:00;8083.46;38810.78;19448.99;59.47
2021-02-02T15:00+01:00;8124.09;38974.22;19496.99;54.45
2021-02-02T16:00+01:00;8162.52;39148.1;19497.44;47.97
2021-02-02T17:00+01:00;8159.5;39392.2;21102.48;58.14
2021-02-02T18:00+01:00;8153.83;39281.71;22719.6;58.18
2021-02-02T19:00+01:00;8155.13;38511.82;23596.89;58.06
2021-02-02T20:00+01:00;8129.32;34447.74;24836.42;49.96
2021-02-02T21:00+01:00;8125.55;29506.02;25499.83;47.47
2021-02-02T22:00+01:00;8113.87;27163.46;26686.28;46.54
2021-02-02T23:00+01:00;8122.93;24154.09;27063.56;40.62
2021-02-03T00:00+01:00;8130.47;20645.54;27848.09;35.58
2021-02-03T01:00+01:00;8130.05;18813.42;28185.36;31.41
2021-02-03T02:00+01:00;8128.36;18349.16;28406.24;30.78
2021-02-03T03:00+01:00;8128.33;18349.09;28922.8;29.99
2021-02-03T04:00+01:00;8124.5;19441.71;29465.59;31.76
2021-02-03T05:00+01:00;8117.55;21528.17;30389.92;37.91
2021-02-03T06:00+01:00;8112.97;26354.44;30769.12;41.2
2021-02-03T07:00+01:00;8100.69;31784.94;30917.63;55.91
2021-02-03T08:00+01:00;8108.91;32632.17;29854.62;56.08
2021-02-03T09:00+01:00;8109.79;32951.51;29598.5;56.08
2021-02-03T10:00+01:00;8108.88;32928.09;29847.41;54.03
2021-02-03T11:00+01:00;8105.61;33085.01;29216.9;56.97
2021-02-03T12:00+01:00;8106.69;32921.57;29103.12;54.31
2021-02-03T13:00+01:00;8106.68;32567.16;30409.21;51.79
2021-02-03T14:00+01:00;8096.07;31488.82;32386.69;45.92
2021-02-03T15:00+01:00;8103.74;30565.76;33108.64;43.62
2021-02-03T16:00+01:00;8102.36;30836.13;33871.34;42.01
2021-02-03T17:00+01:00;8094.25;31619.02;34686.08;48.01
2021-02-03T18:00+01:00;8098.72;32013.44;36237.06;53.25
2021-02-03T19:00+01:00;8098.08;30658;36919.91;50.86
2021-02-03T20:00+01:00;8044.52;27253.25;37391.79;43.71
2021-02-03T21:00+01:00;8101.43;23902.81;38129.52;41.79
2021-02-03T22:00+01:00;8120.04;21994.39;37738.25;40.15
2021-02-03T23:00+01:00;8117.28;20561.76;37090.53;35.51
2021-02-04T00:00+01:00;7930.15;19208.12;36351.68;33.87
2021-02-04T01:00+01:00;7810.02;18527.04;35942.28;33.39
2021-02-04T02:00+01:00;7809.25;18036.23;35162.58;32.89
2021-02-04T03:00+01:00;7813.47;18076.58;33831.05;31.99
2021-02-04T04:00+01:00;7815.67;19392.32;32677.77;35.2
2021-02-04T05:00+01:00;7806.95;22167.41;31960.45;39.37
2021-02-04T06:00+01:00;7813.53;27958.15;31042.45;48.32
2021-02-04T07:00+01:00;7820.18;32666.28;29163.85;57.15
2021-02-04T08:00+01:00;7828.38;34842.1;28276.7;59.19
2021-02-04T09:00+01:00;7830.84;34675.7;29297.93;57.7
2021-02-04T10:00+01:00;7835.4;34761.64;30842.21;54.94
2021-02-04T11:00+01:00;7895.31;35706.85;31334.09;56.43
2021-02-04T12:00+01:00;8099.59;35965.26;30356.47;56.09
2021-02-04T13:00+01:00;8158.39;36153.27;27758.99;55.69
2021-02-04T14:00+01:00;8156.4;36279.53;23518.06;56.56
2021-02-04T15:00+01:00;7016.83;36801.32;18908.26;58.19
2021-02-04T16:00+01:00;6757;36864.56;15067.12;59.42
2021-02-04T17:00+01:00;6752.66;37661.96;14507.65;71.5
2021-02-04T18:00+01:00;6757.17;37861.22;15749.27;71.5
2021-02-04T19:00+01:00;6759.28;37375.25;16569.39;67.51
2021-02-04T20:00+01:00;6764.85;36618.34;16856.04;59.39
2021-02-04T21:00+01:00;6767.03;35381.27;17382.03;53.78
2021-02-04T22:00+01:00;6771.4;32758.28;17671.27;52.7
2021-02-04T23:00+01:00;6779.6;30114.69;18470.94;46.22
2021-02-05T00:00+01:00;6778.5;27976.78;19374.83;45.57
2021-02-05T01:00+01:00;6781.81;26161.35;19960.06;44.01
2021-02-05T02:00+01:00;6783.92;25128.66;20274.94;42.24
2021-02-05T03:00+01:00;6787.67;24910.81;20523.97;41.2
2021-02-05T04:00+01:00;6791.47;25333.84;21070.85;40.52
2021-02-05T05:00+01:00;6791.03;26495.24;21878.45;43.36
2021-02-05T06:00+01:00;6783.01;31248.22;22868.18;50.43
2021-02-05T07:00+01:00;6778.12;32876.66;24219.18;58.65
2021-02-05T08:00+01:00;6783.86;33212.63;25775.07;62.02
2021-02-05T09:00+01:00;7690.11;33363.31;27802.74;61.03
2021-02-05T10:00+01:00;8168.63;33082.07;29476.16;59.54
2021-02-05T11:00+01:00;8161.07;32627.84;30452.73;58.54
2021-02-05T12:00+01:00;8149.33;32426.95;31006.64;57.9
2021-02-05T13:00+01:00;8145.33;31903.53;30657.61;54.51
2021-02-05T14:00+01:00;8144.59;31260.14;29134.8;50
2021-02-05T15:00+01:00;8139.25;31759.92;27604.1;48
2021-02-05T16:00+01:00;8138.49;31740.34;26693.72;49.69
2021-02-05T17:00+01:00;8136.49;31954.05;27088.66;56.92
2021-02-05T18:00+01:00;8138.33;32137.62;27399.36;58.63
2021-02-05T19:00+01:00;8138.88;32419.8;27430.45;57.46
2021-02-05T20:00+01:00;8134.89;31476.24;27647.14;51.1
2021-02-05T21:00+01:00;8088.15;28820.22;27444.59;49.89
2021-02-05T22:00+01:00;7896.98;26025.72;27190.8;48.49
2021-02-05T23:00+01:00;7881.89;22408.45;27942.86;43.58
2021-02-06T00:00+01:00;7837.33;18860.34;28162.64;40.68
2021-02-06T01:00+01:00;7828.66;16787.19;28414.88;39
2021-02-06T02:00+01:00;7872.83;15474.13;28850.69;38.33
2021-02-06T03:00+01:00;7897.78;15097.8;29214.78;35.08
2021-02-06T04:00+01:00;7893.18;15206.77;29742.86;34.9
2021-02-06T05:00+01:00;7893.84;15245.54;30388.63;35.07
2021-02-06T06:00+01:00;7888.05;15394.84;31880.64;35.2
2021-02-06T07:00+01:00;7869.18;16016.58;33281.34;36.93
2021-02-06T08:00+01:00;7890.28;17767.1;34523.04;41.89
2021-02-06T09:00+01:00;7885.41;17985.16;36550.56;43.15
2021-02-06T10:00+01:00;7887.47;18055.97;38692.19;43.5
2021-02-06T11:00+01:00;7888.31;18593.29;40638.47;43.47
2021-02-06T12:00+01:00;7894.66;18412.68;41082.33;41.14
2021-02-06T13:00+01:00;7897.7;18124.25;40819.28;35.46
2021-02-06T14:00+01:00;7896.91;17611.68;40523.43;35.37
2021-02-06T15:00+01:00;7889.72;17562.1;40667.05;33.13
2021-02-06T16:00+01:00;7843.83;17594.23;41463.07;30.92
2021-02-06T17:00+01:00;7897.29;17083.5;43563.98;39.44
2021-02-06T18:00+01:00;7823.45;17092.89;45293.99;43.95
2021-02-06T19:00+01:00;7827.5;16588.27;45630.21;42.98
2021-02-06T20:00+01:00;7794.97;15607.4;44861.03;35.31
2021-02-06T21:00+01:00;7630.69;14999.9;44639.68;30.29
2021-02-06T22:00+01:00;7787.39;14729.2;43468.31;26.03
2021-02-06T23:00+01:00;7518.23;14282.09;43843.02;11.94
2021-02-07T00:00+01:00;6834.74;13902.81;40768.5;-1.24
2021-02-07T01:00+01:00;6651.97;13919.36;40712.97;-1.59
2021-02-07T02:00+01:00;6543.3;13953.72;40757.86;-0.02
2021-02-07T03:00+01:00;6468.9;13823.46;39833.88;-0.04
2021-02-07T04:00+01:00;6446.26;13929.55;39810;-2.01
2021-02-07T05:00+01:00;6519.43;13997.16;39856.78;-0.09
2021-02-07T06:00+01:00;6503.24;14117.64;40099.38;-3.84
2021-02-07T07:00+01:00;6730.42;14202.34;40280.63;-0.09
2021-02-07T08:00+01:00;7112.98;14709.91;40234.29;-2.38
2021-02-07T09:00+01:00;7700.5;14805.57;42578.59;12.03
2021-02-07T10:00+01:00;7707.91;15284.99;43375.82;28.56
2021-02-07T11:00+01:00;7746.1;16238.05;43673.03;37.02
2021-02-07T12:00+01:00;7764.61;16457.93;43209.52;37.32
2021-02-07T13:00+01:00;7759.66;16113.86;42479.36;26.97
2021-02-07T14:00+01:00;7763;15536.43;41603.1;16.53
2021-02-07T15:00+01:00;7775.72;15635.1;40757.02;20.92
2021-02-07T16:00+01:00;7773.09;16447.19;39786.2;28.17
2021-02-07T17:00+01:00;7762.23;17212.02;39715.64;39.14
2021-02-07T18:00+01:00;7783.06;18596.6;39789.62;43.44
2021-02-07T19:00+01:00;7787.53;18687.8;39564.76;40.71
2021-02-07T20:00+01:00;7779.58;17908.49;39403.96;37.05
2021-02-07T21:00+01:00;7773.66;17125.22;39356.13;36.55
2021-02-07T22:00+01:00;7785.95;16815.66;37895.95;39.89
2021-02-07T23:00+01:00;7790.21;16629.96;37055.97;32.05
2021-02-08T00:00+01:00;7857.63;16750.3;36130.99;7.69
2021-02-08T01:00+01:00;7889.21;17449.51;35129.3;4.59
2021-02-08T02:00+01:00;7890.12;17989.49;34668.09;14.05
2021-02-08T03:00+01:00;7887.17;18464.3;33776.32;12.79
2021-02-08T04:00+01:00;7906.16;19812.53;33176.67;0.09
2021-02-08T05:00+01:00;7873.86;22471.1;32871.78;20.54
2021-02-08T06:00+01:00;7787.03;26005.45;33253.38;43.97
2021-02-08T07:00+01:00;7807.9;30481.63;32589.69;55.63
2021-02-08T08:00+01:00;7826.39;33437.52;33041.54;58.14
2021-02-08T09:00+01:00;7833.35;34713.84;33341.77;56.75
2021-02-08T10:00+01:00;7831.67;35297.2;33881;55.88
2021-02-08T11:00+01:00;7828.77;35602.61;34470.5;57.22
2021-02-08T12:00+01:00;7823.54;35447.49;34032.65;55.58
2021-02-08T13:00+01:00;7824.8;35339.31;33185.22;55.5
2021-02-08T14:00+01:00;7824.32;35573.28;31336.11;48.88
2021-02-08T15:00+01:00;7821.79;35782.74;28837.58;54.96
2021-02-08T16:00+01:00;7899.68;36993.5;27213.41;55.06
2021-02-08T17:00+01:00;7988.72;37119.73;26827.72;61.45
2021-02-08T18:00+01:00;8021.74;37483.65;26262.68;64.32
2021-02-08T19:00+01:00;8018.03;37424.03;25391.05;61.62
2021-02-08T20:00+01:00;8019.23;36792.89;24041.11;55.56
2021-02-08T21:00+01:00;8026.53;35810.58;22767.77;49.83
2021-02-08T22:00+01:00;8028.57;34950.15;21305.85;49.05
2021-02-08T23:00+01:00;8024.99;34235.97;20932.44;45.29
2021-02-09T00:00+01:00;8035.76;31992.02;20736.42;47.75
2021-02-09T01:00+01:00;8047.85;31430.18;20680.3;47.02
2021-02-09T02:00+01:00;8049.75;31470.88;20624.98;46.66
2021-02-09T03:00+01:00;8044.02;31213.48;20765.42;46.05
2021-02-09T04:00+01:00;8054.22;31829.51;20966.47;46.4
2021-02-09T05:00+01:00;8050.04;33408.19;20821.96;47.97
2021-02-09T06:00+01:00;8022.54;37100.95;20798.78;58.16
2021-02-09T07:00+01:00;8003.36;39589.99;20960.4;72.98
2021-02-09T08:00+01:00;8130.28;40739.98;21169.77;80.64
2021-02-09T09:00+01:00;8190.62;41166.75;21119.21;80.85
2021-02-09T10:00+01:00;8206.82;40728.43;21471.06;79.98
2021-02-09T11:00+01:00;8200.61;40565.28;21345.97;75.51
2021-02-09T12:00+01:00;8201.47;41172.4;20935.32;69.89
2021-02-09T13:00+01:00;8201.05;42078.89;20172.86;70.26
2021-02-09T14:00+01:00;8202.82;42470.44;18844.06;70.37
2021-02-09T15:00+01:00;8208.37;42085.14;17654.71;71.82
2021-02-09T16:00+01:00;8199.81;42232.32;16295.2;71.02
2021-02-09T17:00+01:00;8191.15;42794.47;15973.14;79.06
2021-02-09T18:00+01:00;8186.69;42950.22;16234.01;80
2021-02-09T19:00+01:00;8185.64;42629.02;16568.82;74
2021-02-09T20:00+01:00;8189.29;41034.54;16666.59;64.95
2021-02-09T21:00+01:00;8203.66;39306.94;16639.17;56.62
2021-02-09T22:00+01:00;8201.87;37823.6;16356.76;55.67
2021-02-09T23:00+01:00;8204.97;36340.66;15829.22;50.09
2021-02-10T00:00+01:00;8204.29;34186.69;15348.93;51.5
2021-02-10T01:00+01:00;8207.02;33548.51;14700.85;49.55
2021-02-10T02:00+01:00;8211.29;33356.13;14715.43;48.35
2021-02-10T03:00+01:00;8212.62;32870.7;14983.94;47.5
2021-02-10T04:00+01:00;8215.37;33360.09;15867.11;47.68
2021-02-10T05:00+01:00;8207.09;34872.71;16591.61;49.2
2021-02-10T06:00+01:00;8210.66;38571.83;17750.98;60
2021-02-10T07:00+01:00;8203.99;40275.4;18506.38;76.38
2021-02-10T08:00+01:00;8221.96;41387.36;18735.19;92.33
2021-02-10T09:00+01:00;8220;41654.65;18846.65;98.62
2021-02-10T10:00+01:00;8208.44;41894.47;19266.13;93.68
2021-02-10T11:00+01:00;8212.99;41816.55;19553.56;88.32
2021-02-10T12:00+01:00;8206.6;41860.9;19696.49;79.99
2021-02-10T13:00+01:00;8218.52;42267.96;19565.57;75.91
2021-02-10T14:00+01:00;8204.74;42245.59;19424.62;74.96
2021-02-10T15:00+01:00;8212.02;42427.05;18563.28;76.19
2021-02-10T16:00+01:00;8216.31;42445.13;17965.78;80.18
2021-02-10T17:00+01:00;8214.72;42534.57;18599.17;94.15
2021-02-10T18:00+01:00;8207.75;42435.33;19485.31;109.86
2021-02-10T19:00+01:00;8203.99;42260.57;19673.63;88.09
2021-02-10T20:00+01:00;8201.46;41930.93;19306.96;73.26
2021-02-10T21:00+01:00;8208.65;40546.93;18474.76;64.19
2021-02-10T22:00+01:00;8203.76;39727.36;17526.52;58.65
2021-02-10T23:00+01:00;8201.96;38795.48;16354.92;54.45
2021-02-11T00:00+01:00;8201.87;36602.56;15557.75;55.64
2021-02-11T01:00+01:00;8207.43;35746.78;14976.8;53.13
2021-02-11T02:00+01:00;8202.48;35380.94;14608.44;51.66
2021-02-11T03:00+01:00;8206.59;34616.63;14610.66;50.04
2021-02-11T04:00+01:00;8213.14;34802.77;14487.7;50.02
2021-02-11T05:00+01:00;8210.2;37323.29;14218.67;57.41
2021-02-11T06:00+01:00;8192.09;39466.51;14102.49;70.9
2021-02-11T07:00+01:00;8192.59;41045.38;13814.01;103.95
2021-02-11T08:00+01:00;8214.31;41803.11;13771.86;136.71
2021-02-11T09:00+01:00;8222.54;42058.65;13989.01;133.19
2021-02-11T10:00+01:00;8216.88;41962.04;14076.14;98.14
2021-02-11T11:00+01:00;8218.04;42045.06;15014.73;91.52
2021-02-11T12:00+01:00;8211.71;41506.3;15665.41;80.52
2021-02-11T13:00+01:00;8211.07;41348.11;15778.91;72.7
2021-02-11T14:00+01:00;8206.56;41166.41;15534.57;70.4
2021-02-11T15:00+01:00;8213.6;40814.71;14480.29;71.93
2021-02-11T16:00+01:00;8212.25;41308.12;12961.74;77.87
2021-02-11T17:00+01:00;8196.31;41750.8;12574.29;95.14
2021-02-11T18:00+01:00;8214.69;42284.94;13724.56;133.53
2021-02-11T19:00+01:00;8211.47;41608.59;14819.27;99.31
2021-02-11T20:00+01:00;8211.56;40925.08;15595.28;74.33
2021-02-11T21:00+01:00;8210.57;40125.32;16132.94;62.3
2021-02-11T22:00+01:00;8212.5;38790.54;16631.24;59.1
2021-02-11T23:00+01:00;8213.04;37377.6;16884.75;53.69
2021-02-12T00:00+01:00;8213.91;35580.41;17044.1;51.05
2021-02-12T01:00+01:00;8218.46;34756.73;17507.83;49.09
2021-02-12T02:00+01:00;8220.92;34191.11;17761.36;49.22
2021-02-12T03:00+01:00;8221.73;33779.42;18285.86;48.14
2021-02-12T04:00+01:00;8215.72;33381.34;19153.48;47.77
2021-02-12T05:00+01:00;8214.9;34665.09;20109.2;49.17
2021-02-12T06:00+01:00;8222.58;38114.53;20894.2;62.9
2021-02-12T07:00+01:00;8225.18;39742.93;21110.97;75.2
2021-02-12T08:00+01:00;8234.37;40278.81;21803.04;79.46
2021-02-12T09:00+01:00;8231.79;40237.54;23029.44;80.81
2021-02-12T10:00+01:00;8226.6;39728.37;23719.75;76.08
2021-02-12T11:00+01:00;8213.34;39176.78;24547.94;74.1
2021-02-12T12:00+01:00;8190.89;38640.64;25950.46;69.33
2021-02-12T13:00+01:00;8182.25;36890.93;27087.03;56.99
2021-02-12T14:00+01:00;8200.57;37151.05;26526.21;57.4
2021-02-12T15:00+01:00;8194.64;37713.23;24843.71;58.16
2021-02-12T16:00+01:00;8203.17;39158.52;21921.41;65.73
2021-02-12T17:00+01:00;8206.75;40187.3;21080.81;71.24
2021-02-12T18:00+01:00;8207.44;40354.63;22582.47;79.95
2021-02-12T19:00+01:00;8209.55;39823.03;23713.18;70.14
2021-02-12T20:00+01:00;8201.38;37857.89;24235.55;61.26
2021-02-12T21:00+01:00;8212.82;36287.98;24105.47;55.48
2021-02-12T22:00+01:00;8212.21;35778.71;23117.64;54.01
2021-02-12T23:00+01:00;8214.39;33489.12;22074.7;48.54
2021-02-13T00:00+01:00;8215.53;31933.67;21038;48.07
2021-02-13T01:00+01:00;8222.53;32016.94;20020.03;47.14
2021-02-13T02:00+01:00;8221.39;31982.93;19018.08;47.02
2021-02-13T03:00+01:00;8230.37;31790.67;18100.51;45.58
2021-02-13T04:00+01:00;8232.88;31735.66;17471.58;44.68
2021-02-13T05:00+01:00;8232.08;32027.24;17128.88;45.42
2021-02-13T06:00+01:00;8232.24;32577.8;17098.7;45.72
2021-02-13T07:00+01:00;8233.04;33712.72;16979.88;48.87
2021-02-13T08:00+01:00;8239.08;34895.27;17959.1;60.02
2021-02-13T09:00+01:00;8244.58;35444.96;19989.58;64.54
2021-02-13T10:00+01:00;8239.38;35467.02;21506.28;62.67
2021-02-13T11:00+01:00;8231.86;35415.9;22501.98;58.71
2021-02-13T12:00+01:00;8225.58;34831.67;23029.36;50.06
2021-02-13T13:00+01:00;8228.12;33768.16;22738.81;47.16
2021-02-13T14:00+01:00;8226.75;33727.1;21359.2;47.07
2021-02-13T15:00+01:00;8216.54;33894.73;18881.51;48.34
2021-02-13T16:00+01:00;8214.18;34573.45;15898.18;54.79
2021-02-13T17:00+01:00;8206.86;34978.01;15041.66;64.38
2021-02-13T18:00+01:00;8209.13;35082.36;16975.74;72.96
2021-02-13T19:00+01:00;8208.63;34955.49;18997.54;69
2021-02-13T20:00+01:00;8199.84;34010.62;20235.25;58.49
2021-02-13T21:00+01:00;8202.62;32911.87;20198.16;50.92
2021-02-13T22:00+01:00;8201.45;31898.14;19755.99;49.24
2021-02-13T23:00+01:00;8200.97;30233.8;20105.31;46.34
2021-02-14T00:00+01:00;8207.92;27068.18;20974.78;45.72
2021-02-14T01:00+01:00;8220.42;25358.51;21252.9;44.61
2021-02-14T02:00+01:00;8219.58;24587.57;20697.14;43.6
2021-02-14T03:00+01:00;8220.81;24323.26;20416.54;42.9
2021-02-14T04:00+01:00;8223.07;24174.47;20326.53;42.37
2021-02-14T05:00+01:00;8229.2;24063.77;19992.88;42.14
2021-02-14T06:00+01:00;8220.29;24312.18;20640.15;42.53
2021-02-14T07:00+01:00;8220.62;25225.66;21489.43;43.61
2021-02-14T08:00+01:00;8221.28;26559.77;23714.88;45.97
2021-02-14T09:00+01:00;8219.31;27149.99;26739.82;46.4
2021-02-14T10:00+01:00;8200.82;26945.54;29469.45;46.13
2021-02-14T11:00+01:00;8195.82;26435.21;30320.21;45.69
2021-02-14T12:00+01:00;8185.25;25691.23;30353.06;44.28
2021-02-14T13:00+01:00;8168.33;24129.6;30515.2;42.54
2021-02-14T14:00+01:00;8183.09;23341.29;29497.03;41.5
2021-02-14T15:00+01:00;8186.8;24406.78;27148.53;42.78
2021-02-14T16:00+01:00;8185.78;27238.59;24841.27;45
2021-02-14T17:00+01:00;8184.15;29737.51;25784.06;53.97
2021-02-14T18:00+01:00;8190.76;30132.15;28680.11;62.2
2021-02-14T19:00+01:00;8180.37;29192.55;30784.84;57.1
2021-02-14T20:00+01:00;8179.81;27740.57;31797.56;48.34
2021-02-14T21:00+01:00;8189.34;26596.28;32219.26;43.89
2021-02-14T22:00+01:00;8164.06;26610.41;32069.38;45.27
2021-02-14T23:00+01:00;8037.78;24930.15;32485.79;42.8
2021-02-15T00:00+01:00;7879.65;22806.76;32894.94;38.46
2021-02-15T01:00+01:00;7897.86;22235.77;33651.02;37.16
2021-02-15T02:00+01:00;7905.09;22305.57;34320.86;37.07
2021-02-15T03:00+01:00;7905.75;22137.84;34687.12;34.23
2021-02-15T04:00+01:00;7911.57;22571.88;35307.27;31.29
2021-02-15T05:00+01:00;7851.22;24946.17;35667.12;39.25
2021-02-15T06:00+01:00;7821.18;28821.04;37258.19;46.66
2021-02-15T07:00+01:00;7800.74;31913.78;37691.98;60.4
2021-02-15T08:00+01:00;7823.37;32906.74;39436.36;62.48
2021-02-15T09:00+01:00;7858.56;32220.88;40529.27;61
2021-02-15T10:00+01:00;7863.46;32922.09;40666.77;58.07
2021-02-15T11:00+01:00;7863.88;33991.52;39771.03;60.02
2021-02-15T12:00+01:00;7867.04;34493.43;37524.53;57.9
2021-02-15T13:00+01:00;7869.32;34624.78;36216.8;55.09
2021-02-15T14:00+01:00;7873.49;34829.59;33665.38;50.28
2021-02-15T15:00+01:00;7998.84;35730.03;30827.23;49.14
2021-02-15T16:00+01:00;8098.04;36441.57;28550.61;51.02
2021-02-15T17:00+01:00;8088.45;36650.63;28646.76;57.95
2021-02-15T18:00+01:00;8093.39;36655.21;29172.52;68.05
2021-02-15T19:00+01:00;8104.58;36602.6;27424.27;62.4
2021-02-15T20:00+01:00;8100.83;36032.71;25819.23;55.66
2021-02-15T21:00+01:00;8092.79;34609.9;24594.97;48.2
2021-02-15T22:00+01:00;8090.78;33692.04;23392.01;50.01
2021-02-15T23:00+01:00;8063.5;31509.95;22136.52;46.11
2021-02-16T00:00+01:00;7950.35;28100.89;21012.9;46.29
2021-02-16T01:00+01:00;7937.94;26983.18;19860.88;44.28
2021-02-16T02:00+01:00;7933.96;26253.11;19154.59;43.52
2021-02-16T03:00+01:00;7939.15;25537.72;18551.67;42.22
2021-02-16T04:00+01:00;7935.98;26180.81;18748.66;42.35
2021-02-16T05:00+01:00;8112.13;27792.5;18756.29;44.97
2021-02-16T06:00+01:00;8191.42;32031.66;18757.11;50.44
2021-02-16T07:00+01:00;8185.63;34928.57;20320.56;63.43
2021-02-16T08:00+01:00;8176.61;35433.76;20607.4;67.64
2021-02-16T09:00+01:00;8173.33;35610.95;22036.58;68.85
2021-02-16T10:00+01:00;8164.63;35460.13;24735.67;63.55
2021-02-16T11:00+01:00;8156.18;35584.94;26814.14;63.85
2021-02-16T12:00+01:00;8142.83;35718.82;28471.14;59.43
2021-02-16T13:00+01:00;8132.48;35070.55;29245.36;55.66
2021-02-16T14:00+01:00;8138.99;34742.38;29039.32;48.38
2021-02-16T15:00+01:00;8092.05;34130.67;27808.38;46.23
2021-02-16T16:00+01:00;8091.4;33832.53;27274.08;47.05
2021-02-16T17:00+01:00;8145.14;33987.21;27280.2;54.77
2021-02-16T18:00+01:00;8141.65;34028.86;29543.47;62.7
2021-02-16T19:00+01:00;7969.83;33580.87;31464.54;55.27
2021-02-16T20:00+01:00;7918.31;32810.3;31859.67;48.86
2021-02-16T21:00+01:00;7874.3;30237.69;32779.41;48.24
2021-02-16T22:00+01:00;7865;26975.8;33015.84;47.38
2021-02-16T23:00+01:00;7795.28;24277.09;33946.64;43.05
2021-02-17T00:00+01:00;7937.88;21383.09;35837.36;42.01
2021-02-17T01:00+01:00;8026.62;19222.96;38058.16;41.36
2021-02-17T02:00+01:00;7863.22;18285.4;38751.3;40
2021-02-17T03:00+01:00;8007.74;17799.43;39434.46;37.4
2021-02-17T04:00+01:00;8059.19;18128.06;39520.63;38.04
2021-02-17T05:00+01:00;8011.48;19305.76;39085.96;38.69
2021-02-17T06:00+01:00;8039.09;22211.04;39562.14;40.61
2021-02-17T07:00+01:00;8123.92;25952.46;38960.86;52.12
2021-02-17T08:00+01:00;8122.64;28240.48;38328.17;60.08
2021-02-17T09:00+01:00;8128.39;28623.2;39110.18;61.19
2021-02-17T10:00+01:00;8091.32;27210.03;41867.24;56.39
2021-02-17T11:00+01:00;8128.23;26055.23;43445.19;51.8
2021-02-17T12:00+01:00;8125.67;25400.32;44213.51;46.46
2021-02-17T13:00+01:00;8131.05;24597.82;42606.45;43.94
2021-02-17T14:00+01:00;8132.34;25059.5;39119.45;45.33
2021-02-17T15:00+01:00;8128.34;26704.99;34218.38;46.2
2021-02-17T16:00+01:00;8137.3;28832.08;29285.65;53.8
2021-02-17T17:00+01:00;8135.94;30286.69;26677.67;61
2021-02-17T18:00+01:00;8136.17;30854.29;27006.91;71.27
2021-02-17T19:00+01:00;8135.54;30857.12;27501.75;65.73
2021-02-17T20:00+01:00;8137.06;29765.51;27248.68;57.6
2021-02-17T21:00+01:00;8132.6;27162.43;27253.31;48.37
2021-02-17T22:00+01:00;8140.73;25893.34;26240.18;47.58
2021-02-17T23:00+01:00;8139.08;23395.85;25753.51;44.99
2021-02-18T00:00+01:00;8135.13;22155.71;25053.85;42.26
2021-02-18T01:00+01:00;8135.93;21581.51;24832.92;41.01
2021-02-18T02:00+01:00;8148.55;20849.74;24461.26;39.1
2021-02-18T03:00+01:00;8154.02;20219.43;24035.9;38.77
2021-02-18T04:00+01:00;8147.27;20794.83;23810.89;37.78
2021-02-18T05:00+01:00;8148.47;21732.32;24349.82;40.05
2021-02-18T06:00+01:00;8102.93;24695.79;25929.97;45.96
2021-02-18T07:00+01:00;8057.5;26658.5;27032.27;60.16
2021-02-18T08:00+01:00;8078.89;26810.54;30754.57;61.9
2021-02-18T09:00+01:00;8096.9;26324.28;35601.69;59.15
2021-02-18T10:00+01:00;8079.85;25125.93;39686.63;50.96
2021-02-18T11:00+01:00;8078.58;24557.58;42277.62;48.46
2021-02-18T12:00+01:00;8075.66;23462.04;43371.44;45.38
2021-02-18T13:00+01:00;8065.14;22640.49;42940.28;43.53
2021-02-18T14:00+01:00;8054.35;23304.44;41149.87;43.61
2021-02-18T15:00+01:00;8043.35;23150.28;39092.21;42.64
2021-02-18T16:00+01:00;7842.64;23342.95;39126.04;43.49
2021-02-18T17:00+01:00;7736.49;24894.17;41117.29;47.6
2021-02-18T18:00+01:00;7737.52;25751.89;43223.76;54
2021-02-18T19:00+01:00;7717.87;25694.53;43140.11;48.38
2021-02-18T20:00+01:00;7686.46;25199.49;42815.78;42
2021-02-18T21:00+01:00;7614.83;23431.15;40855.83;39.42
2021-02-18T22:00+01:00;7548.05;22856.74;39763.68;37.59
2021-02-18T23:00+01:00;7645.89;20527.68;39823.85;36.41
2021-02-19T00:00+01:00;7595.06;18853.66;39179.38;37.1
2021-02-19T01:00+01:00;7644.47;18909.23;38189.78;37.02
2021-02-19T02:00+01:00;7660.48;18785.44;37266.85;36.94
2021-02-19T03:00+01:00;7686.94;18188.83;36452.82;36.03
2021-02-19T04:00+01:00;7671;19143.01;35824.36;36.7
2021-02-19T05:00+01:00;7674.76;21302.53;34840.03;38.96
2021-02-19T06:00+01:00;7674.29;25133.23;33987.98;43.63
2021-02-19T07:00+01:00;7552.47;27534.13;32216.2;55.94
2021-02-19T08:00+01:00;7460.67;28308.86;32611.92;60.39
2021-02-19T09:00+01:00;7462.26;28196.69;35397.34;58
2021-02-19T10:00+01:00;7462.23;27228.77;38564.46;52.7
2021-02-19T11:00+01:00;7480.49;26910.47;39901.61;47.62
2021-02-19T12:00+01:00;7661.81;25825.87;40697.09;46.18
2021-02-19T13:00+01:00;7869.97;24692.1;39712.71;43.4
2021-02-19T14:00+01:00;8066.58;24056.4;36175.8;43.59
2021-02-19T15:00+01:00;8128.48;24757.74;29629.41;49.92
2021-02-19T16:00+01:00;8130.44;26174.16;22517.43;56.84
2021-02-19T17:00+01:00;7719.54;27235.16;20018.5;60.99
2021-02-19T18:00+01:00;7568.87;27722.58;22599.72;62.53
2021-02-19T19:00+01:00;7565.93;27148.51;25222.28;57.97
2021-02-19T20:00+01:00;7571.98;25403.43;26821.73;49.04
2021-02-19T21:00+01:00;7569.85;23099.26;27390.57;45.86
2021-02-19T22:00+01:00;7569.44;22208.5;27139.94;46.06
2021-02-19T23:00+01:00;7571.35;19866.5;27147.81;41.68
2021-02-20T00:00+01:00;7686.23;16045.66;26685.82;39.51
2021-02-20T01:00+01:00;7688.63;15154.77;26183.04;37.66
2021-02-20T02:00+01:00;7905.09;13803.35;26166.89;36.35
2021-02-20T03:00+01:00;7950.86;13226.94;26565.46;35.02
2021-02-20T04:00+01:00;7952.27;12948.97;27060.21;35.02
2021-02-20T05:00+01:00;7942.27;13152.89;27517.13;32.95
2021-02-20T06:00+01:00;7938.82;13393.85;28194.05;35.07
2021-02-20T07:00+01:00;7944.6;13912.89;29042.22;37.01
2021-02-20T08:00+01:00;7924.16;14143.82;33026.56;38.95
2021-02-20T09:00+01:00;8105.23;13749.52;37897.16;38.25
2021-02-20T10:00+01:00;8158.73;12480.13;41065.05;33.53
2021-02-20T11:00+01:00;8154.73;12274.35;42830.29;30.45
2021-02-20T12:00+01:00;8108.06;12026.74;44190.52;29.18
2021-02-20T13:00+01:00;8041.1;12120.48;43237.87;23.11
2021-02-20T14:00+01:00;8058.28;11998.52;39548.37;20.36
2021-02-20T15:00+01:00;8094.29;12352.5;33758.32;27.16
2021-02-20T16:00+01:00;8086.53;14383.74;27688.41;36.31
2021-02-20T17:00+01:00;7871.86;16402.2;27784.62;40.65
2021-02-20T18:00+01:00;7803.23;16825.13;32985.29;44.91
2021-02-20T19:00+01:00;7807.45;16076.72;35991.16;40.82
2021-02-20T20:00+01:00;7819.99;13609.17;36476.74;35.3
2021-02-20T21:00+01:00;7825.19;12722.01;36775.16;26.97
2021-02-20T22:00+01:00;7804.33;12410.77;36150.18;32.08
2021-02-20T23:00+01:00;7743.85;12418.28;36090.41;30.51
2021-02-21T00:00+01:00;7764.35;10840.15;35287.65;19.11
2021-02-21T01:00+01:00;7735.3;10856.43;34486.55;16.95
2021-02-21T02:00+01:00;7792.13;10764.45;33652.14;23.11
2021-02-21T03:00+01:00;7806.6;10630.07;32717.63;13.44
2021-02-21T04:00+01:00;7809.05;10713.53;31110.58;12.18
2021-02-21T05:00+01:00;7925.97;11098.3;30301.95;18.91
2021-02-21T06:00+01:00;8008.2;10973.09;30152.61;19.13
2021-02-21T07:00+01:00;8016.54;11403.38;30057.85;29.01
2021-02-21T08:00+01:00;8144.09;11836.64;32608.52;31.36
2021-02-21T09:00+01:00;8151.93;12031;36337.03;34.58
2021-02-21T10:00+01:00;8164.25;12019.19;37514.73;31.45
2021-02-21T11:00+01:00;8124.99;12917.92;38679.35;32.08
2021-02-21T12:00+01:00;8095.58;12266.09;39342.43;32.68
2021-02-21T13:00+01:00;7737.58;11883.49;37373.62;25.47
2021-02-21T14:00+01:00;7637.04;12219.09;33110.97;25.76
2021-02-21T15:00+01:00;7634.16;13226.86;26860.64;35.09
2021-02-21T16:00+01:00;7976.33;16308.59;19926.22;43.42
2021-02-21T17:00+01:00;8049.49;19662.24;16207.57;55.18
2021-02-21T18:00+01:00;8100.43;21214.26;18170.45;58.06
2021-02-21T19:00+01:00;8115.77;21636.21;19599.42;56.61
2021-02-21T20:00+01:00;8126.88;21201.16;20021.84;50.11
2021-02-21T21:00+01:00;8124.95;20727.57;20211.44;41.94
2021-02-21T22:00+01:00;8130.51;20110.07;20223.45;43.87
2021-02-21T23:00+01:00;8122.99;19329.66;20448.17;40.64
2021-02-22T00:00+01:00;8109.18;17915.86;20061.77;40.04
2021-02-22T01:00+01:00;8127.77;17864.26;20079.85;39.41
2021-02-22T02:00+01:00;8093.5;17667.38;20560.54;38.01
2021-02-22T03:00+01:00;8130.14;17977.51;20538.69;37.77
2021-02-22T04:00+01:00;8143.21;19078.58;20939.49;37.22
2021-02-22T05:00+01:00;8142.46;21121.81;21564.76;39.29
2021-02-22T06:00+01:00;8134.94;24861.43;22046.27;49.49
2021-02-22T07:00+01:00;8140.58;27111.42;22741.39;57.85
2021-02-22T08:00+01:00;8151.03;27410.87;25936.47;58.99
2021-02-22T09:00+01:00;8146.64;27515.6;30715.69;55.04
2021-02-22T10:00+01:00;8138.5;26665.69;35030.59;46.88
2021-02-22T11:00+01:00;8129.77;26230.2;37364.3;45.52
2021-02-22T12:00+01:00;8118.94;25926.28;38607.29;44.52
2021-02-22T13:00+01:00;8116.74;25396.31;37139.02;43.59
2021-02-22T14:00+01:00;8109.9;25613.38;33790.79;44.75
2021-02-22T15:00+01:00;8087.58;27097.87;28514.32;51.97
2021-02-22T16:00+01:00;8085;28051.33;22760.72;59.24
2021-02-22T17:00+01:00;8082.74;29085.9;20146.9;66.6
2021-02-22T18:00+01:00;8086.82;29502.78;22406.1;72.9
2021-02-22T19:00+01:00;8092.6;29192.5;25412.07;65.68
2021-02-22T20:00+01:00;8097.06;28062.73;26389.38;57.97
2021-02-22T21:00+01:00;8100.4;26172.71;26670;51.9
2021-02-22T22:00+01:00;8107.54;25131.4;26788.18;49
2021-02-22T23:00+01:00;8106.98;23336.38;26771.06;44.06
2021-02-23T00:00+01:00;8121.4;21181.08;25185.57;41.71
2021-02-23T01:00+01:00;8122.42;20566.04;23514.95;40.13
2021-02-23T02:00+01:00;8124.21;19617.17;21609.25;39.17
2021-02-23T03:00+01:00;8129.1;19327.28;21027.03;37.73
2021-02-23T04:00+01:00;8132.5;19467.28;20846.67;37.63
2021-02-23T05:00+01:00;8134.42;20894.4;21162.14;39.06
2021-02-23T06:00+01:00;8138.76;23946.81;22920.97;43.16
2021-02-23T07:00+01:00;8141.71;24996.38;25065.47;56.95
2021-02-23T08:00+01:00;8046.67;25157.47;29597.58;59.22
2021-02-23T09:00+01:00;8036.89;24639.32;34200.97;56.2
2021-02-23T10:00+01:00;8027.8;23355.88;37623.92;49.87
2021-02-23T11:00+01:00;8014.59;21735.36;40379.8;41.86
2021-02-23T12:00+01:00;8053.68;19340.76;42085.12;39.9
2021-02-23T13:00+01:00;8090.61;17900.49;41955.92;38.9
2021-02-23T14:00+01:00;8075;18081.63;39501.86;39
2021-02-23T15:00+01:00;8069.69;19901.99;33490.04;39.74
2021-02-23T16:00+01:00;8060.54;23472.65;26366.09;47.37
2021-02-23T17:00+01:00;8063.33;26021.52;23097.8;59.45
2021-02-23T18:00+01:00;8066.61;26987.8;25172.27;58.37
2021-02-23T19:00+01:00;8070.33;26810.47;27595.24;58.03
2021-02-23T20:00+01:00;8047.35;24865.38;30022.05;51.29
2021-02-23T21:00+01:00;7960.02;21697.36;31045.38;43.96
2021-02-23T22:00+01:00;7984.81;18629.69;31115.39;40.1
2021-02-23T23:00+01:00;7962.54;15679.55;31986.45;35.22
2021-02-24T00:00+01:00;7812.84;13069.37;32778.18;20.62
2021-02-24T01:00+01:00;7881.86;12936.76;33275.21;20.39
2021-02-24T02:00+01:00;7671.21;12789.83;33191.04;22.82
2021-02-24T03:00+01:00;7530.22;12767.32;32638.13;15.79
2021-02-24T04:00+01:00;7859.83;13153.88;31720.47;19.25
2021-02-24T05:00+01:00;8042.44;14454.3;31812.88;21.94
2021-02-24T06:00+01:00;8037.13;18029.81;32430.78;38.19
2021-02-24T07:00+01:00;7976.9;20563.42;33726.94;46.27
2021-02-24T08:00+01:00;7850.6;21262.83;36985.97;53.38
2021-02-24T09:00+01:00;7849.48;20916.39;41250.6;43.89
2021-02-24T10:00+01:00;7826.17;19304.79;44291.25;38.02
2021-02-24T11:00+01:00;7799.44;18088.82;46669.84;36.04
2021-02-24T12:00+01:00;7756.83;17188.66;47998.52;33.43
2021-02-24T13:00+01:00;7766.44;16963.79;47104.02;33.83
2021-02-24T14:00+01:00;7797.09;17101.77;42795.99;36.03
2021-02-24T15:00+01:00;7787.44;19267.77;35723.14;40.78
2021-02-24T16:00+01:00;7789.51;21953.38;28491.59;46.18
2021-02-24T17:00+01:00;7796.38;22776.19;24812.51;55.1
2021-02-24T18:00+01:00;7799.57;22971.32;26763.2;60.93
2021-02-24T19:00+01:00;7798.42;22502.21;28796.63;57.31
2021-02-24T20:00+01:00;7799.43;21757.51;29826.45;51.09
2021-02-24T21:00+01:00;7800.86;21062.41;30516.84;43.59
2021-02-24T22:00+01:00;7814.6;19343.02;29959.36;43.62
2021-02-24T23:00+01:00;7812.85;17269.19;29655.72;36.7
2021-02-25T00:00+01:00;7787.64;15636.26;30295.84;35.57
2021-02-25T01:00+01:00;7817.85;14710.43;29895.68;35.08
2021-02-25T02:00+01:00;7834.04;14405.57;29353.16;34.49
2021-02-25T03:00+01:00;7833.45;14672.67;28754.72;33.3
2021-02-25T04:00+01:00;7849.34;15487.62;28828.81;35.07
2021-02-25T05:00+01:00;7859.37;17508.86;29193.5;38.66
2021-02-25T06:00+01:00;7866.77;20958.01;29902.71;43.1
2021-02-25T07:00+01:00;7844.01;23465.57;31141.51;54.44
2021-02-25T08:00+01:00;7843.82;23963.09;34814.33;53.9
2021-02-25T09:00+01:00;7846.94;24070.7;39032.97;49.81
2021-02-25T10:00+01:00;7836.36;23375.77;42122.34;42.12
2021-02-25T11:00+01:00;7882.38;22476.77;44657.97;41.48
2021-02-25T12:00+01:00;8026.27;21818.57;45679.76;40.86
2021-02-25T13:00+01:00;8011.16;21624.07;44320.81;40.13
2021-02-25T14:00+01:00;8031.52;21728.96;39621.67;42.4
2021-02-25T15:00+01:00;8033.81;23047.17;32395.68;46.23
2021-02-25T16:00+01:00;8049.12;24484.35;23413.26;51.07
2021-02-25T17:00+01:00;8042.17;25734.12;18270.68;55.73
2021-02-25T18:00+01:00;8050.74;26313.87;18053.31;64.9
2021-02-25T19:00+01:00;8049.5;26280.68;19262.41;65.73
2021-02-25T20:00+01:00;8051.54;25546.31;19733.51;56.91
2021-02-25T21:00+01:00;8074.34;25356.16;18994.5;53.5
2021-02-25T22:00+01:00;8079.13;24823.17;18017.3;48.44
2021-02-25T23:00+01:00;8088.5;23673.41;17655.39;45
2021-02-26T00:00+01:00;8094.18;22293.18;17383.26;45.1
2021-02-26T01:00+01:00;8100.79;21651.7;17509.06;41.8
2021-02-26T02:00+01:00;8104.53;20812.67;18027.37;40.99
2021-02-26T03:00+01:00;8108.19;20525.86;18167.1;40.24
2021-02-26T04:00+01:00;8117.46;21178.93;18427.91;40.7
2021-02-26T05:00+01:00;8125.33;22630.93;18970.28;42.73
2021-02-26T06:00+01:00;8126.52;25088.17;18927.1;54.39
2021-02-26T07:00+01:00;8132.36;25943.81;19866.68;60.54
2021-02-26T08:00+01:00;8130.64;25964.74;23617.61;60.85
2021-02-26T09:00+01:00;8128.63;25887.01;27631.34;55.51
2021-02-26T10:00+01:00;8118.02;24886.77;32012.95;50.6
2021-02-26T11:00+01:00;8111.54;24258.2;36195.33;44.48
2021-02-26T12:00+01:00;8103.24;22478.71;37623.73;41.94
2021-02-26T13:00+01:00;8014.87;21781.11;36501.62;40.19
2021-02-26T14:00+01:00;7937.07;21968.91;33607.2;39
2021-02-26T15:00+01:00;7931.38;22561.04;29501.57;40.14
2021-02-26T16:00+01:00;7933.24;23959.13;25354.58;43.16
2021-02-26T17:00+01:00;7950.44;24935.02;22601.89;52.76
2021-02-26T18:00+01:00;8104.19;25947.54;23024.44;57.91
2021-02-26T19:00+01:00;8116.5;26343.71;24063.5;57.53
2021-02-26T20:00+01:00;8120.34;25715.78;24831.96;54.94
2021-02-26T21:00+01:00;8129.6;24558.59;24611.5;48.65
2021-02-26T22:00+01:00;8136.12;23228.43;23569.94;46.28
2021-02-26T23:00+01:00;8143.43;22436.64;22703.56;42.71
2021-02-27T00:00+01:00;7994.94;21354.54;22223.07;44
2021-02-27T01:00+01:00;8130.82;19866.31;21661.38;40.49
2021-02-27T02:00+01:00;8149.04;18825.02;21093.72;40.44
2021-02-27T03:00+01:00;8154.45;18594.39;19646.94;38.4
2021-02-27T04:00+01:00;8149.95;19261.14;18007.77;39.09
2021-02-27T05:00+01:00;8106.9;19979.89;17201.35;39.61
2021-02-27T06:00+01:00;8119.06;21479.61;16558.67;43.34
2021-02-27T07:00+01:00;8134.38;22634.68;16659.5;48.69
2021-02-27T08:00+01:00;8177.07;22410.46;18939.43;53.72
2021-02-27T09:00+01:00;8178.53;22431.66;21935.12;52.37
2021-02-27T10:00+01:00;8165.92;21741.63;25136.4;45.62
2021-02-27T11:00+01:00;8165.36;20665.12;26966.25;41
2021-02-27T12:00+01:00;8158.91;19700.75;27515.97;38.71
2021-02-27T13:00+01:00;8131.43;18501.16;27691.39;36.85
2021-02-27T14:00+01:00;8146.12;17697.86;26328.94;36.38
2021-02-27T15:00+01:00;8140.7;18698.27;22811.33;37
2021-02-27T16:00+01:00;8161.3;21280.9;17900.85;41.07
2021-02-27T17:00+01:00;8164.25;24102.52;13919.53;54.6
2021-02-27T18:00+01:00;8164.24;25269.36;14174.99;58.95
2021-02-27T19:00+01:00;8164.46;24694.05;15255.96;57.5
2021-02-27T20:00+01:00;8160.11;23678.65;15812.71;54.27
2021-02-27T21:00+01:00;8167.65;22792.95;16104.18;47.4
2021-02-27T22:00+01:00;8163.23;21879.47;15967.83;46.05
2021-02-27T23:00+01:00;8167.98;20475.3;15675.1;42.9
2021-02-28T00:00+01:00;8156.25;18809.65;15213.95;41.7
2021-02-28T01:00+01:00;8147.3;18492.51;15066.86;40.1
2021-02-28T02:00+01:00;8139.02;18335.66;15105.88;39.55
2021-02-28T03:00+00:00;8135;18027.64;14973.63;39.42
2021-02-28T04:00+01:00;8140.31;17871.67;14900.14;38.48
2021-02-28T05:00+01:00;7977.72;18206.46;14877.42;39.44
2021-02-28T06:00+01:00;7841.17;18658.06;14547.96;40.06
2021-02-28T07:00+01:00;8061.43;18841.26;15696.96;41
2021-02-28T08:00+01:00;8173.18;18811.46;20626.42;42.04
2021-02-28T09:00+01:00;8177.79;18057.81;26123.61;40.43
2021-02-28T10:00+01:00;8169.95;16131.02;31112.7;38.9
2021-02-28T11:00+01:00;8174.26;15396.96;33738.01;38.77
2021-02-28T12:00+01:00;8160.22;14843.6;34519.51;36
2021-02-28T13:00+01:00;8067.76;13841.65;33666.04;27.24
2021-02-28T14:00+01:00;7814.01;13656.44;30706.48;26.03
2021-02-28T15:00+01:00;8089.06;15284.52;25636.73;35.4
2021-02-28T16:00+01:00;8145.54;19218.93;18604.95;37.97
2021-02-28T17:00+01:00;8141.15;23913.56;12853.16;53.1
2021-02-28T18:00+01:00;8140.16;25535.19;12633.62;58.63
2021-02-28T19:00+01:00;8155.19;25591.83;13312.04;59.28
2021-02-28T20:00+01:00;8163.31;26019.38;13415.56;55.27
2021-02-28T21:00+01:00;8166.52;25699.95;13138.64;48.25
2021-02-28T22:00+01:00;8166.12;24657.14;12693.57;49.06
2021-02-28T23:00+01:00;8169.3;23964.57;12109.41;43.61
2021-03-01T00:00+01:00;8134.3;21556.29;11576.52;42.5
2021-03-01T01:00+01:00;8136.86;22122.03;11256.98;40.96
2021-03-01T02:00+01:00;8137.3;22057.1;11036.27;41
2021-03-01T03:00+01:00;8138.66;22980.76;10666.56;40.95
2021-03-01T04:00+01:00;8142.55;25262.36;10639.45;40.8
2021-03-01T05:00+01:00;8144.4;28042.51;10698.36;44.94
2021-03-01T06:00+01:00;8143.74;30347.15;10839.51;57.48
2021-03-01T07:00+01:00;8141.35;31606.48;12115.86;65.09
2021-03-01T08:00+01:00;8144.08;32206.26;16424.14;66.38
2021-03-01T09:00+01:00;8144.15;32503.7;21067.55;59.16
2021-03-01T10:00+01:00;8141.26;32118.69;25022.52;52.4
2021-03-01T11:00+01:00;8127.51;31382.89;28222.93;44.48
2021-03-01T12:00+01:00;8110.84;29262.63;30682.37;42.05
2021-03-01T13:00+01:00;8114.33;27993.42;31428.97;40.07
2021-03-01T14:00+01:00;8097.66;28246.72;29694.65;40.03
2021-03-01T15:00+01:00;8092.7;29170.46;24814.85;41.75
2021-03-01T16:00+01:00;8088.04;31178.34;17846.5;46.15
2021-03-01T17:00+01:00;8092.88;32463.54;12142.36;55.78
2021-03-01T18:00+01:00;8091.34;33538.54;12357.38;68.49
2021-03-01T19:00+01:00;8098.8;33858.35;13961.49;64.99
2021-03-01T20:00+01:00;8104.82;32732.91;14721.53;57.36
2021-03-01T21:00+01:00;8110.92;32173.97;14839.96;50.85
2021-03-01T22:00+01:00;8113.43;31284.69;14953.93;48.05
2021-03-01T23:00+01:00;8108.74;29630.49;14848.43;42.65
2021-03-02T00:00+01:00;8111.92;28725.77;14534.29;44.32
2021-03-02T01:00+01:00;8117.99;28519.33;14174.76;43.89
2021-03-02T02:00+01:00;8121.62;28288.51;13747.32;43.36
2021-03-02T03:00+01:00;8126.99;28438.57;13266.8;42.14
2021-03-02T04:00+01:00;8132.19;28862.67;13074.6;42.1
2021-03-02T05:00+01:00;8140.64;31026.09;12782.94;47.27
2021-03-02T06:00+01:00;8140.04;33191.97;12546.45;55.91
2021-03-02T07:00+01:00;8143;34282.89;13850.65;66.07
2021-03-02T08:00+01:00;8142.94;34346.25;19067.56;71.04
2021-03-02T09:00+01:00;8137.22;33729.65;25112.53;58.73
2021-03-02T10:00+01:00;8130.58;32893.57;29869.37;51.02
2021-03-02T11:00+01:00;8117.37;31440.84;33369.7;44.68
2021-03-02T12:00+01:00;8098.37;29423.14;35324.89;43.36
2021-03-02T13:00+01:00;8084.85;28843.78;35517.2;43.79
2021-03-02T14:00+01:00;8074.62;28887.12;32251.75;43.34
2021-03-02T15:00+01:00;8063.37;30437.04;26015.9;45.22
2021-03-02T16:00+01:00;8065.61;33023.11;17977.32;53.2
2021-03-02T17:00+01:00;8075.51;35135.65;11638.67;58.63
2021-03-02T18:00+01:00;8079.04;36165.35;11286.42;79.31
2021-03-02T19:00+01:00;8084.8;36322.01;12416.82;78.62
2021-03-02T20:00+01:00;8090.91;35874.78;12892.04;63.45
2021-03-02T21:00+01:00;8104.03;35405.05;12954.43;56.92
2021-03-02T22:00+01:00;8105.23;35046.27;12333.08;55.48
2021-03-02T23:00+01:00;8109.62;34360.14;11741.65;52.13
2021-03-03T00:00+01:00;8104.66;31954.6;11257.13;45.52
2021-03-03T01:00+01:00;8115.79;30420.53;10959.87;44.72
2021-03-03T02:00+01:00;8123.32;30092.14;10833.84;43.81
2021-03-03T03:00+01:00;8129.91;30123.35;10947.89;43.93
2021-03-03T04:00+01:00;8133.15;31044.57;11313.67;44.07
2021-03-03T05:00+01:00;8133.81;33376.53;11719.96;49.38
2021-03-03T06:00+01:00;8133.66;35144.48;12020.02;58.99
2021-03-03T07:00+01:00;8136.23;35866.95;13498.92;67.04
2021-03-03T08:00+01:00;8136.85;36311.16;18103.15;66.75
2021-03-03T09:00+01:00;8136.02;36302.95;22841.88;58.2
2021-03-03T10:00+01:00;8127.99;35803.46;25966.37;49.51
2021-03-03T11:00+01:00;8109.3;34796.84;27696.89;44.72
2021-03-03T12:00+01:00;8096.58;34389.19;28290.28;44.15
2021-03-03T13:00+01:00;8083.24;33737.48;27755.34;42.76
2021-03-03T14:00+01:00;8073.68;34049.58;25731.24;43.19
2021-03-03T15:00+01:00;8073.97;34056.11;22247.58;44.9
2021-03-03T16:00+01:00;8074.11;33948.75;18363.45;46.98
2021-03-03T17:00+01:00;8069.48;34242.07;16521.04;56.36
2021-03-03T18:00+01:00;8067.36;34839.84;18456.71;67.68
2021-03-03T19:00+01:00;8071.07;34733.56;20233.38;70
2021-03-03T20:00+01:00;8080.56;34184.23;20874.88;60.22
2021-03-03T21:00+01:00;8086.28;32314.3;20940.47;54.74
2021-03-03T22:00+01:00;8097.12;31496.71;20550.83;52.24
2021-03-03T23:00+01:00;8099.29;30689.29;20339.97;46.01
2021-03-04T00:00+01:00;8093.2;28632.57;19963.54;48.12
2021-03-04T01:00+01:00;8087.4;27848.09;19626.96;46.14
2021-03-04T02:00+01:00;8091.53;27379.68;19134.62;44.25
2021-03-04T03:00+01:00;8099.16;26542.21;18832.4;43.39
2021-03-04T04:00+01:00;8107.65;27226.66;18650.21;43.96
2021-03-04T05:00+01:00;8107.78;29627.41;17990.87;46.47
2021-03-04T06:00+01:00;8107.03;32189.06;17427.62;55.8
2021-03-04T07:00+01:00;8114.13;33774.18;17412.6;62.01
2021-03-04T08:00+01:00;8117.42;34191.05;19549.9;65.71
2021-03-04T09:00+01:00;8103.99;34063.11;22286.15;64.93
2021-03-04T10:00+01:00;8112.89;33584.62;24956.05;60.05
2021-03-04T11:00+01:00;8114.77;33470.97;25967.42;56.45
2021-03-04T12:00+01:00;8101.7;33573.02;26164.91;55
2021-03-04T13:00+01:00;8103.19;33499.49;25620.57;53.98
2021-03-04T14:00+01:00;8090.4;33299.68;24025.55;53.23
2021-03-04T15:00+01:00;8093.25;33466.18;22144.2;53.49
2021-03-04T16:00+01:00;8092.8;33477.51;19702.64;53.07
2021-03-04T17:00+01:00;8099.65;33797.22;18037.52;56.09
2021-03-04T18:00+01:00;8097.47;33653.84;17944.18;62.13
2021-03-04T19:00+01:00;8094.84;33377.03;19188.53;66.14
2021-03-04T20:00+01:00;8096.17;33207.86;20419.22;57.6
2021-03-04T21:00+01:00;8091.64;32345.19;21400.39;53.1
2021-03-04T22:00+01:00;8099.39;31717.88;21123.9;50.57
2021-03-04T23:00+01:00;8101.41;30245.5;21071.92;46.13
2021-03-05T00:00+01:00;8107.04;28240.88;19959.51;45.63
2021-03-05T01:00+01:00;8108.41;27673.05;19204.45;44.25
2021-03-05T02:00+01:00;8116.26;27317.19;18613.56;42.65
2021-03-05T03:00+01:00;8126.29;27315.27;17433.98;42.03
2021-03-05T04:00+01:00;8128.95;27857.92;16441.04;43.39
2021-03-05T05:00+01:00;8115.68;29744.9;16081.03;47
2021-03-05T06:00+01:00;8099.35;32041.56;15773.61;57.31
2021-03-05T07:00+01:00;8120.12;33427.84;15766.17;64.85
2021-03-05T08:00+01:00;8158.49;33701.17;18484.95;67.97
2021-03-05T09:00+01:00;8155.99;33457.17;22695.37;65.18
2021-03-05T10:00+01:00;8153.13;32886.47;27686.55;60.14
2021-03-05T11:00+01:00;8149.7;31574.51;31314.86;57.64
2021-03-05T12:00+01:00;8142.93;30297.22;31859.62;55.01
2021-03-05T13:00+01:00;8141.01;29916.81;30752.9;47.13
2021-03-05T14:00+01:00;8141.16;29317.76;28516.92;44.24
2021-03-05T15:00+01:00;8140.36;30381.41;25849.76;45.8
2021-03-05T16:00+01:00;8132.95;31157.62;21223.49;51.99
2021-03-05T17:00+01:00;8142.84;32392.26;15732.25;58.91
2021-03-05T18:00+01:00;8149.15;32984.31;14591.85;64.16
2021-03-05T19:00+01:00;8150.51;33025.26;15342.26;65.37
2021-03-05T20:00+01:00;8139.02;32602.7;15793.21;59.17
2021-03-05T21:00+01:00;8155.81;31942.26;15467.78;55.34
2021-03-05T22:00+01:00;8152.66;30803.03;15004.03;53.15
2021-03-05T23:00+01:00;8148.5;28444.95;14747.67;48.17
2021-03-06T00:00+01:00;8152.89;26019.11;14442.03;48
2021-03-06T01:00+01:00;8157.5;25167.35;15014.83;45.85
2021-03-06T02:00+01:00;8150.86;23949.43;16084.15;43.57
2021-03-06T03:00+01:00;8148.13;23021.4;16992.7;40.8
2021-03-06T04:00+01:00;8151.44;22661.37;17990.16;40.36
2021-03-06T05:00+01:00;8156.09;23570.01;18296.58;40.46
2021-03-06T06:00+01:00;8159.43;24972.76;18705.48;41.45
2021-03-06T07:00+01:00;8155.82;25426.34;21157.81;46.48
2021-03-06T08:00+01:00;8153.88;25299.45;26993.27;48.03
2021-03-06T09:00+01:00;8154.65;24568.52;32975.79;45.61
2021-03-06T10:00+01:00;7944.96;22754.95;39051.99;40.92
2021-03-06T11:00+01:00;7712.16;20919.02;42447.06;38.53
2021-03-06T12:00+01:00;7627.35;19893.76;43364.83;37.43
2021-03-06T13:00+01:00;7702.26;19638.42;42259.67;37.62
2021-03-06T14:00+01:00;7991.85;19126.42;39233.7;36.9
2021-03-06T15:00+01:00;8060.05;20299.93;34017.06;38.57
2021-03-06T16:00+01:00;7985.13;22251.03;27205.15;40.27
2021-03-06T17:00+01:00;7834.11;25412.55;21239.88;48.64
2021-03-06T18:00+01:00;7828.22;26480.77;20322.58;56.02
2021-03-06T19:00+01:00;7833.74;26508.82;21386.12;58.87
2021-03-06T20:00+01:00;7819.86;26501.13;22583.13;54.97
2021-03-06T21:00+01:00;7814.16;26309.62;22822.98;48.89
2021-03-06T22:00+01:00;7859.9;26236.83;23007.08;49.68
2021-03-06T23:00+01:00;8044.85;25657.12;22909.69;45.03
2021-03-07T00:00+01:00;8070.41;22879.84;23391.35;45.25
2021-03-07T01:00+01:00;8132.78;21472.29;23476.71;41.75
2021-03-07T02:00+01:00;8154.09;21314.63;23111.26;41.65
2021-03-07T03:00+01:00;8154.06;21213.05;22575.78;43.44
2021-03-07T04:00+01:00;8140.09;21391.67;22431.92;42.13
2021-03-07T05:00+01:00;8141.58;21651.06;23124.57;43.85
2021-03-07T06:00+01:00;8151.85;21498.82;23058.88;45.24
2021-03-07T07:00+01:00;8059.22;21585.5;25048.67;44.37
2021-03-07T08:00+01:00;7890.54;21372.7;30907.37;39.58
2021-03-07T09:00+01:00;7884.5;19528.09;37820.18;37.58
2021-03-07T10:00+01:00;7894.57;17850.44;42498.76;38.13
2021-03-07T11:00+01:00;7838.97;17175.76;45034.1;38.79
2021-03-07T12:00+01:00;7783.04;16934.41;46178.63;38.55
2021-03-07T13:00+01:00;7627.78;16341.69;44935.04;37.52
2021-03-07T14:00+01:00;7819.84;16812.73;41742.48;38.11
2021-03-07T15:00+01:00;7798.05;18538.18;36367.84;40
2021-03-07T16:00+01:00;7827.55;21831.78;29476.28;42.4
2021-03-07T17:00+01:00;7821.32;26052.76;23355.55;47.67
2021-03-07T18:00+01:00;7950.53;28412.21;20343.08;55.84
2021-03-07T19:00+01:00;8126.97;28996.71;19580.19;60.91
2021-03-07T20:00+01:00;8131.07;29017.96;18981.63;56.77
2021-03-07T21:00+01:00;8143.56;28783.22;18296.99;54.27
2021-03-07T22:00+01:00;8133.32;28916.91;17203.36;53
2021-03-07T23:00+01:00;8139.02;28646.69;16129.49;48.99
2021-03-08T00:00+01:00;8131.53;27888.85;14779.53;47.3
2021-03-08T01:00+01:00;8146.6;27142;13422.63;45.5
2021-03-08T02:00+01:00;8142.14;27655.22;12446.53;44.48
2021-03-08T03:00+01:00;8143.59;28249.55;11883.65;43.02
2021-03-08T04:00+01:00;8150.37;29719.19;11309.88;45
2021-03-08T05:00+01:00;8169.59;31433.57;11065.35;50.06
2021-03-08T06:00+01:00;8160.5;34517.76;10674.75;63.92
2021-03-08T07:00+01:00;8175.86;36275.48;12536.05;79.27
2021-03-08T08:00+01:00;8177.23;36967.23;17813.92;86.66
2021-03-08T09:00+01:00;8177.86;36577.73;23290.97;67.9
2021-03-08T10:00+01:00;8178;36106.66;28165.68;59.34
2021-03-08T11:00+01:00;8163.36;35590.65;31624.31;57.73
2021-03-08T12:00+01:00;8156.83;35323.06;32250.01;55.77
2021-03-08T13:00+01:00;8154.55;35310.59;30741.1;54.48
2021-03-08T14:00+01:00;8152.51;35599.89;26935.9;54.15
2021-03-08T15:00+01:00;8149.41;35990.31;21579.93;55.41
2021-03-08T16:00+01:00;8149.72;36724.57;15827.87;58.64
2021-03-08T17:00+01:00;8150.94;38522.22;11482.46;70
2021-03-08T18:00+01:00;8150.08;39548.62;10814.4;100.87
2021-03-08T19:00+01:00;8145.39;39551.17;12265.76;103.71
2021-03-08T20:00+01:00;8146.47;38252.97;13165.92;66.18
2021-03-08T21:00+01:00;8157.46;36946.1;13743.88;59.16
2021-03-08T22:00+01:00;8156.97;35564.95;14016.7;56.87
2021-03-08T23:00+01:00;8155.33;34501.35;14043.65;53.14
2021-03-09T00:00+01:00;8153.28;33650.51;14157.94;47.52
2021-03-09T01:00+01:00;8154.72;32393.78;14487.19;46.66
2021-03-09T02:00+01:00;8156.91;31482.42;14484.49;43.77
2021-03-09T03:00+01:00;8162.93;31702.68;13720.69;43.09
2021-03-09T04:00+01:00;8159.31;33218.17;13239.61;43.59
2021-03-09T05:00+01:00;8159.65;35529.01;12998.93;48.26
2021-03-09T06:00+01:00;8158.07;38490.37;13455.21;61.7
2021-03-09T07:00+01:00;8169.99;40181.61;15181.86;73.4
2021-03-09T08:00+01:00;8174.16;40222.02;18751.35;81.35
2021-03-09T09:00+01:00;8179.07;39314.72;22796.96;72.55
2021-03-09T10:00+01:00;8170.75;38832.77;26138.93;63.02
2021-03-09T11:00+01:00;8161.39;38443.8;28081.13;59.7
2021-03-09T12:00+01:00;8157.3;38172.56;27894.59;57.94
2021-03-09T13:00+01:00;8152.25;37945.65;25714.76;56.47
2021-03-09T14:00+01:00;8151.15;37591.47;22085.32;56.49
2021-03-09T15:00+01:00;8151.25;38511.64;17992.41;57.39
2021-03-09T16:00+01:00;8144.27;39283.65;13722.69;57.05
2021-03-09T17:00+01:00;8149;40023.16;10499.25;65
2021-03-09T18:00+01:00;8146.47;40745.36;9952.18;90.16
2021-03-09T19:00+01:00;8144.47;40934.66;10155.08;93.3
2021-03-09T20:00+01:00;8146.22;40637.25;10391.48;70
2021-03-09T21:00+01:00;8152.01;39494.99;10309.02;61.7
2021-03-09T22:00+01:00;8150.33;38243.91;10088.32;58.3
2021-03-09T23:00+01:00;8148.76;36581.46;10078.71;53.57
2021-03-10T00:00+01:00;8145.74;33971.77;10381.68;55.57
2021-03-10T01:00+01:00;8141.63;33169.09;10399.42;53.05
2021-03-10T02:00+01:00;8138.02;33054.4;10409.28;50.03
2021-03-10T03:00+01:00;8142.61;33069.58;10706.24;49.04
2021-03-10T04:00+01:00;8144.31;33203.35;11342.95;49
2021-03-10T05:00+01:00;8139.15;34013.89;12260.43;53.08
2021-03-10T06:00+01:00;8141.5;34531.66;13266.4;58.9
2021-03-10T07:00+01:00;8142.64;34722.21;16004.57;69.9
2021-03-10T08:00+01:00;8138.6;34643.07;19838.18;68.08
2021-03-10T09:00+01:00;8136.78;34379.81;24443.65;58.48
2021-03-10T10:00+01:00;8132.57;33891.7;28489.02;50.95
2021-03-10T11:00+01:00;8125.64;32160.36;32181.84;50.39
2021-03-10T12:00+01:00;8118.72;30000.52;34589.41;47.26
2021-03-10T13:00+01:00;8106.7;27902.29;35564.29;45.98
2021-03-10T14:00+01:00;8088.89;26096.52;34934.42;45.77
2021-03-10T15:00+01:00;8113.24;26727.56;32508.47;47.1
2021-03-10T16:00+01:00;8109.74;27798.42;28901.79;49.03
2021-03-10T17:00+01:00;8103.82;28496.05;27583.22;55.1
2021-03-10T18:00+01:00;8007.66;28630.97;30059.88;58.51
2021-03-10T19:00+01:00;7898.3;27722.07;34267.42;56.88
2021-03-10T20:00+01:00;7790.88;23743.75;38175.55;45.04
2021-03-10T21:00+01:00;7675.64;20013.14;41194.22;41.36
2021-03-10T22:00+01:00;7633.92;16994.88;42033.75;37.11
2021-03-10T23:00+01:00;7635.79;15490.96;43434.01;24.12
2021-03-11T00:00+01:00;7519.36;11733.69;44137.89;17.8
2021-03-11T01:00+01:00;7441.35;11433.83;45287.21;0.1
2021-03-11T02:00+01:00;6779.58;11409.67;45977.36;0.01
2021-03-11T03:00+01:00;6924.43;11323.66;46671.75;0
2021-03-11T04:00+01:00;6951.62;11360.55;47349.22;0.03
2021-03-11T05:00+01:00;7441.1;11646.24;48957.87;14.95
2021-03-11T06:00+01:00;7487.88;12176.93;51031;24.97
2021-03-11T07:00+01:00;7756.25;13420.08;50854.44;37.9
2021-03-11T08:00+01:00;7825.51;13769.73;51532.09;39.83
2021-03-11T09:00+01:00;7783.88;13608.11;53121.86;38.28
2021-03-11T10:00+01:00;7775.67;13647.29;55817.27;35.84
2021-03-11T11:00+01:00;7770.08;13408.9;58862.68;35.76
2021-03-11T12:00+01:00;7693.34;13194.17;61471.4;37.88
2021-03-11T13:00+01:00;7740.83;13084.45;61577.39;30.27
2021-03-11T14:00+01:00;7776.27;13065.27;60246.36;26.21
2021-03-11T15:00+01:00;7738.36;13159.56;58905.53;30.77
2021-03-11T16:00+01:00;7715.29;13305.95;56094.56;34.09
2021-03-11T17:00+01:00;7756.69;14044.1;51671.01;38.97
2021-03-11T18:00+01:00;7723.56;15261.58;50530.16;48.33
2021-03-11T19:00+01:00;7724.74;14842.24;49460.01;55.93
2021-03-11T20:00+01:00;7728;14124.98;47437.64;39.98
2021-03-11T21:00+01:00;7707.54;12785.52;46538.34;31.23
2021-03-11T22:00+01:00;7751.55;11981.95;45685.33;27.08
2021-03-11T23:00+01:00;7594.06;11366.82;46690.1;12.13
2021-03-12T00:00+01:00;7686.67;10361.9;47048.65;17.61
2021-03-12T01:00+01:00;7679.11;10386.23;47149.12;15.8
2021-03-12T02:00+01:00;7636.56;10339.88;47293.05;4.59
2021-03-12T03:00+01:00;7634.66;10381.07;47882.83;4.58
2021-03-12T04:00+01:00;7607.14;10383.13;47980.69;10.71
2021-03-12T05:00+01:00;7610.3;10865.05;48356.25;21.02
2021-03-12T06:00+01:00;7668.4;12222.23;49221.18;32.63
2021-03-12T07:00+01:00;7746.32;12978.98;49928.64;39.95
2021-03-12T08:00+01:00;7764.31;12682.38;54879.95;36.33
2021-03-12T09:00+01:00;7574.99;11766.12;61067.39;24.12
2021-03-12T10:00+01:00;7487.02;11140.58;64857.89;0.07
2021-03-12T11:00+01:00;7471.88;10716.17;66626.24;0.01
2021-03-12T12:00+01:00;7577.46;10742.5;66897.31;-5.09
2021-03-12T13:00+01:00;7482.3;10774.14;65473.61;-1.14
2021-03-12T14:00+01:00;7340.56;10839.68;62336.65;0.09
2021-03-12T15:00+01:00;7474.49;11327.42;58374.55;25.35
2021-03-12T16:00+01:00;7597.3;11798.78;51698.44;28.21
2021-03-12T17:00+01:00;7634.44;12750.84;46409.6;39.99
2021-03-12T18:00+01:00;7635.05;13624.05;45357.04;50.58
2021-03-12T19:00+01:00;7637.55;13730.31;46616.34;52.84
2021-03-12T20:00+01:00;7617.39;12876.69;47688.17;37.95
2021-03-12T21:00+01:00;7562.61;12069.31;47626.09;31.56
2021-03-12T22:00+01:00;7564.36;11693.99;45867.08;34.3
2021-03-12T23:00+01:00;7531.6;11143.03;45532.53;32.81
2021-03-13T00:00+01:00;7521.72;10442.4;44323.41;26.61
2021-03-13T01:00+01:00;7504.47;10192.67;43484.35;24.58
2021-03-13T02:00+01:00;7433.81;9992.05;43237.9;20.73
2021-03-13T03:00+01:00;7406.39;9980.67;42855.52;17.32
2021-03-13T04:00+01:00;7440.85;10032.43;42634.2;18.23
2021-03-13T05:00+01:00;7116.43;10040.42;43146.09;17.4
2021-03-13T06:00+01:00;6957.84;10070.22;45365.79;22.84
2021-03-13T07:00+01:00;6519.6;10209.31;48292.3;17.15
2021-03-13T08:00+01:00;6297.89;10332.73;52753.22;4.07
2021-03-13T09:00+01:00;6040.95;10264.32;57182.95;2.95
2021-03-13T10:00+01:00;6011.25;10184.22;59351.84;0.08
2021-03-13T11:00+01:00;5885.64;10108.36;61154.82;0
2021-03-13T12:00+01:00;5722.38;10050.52;61435.63;-3.17
2021-03-13T13:00+01:00;5707.36;9910.04;58768.02;-8.66
2021-03-13T14:00+01:00;5810.01;9851.2;57865.82;-8.74
2021-03-13T15:00+01:00;5929.6;9880.92;56476.77;-4.7
2021-03-13T16:00+01:00;6434.08;9934.03;54249.56;-0.99
2021-03-13T17:00+01:00;7276.78;10229.92;52461.95;16.1
2021-03-13T18:00+01:00;7359.15;10773.84;51652.46;32.5
2021-03-13T19:00+01:00;7280.78;10773.53;52357.51;42.63
2021-03-13T20:00+01:00;7008.13;10277.78;51926.57;24.94
2021-03-13T21:00+01:00;6993.23;10127.97;52186.69;4.38
2021-03-13T22:00+01:00;6981.63;10090.34;50452.11;20.02
2021-03-13T23:00+01:00;6984.08;9989.21;47591.25;-0.01
2021-03-14T00:00+01:00;7086.66;9095.61;47045.47;-4.92
2021-03-14T01:00+01:00;6928.87;8786.79;46263.35;-2.94
2021-03-14T02:00+01:00;6868.48;8732.78;46030.73;-0.1
2021-03-14T03:00+01:00;6942.71;8656.39;45040.38;-1.06
2021-03-14T04:00+01:00;6935.17;8653.61;43496.75;-0.08
2021-03-14T05:00+01:00;6945.71;8569.28;41790.58;-0.02
2021-03-14T06:00+01:00;6994.04;8725.35;40720.2;-0.1
2021-03-14T07:00+01:00;7313.96;8922.23;42157.45;0
2021-03-14T08:00+01:00;7798.67;8977.52;43937.9;4.66
2021-03-14T09:00+01:00;8094.78;9297.29;45805.48;19.91
2021-03-14T10:00+01:00;8069.05;9326.29;48205.64;14.15
2021-03-14T11:00+01:00;8072.78;9183.68;49580.11;9.97
2021-03-14T12:00+01:00;8078.71;9046.24;49775.12;8.51
2021-03-14T13:00+01:00;8038.49;9086.08;48760.27;-0.01
2021-03-14T14:00+01:00;8046.54;9022.4;47494.11;-0.02
2021-03-14T15:00+01:00;8062.11;9052.21;44384.42;0.13
2021-03-14T16:00+01:00;8108.02;9495.34;39366.4;17.2
2021-03-14T17:00+01:00;8115.2;11856.49;34055.24;28.86
2021-03-14T18:00+01:00;8067.65;13684.72;32410.74;49.51
2021-03-14T19:00+01:00;8013.62;13848.63;32259.97;57.28
2021-03-14T20:00+01:00;7899.14;13822.6;32498.8;45.26
2021-03-14T21:00+01:00;7809.36;13875.53;32474.09;43.76
2021-03-14T22:00+01:00;7845.5;13640.98;31510.04;46.9
2021-03-14T23:00+01:00;7863.92;13017.77;30922.1;41.23
2021-03-15T00:00+01:00;7950.35;11923.12;30243.4;40.67
2021-03-15T01:00+01:00;8079.13;11614.29;29930.19;37.01
2021-03-15T02:00+01:00;8108.08;11661.79;30093.85;36.07
2021-03-15T03:00+01:00;7896.63;11701.12;30575.73;35.03
2021-03-15T04:00+01:00;7921.72;12998.48;30860.65;33.26
2021-03-15T05:00+01:00;7982.84;15396.3;31063.17;40.69
2021-03-15T06:00+01:00;7907.81;18480.91;31644.31;55.6
2021-03-15T07:00+01:00;7848.3;20007.49;32949.24;62.47
2021-03-15T08:00+01:00;7858.93;20619.28;36017.38;64.89
2021-03-15T09:00+01:00;7868.07;20866.5;39170.32;61.55
2021-03-15T10:00+01:00;7861.39;21208.53;41896.6;55.05
2021-03-15T11:00+01:00;7855.19;21402.28;44485.95;50.42
2021-03-15T12:00+01:00;7749.33;20772.44;47101.84;47.98
2021-03-15T13:00+01:00;7699.98;20011.76;48407.79;45.2
2021-03-15T14:00+01:00;7701.19;19317.98;48763.54;40.77
2021-03-15T15:00+01:00;7749.52;18973.91;46715.93;39.52
2021-03-15T16:00+01:00;7788.38;19429.71;42977.69;42.61
2021-03-15T17:00+01:00;7835.71;21040.11;39121.8;50.6
2021-03-15T18:00+01:00;7937.98;21919.8;37262.02;61.97
2021-03-15T19:00+01:00;7938.84;21915.57;37009.03;67.82
2021-03-15T20:00+01:00;7949.01;22060.91;37177.51;59.93
2021-03-15T21:00+01:00;7960.89;21499.85;36751.32;55.9
2021-03-15T22:00+01:00;7957.67;20843.14;35181.33;50.76
2021-03-15T23:00+01:00;7946.94;19590.32;34598.39;46.86
2021-03-16T00:00+01:00;7968.24;18624.04;34003.2;45.46
2021-03-16T01:00+01:00;7972.1;18293.67;33262.12;44.76
2021-03-16T02:00+01:00;7991.19;18457.33;32376.25;44.77
2021-03-16T03:00+01:00;8040.45;18641.71;32202.77;43.08
2021-03-16T04:00+01:00;8080.35;19702.72;31594.82;44.1
2021-03-16T05:00+01:00;8124.16;22115.66;30630.04;47.4
2021-03-16T06:00+01:00;8121.09;24876.73;30433.31;59.1
2021-03-16T07:00+01:00;8119.06;27034.36;29951.86;66.29
2021-03-16T08:00+01:00;8129.18;27975.1;31515.35;68.92
2021-03-16T09:00+01:00;8137.55;28287.44;34493.4;62.49
2021-03-16T10:00+01:00;8134.19;28430.65;36462.82;59.93
2021-03-16T11:00+01:00;8110.42;28788.6;37188.52;58.62
2021-03-16T12:00+01:00;7932.19;28787.75;37277.49;54.84
2021-03-16T13:00+01:00;7857.58;28648.8;36411.93;48.08
2021-03-16T14:00+01:00;7913.03;28731.87;34379.45;48.61
2021-03-16T15:00+01:00;8056.68;29385.26;30952.4;52.98
2021-03-16T16:00+01:00;8135.96;29945.74;26080.39;59.99
2021-03-16T17:00+01:00;8128.71;30505.89;20604.25;65.96
2021-03-16T18:00+01:00;8125.8;31082.34;18051.29;70.7
2021-03-16T19:00+01:00;8126.33;30977.8;17607.45;77.71
2021-03-16T20:00+01:00;8131.97;30608.95;16713.31;61.4
2021-03-16T21:00+01:00;8134.03;29588.62;16583.13;56.01
2021-03-16T22:00+01:00;8137.71;28116.36;16227.35;53.88
2021-03-16T23:00+01:00;8141.84;25914.44;15902.07;49.19
2021-03-17T00:00+01:00;8142.86;24589.16;15760.38;46.14
2021-03-17T01:00+01:00;8126.97;23475.68;16080.51;45.47
2021-03-17T02:00+01:00;8114.99;22834.15;16845.46;44.45
2021-03-17T03:00+01:00;8113.36;23046.67;17351.08;44.4
2021-03-17T04:00+01:00;8112.59;24225.84;17249.22;45.39
2021-03-17T05:00+01:00;8138.76;26855.92;17225.7;48.83
2021-03-17T06:00+01:00;8148.01;30205.26;17171.67;53.81
2021-03-17T07:00+01:00;8150.69;32029.9;17891.15;63.21
2021-03-17T08:00+01:00;8162.42;32500.48;19532.48;64
2021-03-17T09:00+01:00;8165.59;32700.51;21668.63;62.55
2021-03-17T10:00+01:00;8160.31;32339;23689.89;57.51
2021-03-17T11:00+01:00;8153.08;32493.38;24981.04;59.57
2021-03-17T12:00+01:00;8150.55;32082.18;25701.68;54.82
2021-03-17T13:00+01:00;8158.88;32034.93;25843.19;51.69
2021-03-17T14:00+01:00;8151.38;31594.8;25397.23;50.31
2021-03-17T15:00+01:00;8146.05;31278.41;23745.06;49.95
2021-03-17T16:00+01:00;8152.03;32162.82;19803.98;55.64
2021-03-17T17:00+01:00;8151.31;33841.34;15266.93;66.2
2021-03-17T18:00+01:00;8152.29;34422.86;12690.55;77.79
2021-03-17T19:00+01:00;8158.84;34743.21;12474.09;85
2021-03-17T20:00+01:00;8161.83;34536.9;12148.37;69.28
2021-03-17T21:00+01:00;8162.28;33355.04;11983.03;64.55
2021-03-17T22:00+01:00;8169.46;32466.47;11745.86;62.46
2021-03-17T23:00+01:00;8173.25;31355.12;11088.26;60.46
2021-03-18T00:00+01:00;8176.45;30049.82;10544.49;51.12
2021-03-18T01:00+01:00;8177.31;28857.25;10122.04;49.56
2021-03-18T02:00+01:00;8178.91;28699.89;9800.61;48.17
2021-03-18T03:00+01:00;8177.18;28630.97;9794.29;47.94
2021-03-18T04:00+01:00;8175.17;29699.25;9738.52;47.03
2021-03-18T05:00+01:00;8184.18;31805.62;9369.71;51.53
2021-03-18T06:00+01:00;8180.74;34266.03;9513.22;66.05
2021-03-18T07:00+01:00;8180.21;35200.26;11552.22;79.15
2021-03-18T08:00+01:00;8185.21;36111.46;15499.04;78.34
2021-03-18T09:00+01:00;8179.72;35649.17;20228.38;75
2021-03-18T10:00+01:00;8175.73;35324.41;23345.51;69.51
2021-03-18T11:00+01:00;8167.53;35150.54;24533.39;68
2021-03-18T12:00+01:00;8159.79;35445.81;24674.08;65.31
2021-03-18T13:00+01:00;8154.59;35166.56;24931.32;62.21
2021-03-18T14:00+01:00;8150.84;34912.69;23736.14;61.15
2021-03-18T15:00+01:00;8149.61;34778.38;21209.78;62.9
2021-03-18T16:00+01:00;8149.61;34908.74;17255.25;64.53
2021-03-18T17:00+01:00;8148.9;35623.29;13873.47;75.22
2021-03-18T18:00+01:00;8147.54;35928.45;12701.2;88.99
2021-03-18T19:00+01:00;8149.4;35862.87;12921.62;98.71
2021-03-18T20:00+01:00;8150.35;35421.3;13495.24;70.91
2021-03-18T21:00+01:00;8149.49;33679.12;14113.63;61.9
2021-03-18T22:00+01:00;8147.97;31888.27;14409.01;60.12
2021-03-18T23:00+01:00;8145.02;29603.64;14872.06;53.23
2021-03-19T00:00+01:00;8140.57;28359.08;14749;61.12
2021-03-19T01:00+01:00;8144.21;27208.04;14499.36;56.24
2021-03-19T02:00+01:00;8151.74;26998.88;14517.2;50.89
2021-03-19T03:00+01:00;8154.91;26808.68;14763.32;48.5
2021-03-19T04:00+01:00;8160.43;27150.66;15267.79;50
2021-03-19T05:00+01:00;8166.93;28313.12;16088.03;52.1
2021-03-19T06:00+01:00;8164.01;29637.58;16944.96;67.02
2021-03-19T07:00+01:00;8171.77;30187.36;18673.87;71.55
2021-03-19T08:00+01:00;8173.22;30508.71;22198.9;71.53
2021-03-19T09:00+01:00;8163.22;30352.74;26751.64;64.1
2021-03-19T10:00+01:00;8154.97;27985.32;32621.57;50.42
2021-03-19T11:00+01:00;8150.91;25082.9;36900.11;45.31
2021-03-19T12:00+01:00;8142.21;23402.16;38603.84;44.53
2021-03-19T13:00+01:00;8142.45;22437.11;39163.37;43.5
2021-03-19T14:00+01:00;8146.62;22235.12;38888.66;43.16
2021-03-19T15:00+01:00;8147.6;22625.29;35888.06;43.53
2021-03-19T16:00+01:00;8148.26;25509.75;31415.81;47.67
2021-03-19T17:00+01:00;8155.9;28165.13;25343.17;55.58
2021-03-19T18:00+01:00;8167.1;29435.97;20874.8;65.96
2021-03-19T19:00+01:00;8164.04;29681.35;19594.99;72.99
2021-03-19T20:00+01:00;7926.05;29376.65;18401.56;66.4
2021-03-19T21:00+01:00;7649.46;28932.12;16998.61;61.99
2021-03-19T22:00+01:00;7272.2;28694.23;15480.08;60.64
2021-03-19T23:00+01:00;6875.73;28094.28;13881.83;60.11
2021-03-20T00:00+01:00;6823.31;27333.97;12835.83;58.82
2021-03-20T01:00+01:00;6816.2;26896.24;12186.73;55.74
2021-03-20T02:00+01:00;6810.49;26245.74;12074.74;56.35
2021-03-20T03:00+01:00;6813.68;25328.34;12470.15;50.81
2021-03-20T04:00+01:00;6814.08;25257.24;12825.35;50
2021-03-20T05:00+01:00;6813.45;25321.48;13304.2;51.03
2021-03-20T06:00+01:00;6818.62;25455.42;14063.93;52.54
2021-03-20T07:00+01:00;6820.52;25513.92;17149.93;56.72
2021-03-20T08:00+01:00;6814.97;25489.75;22862.96;53.36
2021-03-20T09:00+01:00;6813.88;24333.05;28826.76;51.29
2021-03-20T10:00+01:00;6806.25;22100.78;33227.63;47.07
2021-03-20T11:00+01:00;6800.77;21585.39;36497.43;45.67
2021-03-20T12:00+01:00;6771.44;20219.66;39045.22;45.08
2021-03-20T13:00+01:00;6664.59;18128.14;39558.07;43.05
2021-03-20T14:00+01:00;6734.71;17471.01;37993.86;40.98
2021-03-20T15:00+01:00;6780.46;17912.22;34260.38;44
2021-03-20T16:00+01:00;6734.49;19503.73;29746.68;44.92
2021-03-20T17:00+01:00;6571.62;22982.13;26193.22;49.94
2021-03-20T18:00+01:00;6514.52;24212.24;25362.06;62.5
2021-03-20T19:00+01:00;6488.13;24517.09;26997.05;68.09
2021-03-20T20:00+01:00;6452.06;23735.97;28179.43;59.94
2021-03-20T21:00+01:00;6473.18;22249.77;29477.15;49.03
2021-03-20T22:00+01:00;6481.01;21161.53;31050.04;48.92
2021-03-20T23:00+01:00;6468.87;19864.06;31991.83;46.4
2021-03-21T00:00+01:00;6371.7;16956.31;32421.5;39.65
2021-03-21T01:00+01:00;6346.43;15932.43;33130.94;29.02
2021-03-21T02:00+01:00;6364.43;15184.04;33035.22;31.43
2021-03-21T03:00+01:00;6347.3;15574.59;33307.43;26.74
2021-03-21T04:00+01:00;6349.36;15093.88;33898.34;26.79
2021-03-21T05:00+01:00;6336.23;15275.61;35037.32;23.66
2021-03-21T06:00+01:00;6217.66;14820.83;36710.81;13.8
2021-03-21T07:00+01:00;6296.72;15099.41;37943.32;22.87
2021-03-21T08:00+01:00;6316.92;15192.82;40109.62;29.67
2021-03-21T09:00+01:00;6330.07;15387.25;42075.16;31.21
2021-03-21T10:00+01:00;6303.82;15897.05;44003.84;28.17
2021-03-21T11:00+01:00;6391.63;16229.41;45851.67;34.87
2021-03-21T12:00+01:00;6442.32;16162.68;46898.79;33.46
2021-03-21T13:00+01:00;6392.49;14745.04;47358.6;23.34
2021-03-21T14:00+01:00;6188.98;14479.22;46642.35;21.2
2021-03-21T15:00+01:00;6199.64;14319.18;45256.15;22.59
2021-03-21T16:00+01:00;6309.15;14777.37;42022.26;30
2021-03-21T17:00+01:00;6372.73;17807.4;38013.56;41.3
2021-03-21T18:00+01:00;6471.83;22579.33;34490.35;56.05
2021-03-21T19:00+01:00;6479.91;23246.93;33240.35;64.82
2021-03-21T20:00+01:00;6474.87;23398.14;31915.4;59.47
2021-03-21T21:00+01:00;6473.5;22762.71;29838.35;54.8
2021-03-21T22:00+01:00;6485.43;22308.43;28021.02;55.27
2021-03-21T23:00+01:00;6480.99;21365.1;26668.15;49.85
2021-03-22T00:00+01:00;6500.41;20576.77;25333.85;49.55
2021-03-22T01:00+01:00;6637.36;20787.27;24498.21;48.74
2021-03-22T02:00+01:00;6639.18;21389.44;23327.01;47.76
2021-03-22T03:00+01:00;6660.71;21954.66;22163.28;47.01
2021-03-22T04:00+01:00;6682.36;24017.67;20918.84;47.4
2021-03-22T05:00+01:00;6740.65;27427.44;20016.6;50.56
2021-03-22T06:00+01:00;6785.46;30996.07;18893.43;62
2021-03-22T07:00+01:00;6792.17;32813.45;19116.73;73
2021-03-22T08:00+01:00;6798.61;33421.1;20565.49;74.9
2021-03-22T09:00+01:00;6799.27;33518.85;23439.52;71.6
2021-03-22T10:00+01:00;6791.13;32919.7;25600.48;65.46
2021-03-22T11:00+01:00;6790.41;32588.78;26816.75;62.43
2021-03-22T12:00+01:00;6793.45;32850.78;27463.02;59.41
2021-03-22T13:00+01:00;6788.47;32397.8;27073.44;53.78
2021-03-22T14:00+01:00;6783.29;32404.78;26117.38;51.95
2021-03-22T15:00+01:00;6782.72;32624.32;24383.54;51.01
2021-03-22T16:00+01:00;6782.55;33138.5;21574.65;54.01
2021-03-22T17:00+01:00;6788.77;34675.37;18339.1;63.98
2021-03-22T18:00+01:00;6789.46;35580.09;16535.39;75.5
2021-03-22T19:00+01:00;6788.86;35766.24;17385.06;90.47
2021-03-22T20:00+01:00;6796.56;35244.67;17490.15;75
2021-03-22T21:00+01:00;6793.75;34592.69;17216.2;65.43
2021-03-22T22:00+01:00;6788.98;32917.65;17069.04;60.8
2021-03-22T23:00+01:00;6782.83;30669.79;17271.88;49.7
2021-03-23T00:00+01:00;6782.77;30543.58;16927.63;54.55
2021-03-23T01:00+01:00;6781.35;30191.62;16339.15;53.86
2021-03-23T02:00+01:00;6780.94;30102.14;16262.9;50.68
2021-03-23T03:00+01:00;6782.81;30398.35;16181.38;50.61
2021-03-23T04:00+01:00;6784.14;31137.01;15251.8;52.56
2021-03-23T05:00+01:00;6785.88;33491.68;14425.82;58.74
2021-03-23T06:00+01:00;6788.21;35288.23;14494.96;65.25
2021-03-23T07:00+01:00;6792.46;37145.52;15988.87;74.37
2021-03-23T08:00+01:00;6792.7;37412.8;18013.83;75.9
2021-03-23T09:00+01:00;6796.69;37434.43;20152.11;69.2
2021-03-23T10:00+01:00;6797.58;36963.23;22289.71;63.46
2021-03-23T11:00+01:00;6791.8;36666.38;23618.66;62.1
2021-03-23T12:00+01:00;6786.91;36214.02;23726.63;61.97
2021-03-23T13:00+01:00;6765.61;36053.3;22824.7;57.58
2021-03-23T14:00+01:00;6741.44;35706.8;21704.61;58.69
2021-03-23T15:00+01:00;6742.5;35537.61;19957.25;58.43
2021-03-23T16:00+01:00;6741.58;36270.36;17666.94;60.02
2021-03-23T17:00+01:00;6765.64;37376.27;14441.52;64.64
2021-03-23T18:00+01:00;6777.12;37954.24;12672.89;71.4
2021-03-23T19:00+01:00;6780.22;38168.72;13049.72;83.49
2021-03-23T20:00+01:00;6776.36;37881.99;13226.22;72.48
2021-03-23T21:00+01:00;6765.94;36732.84;14297.19;64.57
2021-03-23T22:00+01:00;6649.81;34671.85;15028.35;60.47
2021-03-23T23:00+01:00;6614;32249.58;15752.38;51
2021-03-24T00:00+01:00;6610.38;29685.62;16319.79;47.59
2021-03-24T01:00+01:00;6609.46;28122.03;16250.2;47.41
2021-03-24T02:00+01:00;6611.11;27584.79;16723.52;44.95
2021-03-24T03:00+01:00;6606.12;27290.62;17391.24;45.43
2021-03-24T04:00+01:00;6608.68;28529.89;17640.08;47.48
2021-03-24T05:00+01:00;6608.93;32087.86;17830.67;49.06
2021-03-24T06:00+01:00;6631.51;34186.91;18843.82;64.97
2021-03-24T07:00+01:00;6777.09;34982.21;22225.47;65.78
2021-03-24T08:00+01:00;6781.47;34426.4;26858.29;67.93
2021-03-24T09:00+01:00;6772.18;32297.8;32115.99;50.87
2021-03-24T10:00+01:00;6729.66;27496.23;37868.58;44.04
2021-03-24T11:00+01:00;6571.72;25362.78;43100.64;44.37
2021-03-24T12:00+01:00;6541.33;24304.72;44730.65;43.95
2021-03-24T13:00+01:00;6455.71;23770.31;44548.25;44.82
2021-03-24T14:00+01:00;6468.56;24177.8;41555.43;45.21
2021-03-24T15:00+01:00;6555.21;25871.36;35133.74;48.87
2021-03-24T16:00+01:00;6662.32;29517.79;26157.29;52.07
2021-03-24T17:00+01:00;6717.69;33402.3;18225.74;61.32
2021-03-24T18:00+01:00;6727.29;34609.57;14884.01;70.91
2021-03-24T19:00+01:00;6734.69;34590.26;15080.07;84
2021-03-24T20:00+01:00;6742.64;34508.81;14890.82;73.58
2021-03-24T21:00+01:00;6759.64;34550.28;14922.93;66.75
2021-03-24T22:00+01:00;6768.39;33750.15;14825.08;62.5
2021-03-24T23:00+01:00;6772.91;32579.43;14307.8;59.1
2021-03-25T00:00+01:00;6772.45;31787.4;13679.26;54.56
2021-03-25T01:00+01:00;6770.37;31648.16;13024.11;50.31
2021-03-25T02:00+01:00;6767.79;31693.23;12473.25;49.68
2021-03-25T03:00+01:00;6767.99;31998.89;11557.3;48.87
2021-03-25T04:00+01:00;6775.28;32780.58;11098.65;50.2
2021-03-25T05:00+01:00;6776.72;34453.46;11278.61;58.87
2021-03-25T06:00+01:00;6773.66;35319.65;12350.71;68.8
2021-03-25T07:00+01:00;6765.51;35610.08;17049.31;74.97
2021-03-25T08:00+01:00;6773.9;35499.51;23033.37;74.93
2021-03-25T09:00+01:00;6769.61;33545.53;28853.04;67.04
2021-03-25T10:00+01:00;6761.73;30882.26;33631.56;57.9
2021-03-25T11:00+01:00;6755.15;28901.02;36840.16;46.42
2021-03-25T12:00+01:00;6746.57;28093.72;37706.18;46.07
2021-03-25T13:00+01:00;6733.83;28099.12;36192.43;46.9
2021-03-25T14:00+01:00;6740.09;28821.6;32529.17;48.87
2021-03-25T15:00+01:00;6738.86;30084.04;26612.34;48
2021-03-25T16:00+01:00;6739.32;32516.99;20601.32;55.71
2021-03-25T17:00+01:00;6738.93;33839.17;15514.84;63.26
2021-03-25T18:00+01:00;6738.92;34568.7;12973.55;72.15
2021-03-25T19:00+01:00;6739.95;34729.95;13520.17;85.43
2021-03-25T20:00+01:00;6746.15;34637.21;14422.54;72.34
2021-03-25T21:00+01:00;6750.88;34256.83;15251.02;62.9
2021-03-25T22:00+01:00;6751.57;32708.35;16045.97;59.31
2021-03-25T23:00+01:00;6746.87;30055.28;16880.16;48.98
2021-03-26T00:00+01:00;6637.7;26326.41;17880.79;52.3
2021-03-26T01:00+01:00;6578.91;23680.21;19098.16;50.05
2021-03-26T02:00+01:00;6556.8;23003.09;19906.48;48.88
2021-03-26T03:00+01:00;6524.42;22860.07;21115.65;46.07
2021-03-26T04:00+01:00;6527.13;23280.89;21760.61;45.62
2021-03-26T05:00+01:00;6598.33;24848.41;22891.81;49.91
2021-03-26T06:00+01:00;6716.55;26449.86;24492.49;61.16
2021-03-26T07:00+01:00;6686.9;26978.55;27967.93;65.81
2021-03-26T08:00+01:00;6610.86;27118.31;33114.11;63.67
2021-03-26T09:00+01:00;6563.22;24257.84;39478.54;48.01
2021-03-26T10:00+01:00;6535.38;19236.29;46739.26;42.89
2021-03-26T11:00+01:00;6503.17;16615.12;50906.36;37.65
2021-03-26T12:00+01:00;6521.86;15616.94;51582.53;36.9
2021-03-26T13:00+01:00;6563.68;15781.28;49526.45;34.73
2021-03-26T14:00+01:00;6554.03;16278.55;45522.76;37.09
2021-03-26T15:00+01:00;6571.08;17837.16;40550.05;45.15
2021-03-26T16:00+01:00;6579.78;20189.82;33464.09;50.29
2021-03-26T17:00+01:00;6621.23;22689.61;26400.37;60.68
2021-03-26T18:00+01:00;6706.42;23397.29;22961.49;62.43
2021-03-26T19:00+01:00;6718.79;23601.58;24096.71;69.01
2021-03-26T20:00+01:00;6721.11;22648.06;25871.1;64.3
2021-03-26T21:00+01:00;6721.17;20996.33;27849.99;57.39
2021-03-26T22:00+01:00;6704.24;19167.76;29453.28;53.33
2021-03-26T23:00+01:00;6695.52;17447.67;30437.14;49.58
2021-03-27T00:00+01:00;6599.65;14583.94;31770.43;43
2021-03-27T01:00+01:00;6445.69;12478.07;32901.14;38.09
2021-03-27T02:00+01:00;6409.56;11359.89;33516.73;36
2021-03-27T03:00+01:00;6399.86;10503.8;35174.75;34.03
2021-03-27T04:00+01:00;6300.57;10430.9;38208.09;29.64
2021-03-27T05:00+01:00;6231.01;10134.27;40265.03;34.09
2021-03-27T06:00+01:00;6248.24;10290.69;42328.39;34.32
2021-03-27T07:00+01:00;6319.07;10251.57;45441.05;30.49
2021-03-27T08:00+01:00;6361.25;10194.9;50122.79;25.1
2021-03-27T09:00+01:00;6038.64;10197.19;55869.92;13
2021-03-27T10:00+01:00;5533.26;10073.86;59974;5.12
2021-03-27T11:00+01:00;5287.69;9837.36;61273.97;-2.89
2021-03-27T12:00+01:00;5216.75;9802.53;58012.56;-49.9
2021-03-27T13:00+01:00;5213.72;9729.28;58162.38;-39.26
2021-03-27T14:00+01:00;5244.71;9791.46;56669.01;-29.96
2021-03-27T15:00+01:00;5603.01;10074.61;54064.42;-1.81
2021-03-27T16:00+01:00;6370.99;11256.4;46495.61;19.49
2021-03-27T17:00+01:00;6429.46;13937.37;38740.23;42.4
2021-03-27T18:00+01:00;6418.85;15352.93;34266.3;57.5
2021-03-27T19:00+01:00;6441.23;15377.87;31811.93;66.1
2021-03-27T20:00+01:00;6436.73;15616.93;31523.95;59.02
2021-03-27T21:00+01:00;6472.64;14977.54;31139.31;49.42
2021-03-27T22:00+01:00;6495.28;14465.85;30481.69;53
2021-03-27T23:00+01:00;6471.43;14269.57;30931.86;46.68
2021-03-28T00:00+01:00;6501.28;13456.02;30626.39;43.77
2021-03-28T01:00+01:00;6502.63;12107.66;30607.68;38.62
2021-03-28T03:00+02:00;6509.63;11855.15;31133.39;35.43
2021-03-28T04:00+02:00;6499.37;11690.27;31207.72;35
2021-03-28T05:00+02:00;6526.78;11333.35;31479.54;35.07
2021-03-28T06:00+02:00;6501.53;11318.39;31870.46;35.67
2021-03-28T07:00+02:00;6510.7;11348.44;32979.13;35.72
2021-03-28T08:00+02:00;6520.79;10990.6;36850.45;27.68
2021-03-28T09:00+02:00;6535.88;10875.89;41456.33;30
2021-03-28T10:00+02:00;6478.55;10333.99;47837.45;21.22
2021-03-28T11:00+02:00;5730.89;9844;54739.91;1.88
2021-03-28T12:00+02:00;5180.68;9668.53;57609.08;-19.04
2021-03-28T13:00+02:00;5212.64;9566.51;54673.75;-49.99
2021-03-28T14:00+02:00;5137.75;9536.16;52646.07;-49.97
2021-03-28T15:00+02:00;5191.94;9588.64;50566.4;-40.99
2021-03-28T16:00+02:00;5248.53;9781.59;49936.9;-12.14
2021-03-28T17:00+02:00;5571.46;10060.38;45291.61;4.55
2021-03-28T18:00+02:00;6349.94;11743.78;38374.5;35.3
2021-03-28T19:00+02:00;6400.96;14225.58;34071.74;43.04
2021-03-28T20:00+02:00;6429.61;15099.01;33535.79;48.34
2021-03-28T21:00+02:00;6456.45;14865.01;33404.72;40.98
2021-03-28T22:00+02:00;6451.99;14378.23;33183.55;40.97
2021-03-28T23:00+02:00;6452.8;13395.56;33441.87;38.68
2021-03-29T00:00+02:00;6508.28;12035.33;33409.92;27.56
2021-03-29T01:00+02:00;6510.13;11732.17;33665.06;23.03
2021-03-29T02:00+02:00;6508.84;11451.31;34228.11;22.12
2021-03-29T03:00+02:00;6510.06;11617.27;34192.92;22.79
2021-03-29T04:00+02:00;6439.19;12723.37;34137.93;23.44
2021-03-29T05:00+02:00;6429.29;14116.5;34185.16;35.54
2021-03-29T06:00+02:00;6425.73;16501.43;35077.84;51.33
2021-03-29T07:00+02:00;6519.78;17376.27;36059.64;67.25
2021-03-29T08:00+02:00;6610.09;17574.16;39492.18;70.86
2021-03-29T09:00+02:00;6601.83;17097.48;44480.18;55.04
2021-03-29T10:00+02:00;6604.71;15804.68;50121.46;42.29
2021-03-29T11:00+02:00;6632.66;14666.62;55795.85;29.28
2021-03-29T12:00+02:00;6557.13;13167.69;59626.26;22.33
2021-03-29T13:00+02:00;6515.84;12535.55;61225.74;17.92
2021-03-29T14:00+02:00;6467.18;12189.44;60017.7;17.13
2021-03-29T15:00+02:00;6431.18;12204.31;56181.82;18.61
2021-03-29T16:00+02:00;6561.23;13325.41;49495.13;20.44
2021-03-29T17:00+02:00;6583.19;15663.99;40395.71;39.71
2021-03-29T18:00+02:00;6635.3;18908.4;31448.09;57.68
2021-03-29T19:00+02:00;6678.17;20786.55;26404.4;67.63
2021-03-29T20:00+02:00;6684.75;22011.89;26395.68;68.15
2021-03-29T21:00+02:00;6678.96;21926.56;27200.61;64.02
2021-03-29T22:00+02:00;6685.77;21513.7;26714.11;59.18
2021-03-29T23:00+02:00;6698.54;20990.02;25864.52;56
2021-03-30T00:00+02:00;6701.33;18896.08;25005.91;47.08
2021-03-30T01:00+02:00;6708.16;18905.18;24219.24;46.46
2021-03-30T02:00+02:00;6706.9;18393.51;23945.58;44.65
2021-03-30T03:00+02:00;6717.01;17995.28;23443.39;45.59
2021-03-30T04:00+02:00;6720.76;19166.55;22662.08;46.27
2021-03-30T05:00+02:00;6721.09;21117.4;21180.33;53.22
2021-03-30T06:00+02:00;6730.71;23565.11;20236.85;65.09
2021-03-30T07:00+02:00;6725.43;24676.04;21091.56;78.22
2021-03-30T08:00+02:00;6729.17;24815.1;25651.94;76.73
2021-03-30T09:00+02:00;6726.32;24076.28;31363.12;64.63
2021-03-30T10:00+02:00;6722.09;23594.72;37220.84;52.94
2021-03-30T11:00+02:00;6707.59;22287.94;41639.62;46.37
2021-03-30T12:00+02:00;6466.12;20195.11;44826.18;44.8
2021-03-30T13:00+02:00;6661.99;18634.46;45785.26;42.05
2021-03-30T14:00+02:00;6659.67;18370.32;43939.79;39.89
2021-03-30T15:00+02:00;6648.61;18898.44;40045.58;39.78
2021-03-30T16:00+02:00;6647.41;20020.72;34030.37;43.18
2021-03-30T17:00+02:00;6653.84;22956.79;25350.33;52.5
2021-03-30T18:00+02:00;6653.5;25949.79;17089.4;63.24
2021-03-30T19:00+02:00;6655.6;27098.92;12253.74;74.29
2021-03-30T20:00+02:00;6668.18;27285.16;11576.27;77.01
2021-03-30T21:00+02:00;6681.81;27648.77;11575.52;67.38
2021-03-30T22:00+02:00;6685.31;27340.69;11517.11;65.69
2021-03-30T23:00+02:00;6685.85;26132.38;11154.47;60.36
2021-03-31T00:00+02:00;6690.92;25743.73;11182.91;56.58
2021-03-31T01:00+02:00;6697.15;24689.4;11033.38;50.97
2021-03-31T02:00+02:00;6699.98;23344.23;10714.88;50
2021-03-31T03:00+02:00;6715.43;23499.39;10668.39;49.18
2021-03-31T04:00+02:00;6713.67;23846.5;10611.21;48.33
2021-03-31T05:00+02:00;6720.14;25698.77;10763.25;53.54
2021-03-31T06:00+02:00;6725.29;27085.06;11363.56;67.41
2021-03-31T07:00+02:00;6728.13;27766.73;13083.81;75.11
2021-03-31T08:00+02:00;6726.58;27557.59;19191.61;76.39
2021-03-31T09:00+02:00;6729.49;26909.55;26669.04;65.98
2021-03-31T10:00+02:00;6713.46;25375.01;32508.83;56.81
2021-03-31T11:00+02:00;6689.43;23610.56;36764.59;50.71
2021-03-31T12:00+02:00;6676.21;22067.15;39123.53;49
2021-03-31T13:00+02:00;6661.29;20774.63;39553.26;46.66
2021-03-31T14:00+02:00;6630.24;19860.54;38236.57;43.09
2021-03-31T15:00+02:00;6641.01;20071.99;34814.3;43.92
2021-03-31T16:00+02:00;6638.99;21962.27;29084;46.79
2021-03-31T17:00+02:00;6638.35;24701.94;21532.7;51.32
2021-03-31T18:00+02:00;6635.83;26820.13;13888.81;67.16
2021-03-31T19:00+02:00;6642.22;27459.37;9812.68;96.8
2021-03-31T20:00+02:00;6654.61;27825.63;9559.34;78.6
2021-03-31T21:00+02:00;6663.11;27640.31;9594.75;66.15
2021-03-31T22:00+02:00;6675.1;27016.22;9766.65;62.9
2021-03-31T23:00+02:00;6672.32;25572.87;9750.15;55.92
2021-04-01T00:00+02:00;6682.59;23304.27;9455.08;54.38
2021-04-01T01:00+02:00;6689.65;22322.66;10574.84;47.82
2021-04-01T02:00+02:00;6685.21;21260.37;12406.65;45.1
2021-04-01T03:00+02:00;6684.11;20720.82;14672.08;44.17
2021-04-01T04:00+02:00;6687.81;21211.05;16477.09;44.29
2021-04-01T05:00+02:00;6691.96;22089.12;17139.13;45.7
2021-04-01T06:00+02:00;6695.34;22809.59;17888.98;62.43
2021-04-01T07:00+02:00;6691.84;23192.24;19985.76;70.97
2021-04-01T08:00+02:00;6687.37;23263.7;25235.34;67
2021-04-01T09:00+02:00;6583.72;23042.87;31276.4;60.36
2021-04-01T10:00+02:00;6566.76;21421.28;36970.23;54.39
2021-04-01T11:00+02:00;6554.55;19198.26;42221.3;45.95
2021-04-01T12:00+02:00;6557.81;16827.89;46246.62;43.11
2021-04-01T13:00+02:00;6534.39;15607.21;48693.08;38.95
2021-04-01T14:00+02:00;6450.44;14783.61;48697.18;36.26
2021-04-01T15:00+02:00;6418.23;14820.75;45483.86;39.45
2021-04-01T16:00+02:00;6445.79;16038.76;41366.31;43
2021-04-01T17:00+02:00;6574.12;17707.88;36187.61;49.35
2021-04-01T18:00+02:00;6601.36;19635;30495.97;57.19
2021-04-01T19:00+02:00;6642.89;20880.69;26608.41;63.72
2021-04-01T20:00+02:00;6654.02;20850.26;25483.06;66.41
2021-04-01T21:00+02:00;6659.6;20566.38;24228.7;61.28
2021-04-01T22:00+02:00;6663.14;20047.19;22107.11;58.83
2021-04-01T23:00+02:00;6657.67;18265.07;20485.11;54.82
2021-04-02T00:00+02:00;6653.23;16071.54;19706.34;54.24
2021-04-02T01:00+02:00;6660.07;14672.66;19042.66;49.77
2021-04-02T02:00+02:00;6670.82;13995.35;18785.13;47
2021-04-02T03:00+02:00;6682.65;13211.87;18414.43;43.7
2021-04-02T04:00+02:00;6696.97;13251.24;18278.04;43.96
2021-04-02T05:00+02:00;6695.61;14230.02;18139.92;47.17
2021-04-02T06:00+02:00;6691.97;14491.68;18595.98;53.52
2021-04-02T07:00+02:00;6697.27;14572.57;20457.03;60.24
2021-04-02T08:00+02:00;6702.09;14717.55;24595.98;60.67
2021-04-02T09:00+02:00;6697.9;14417.67;30771.39;56.25
2021-04-02T10:00+02:00;6696.72;13059.48;37203.08;45.56
2021-04-02T11:00+02:00;6600.97;11484.94;42422.08;40.4
2021-04-02T12:00+02:00;6419.49;10795.82;47136.75;28.26
2021-04-02T13:00+02:00;6478.69;9432.54;50532.92;0.07
2021-04-02T14:00+02:00;6363.75;8565.95;52762.77;-11.83
2021-04-02T15:00+02:00;6021.18;8357.86;52469.71;-20.95
2021-04-02T16:00+02:00;6124.65;8456.42;49577.62;-14.11
2021-04-02T17:00+02:00;6367.24;9167.48;44490.12;16.22
2021-04-02T18:00+02:00;6362.98;10907.06;38346.4;42
2021-04-02T19:00+02:00;6391.51;11879.18;33955.87;49.72
2021-04-02T20:00+02:00;6409.92;12254.98;32572.87;50.74
2021-04-02T21:00+02:00;6390.29;12125.73;31604.6;45
2021-04-02T22:00+02:00;6406.39;12055.84;30304.2;45
2021-04-02T23:00+02:00;6428.28;11512.15;29048.68;43.37
2021-04-03T00:00+02:00;6404.74;10824.53;27780.61;42.01
2021-04-03T01:00+02:00;6654.7;9721.34;26143.26;38.4
2021-04-03T02:00+02:00;6679.01;9682;24726.09;37.51
2021-04-03T03:00+02:00;6675.13;9687.93;24063.81;37.23
2021-04-03T04:00+02:00;6673.54;9649.07;23512.75;37.1
2021-04-03T05:00+02:00;6695.27;9824.92;22513.59;37.68
2021-04-03T06:00+02:00;6739.67;10357.04;21929.45;40.1
2021-04-03T07:00+02:00;6717.49;10778.72;21923.26;42.01
2021-04-03T08:00+02:00;6741.08;10979.56;24519.8;45.88
2021-04-03T09:00+02:00;6684.03;10652.29;29561.95;47.14
2021-04-03T10:00+02:00;6483.12;10138.75;35124.97;41.08
2021-04-03T11:00+02:00;6695.48;9634.22;41301.36;37.15
2021-04-03T12:00+02:00;6734.88;9357.33;44243.39;33.89
2021-04-03T13:00+02:00;6741.1;8997.86;43392.74;23.7
2021-04-03T14:00+02:00;6725.14;9005.29;43020.68;16.79
2021-04-03T15:00+02:00;6396.37;9225.11;41249.05;9.75
2021-04-03T16:00+02:00;6412.47;9469.78;38037.38;21.96
2021-04-03T17:00+02:00;6607.02;10225.68;33497.19;39.83
2021-04-03T18:00+02:00;6699.7;11494.02;27170.72;49.9
2021-04-03T19:00+02:00;6706.28;11628.09;21639.22;58
2021-04-03T20:00+02:00;6716.23;11849.21;20106.71;59.23
2021-04-03T21:00+02:00;6720.19;11677.41;19210.2;53.2
2021-04-03T22:00+02:00;6728.83;11553.21;17524.56;51.48
2021-04-03T23:00+02:00;6729.64;11407.08;15659.44;48.44
2021-04-04T00:00+02:00;6700.67;10786.79;14101.61;47.46
2021-04-04T01:00+02:00;6713.86;10578.7;13149.95;41.56
2021-04-04T02:00+02:00;6727.46;10607.86;12952.36;39.83
2021-04-04T03:00+02:00;6695.17;10584.51;13070.62;39.87
2021-04-04T04:00+02:00;6732.91;10938.7;13474.58;39.88
2021-04-04T05:00+02:00;6732.89;10829.94;14240.07;38.75
2021-04-04T06:00+02:00;6706.63;10833.07;14939.23;36.81
2021-04-04T07:00+02:00;6746.12;10801.19;16952.91;38.43
2021-04-04T08:00+02:00;6745.53;10644.94;22515.93;39.53
2021-04-04T09:00+02:00;6749.16;9846.76;29491.58;35.99
2021-04-04T10:00+02:00;6741.77;9607.7;35945.02;20.37
2021-04-04T11:00+02:00;6739.95;9223.91;39902.84;16.25
2021-04-04T12:00+02:00;6714.95;9083.35;42058.28;18.07
2021-04-04T13:00+02:00;6685.13;8615.41;44141.29;6.01
2021-04-04T14:00+02:00;6568.85;8646.55;45278.2;2.02
2021-04-04T15:00+02:00;6421.06;8582.85;45394.47;0.1
2021-04-04T16:00+02:00;6394.35;8549.68;42605.27;1.01
2021-04-04T17:00+02:00;6491.08;8861.43;38741.57;7.18
2021-04-04T18:00+02:00;6562.74;9909.39;33317.66;31.01
2021-04-04T19:00+02:00;6602.63;10492.76;28702.06;39.87
2021-04-04T20:00+02:00;6658;11134.97;28755.83;47.45
2021-04-04T21:00+02:00;6670.58;10969.94;29808.22;40.5
2021-04-04T22:00+02:00;6676.32;11240.21;30846.95;33.38
2021-04-04T23:00+02:00;6660.27;10852.3;32979.75;3.24
2021-04-05T00:00+02:00;6220.27;9900.54;34985.08;0.05
2021-04-05T01:00+02:00;5683.31;9701.21;36048.53;-10
2021-04-05T02:00+02:00;5636.28;9395.45;36535.39;-29.91
2021-04-05T03:00+02:00;5586.71;9222.83;38768.01;-29.98
2021-04-05T04:00+02:00;5686.15;9096.41;39736.72;-21.4
2021-04-05T05:00+02:00;5574.23;9198.1;40724.68;-34.97
2021-04-05T06:00+02:00;5634.67;9228.25;41120.99;-39.97
2021-04-05T07:00+02:00;5593.94;9221.46;40522.87;-44.94
2021-04-05T08:00+02:00;5552.94;8904.14;43941.97;-25.69
2021-04-05T09:00+02:00;5619.47;8835.07;48406.31;-17.65
2021-04-05T10:00+02:00;5530.87;8922.16;50815.22;-19.19
2021-04-05T11:00+02:00;5560.59;8937.39;53977.56;-12.95
2021-04-05T12:00+02:00;5637.94;8849.68;54955.25;-27.68
2021-04-05T13:00+02:00;5549.97;8878.47;53574.79;-44.98
2021-04-05T14:00+02:00;5536.83;8813.88;52849.26;-52.73
2021-04-05T15:00+02:00;5477.34;8797.88;52515.66;-49.11
2021-04-05T16:00+02:00;5706;8963.79;50998.21;-35.35
2021-04-05T17:00+02:00;6192.09;9151.37;49068.48;-9.47
2021-04-05T18:00+02:00;6413.17;9593.41;48273.51;0.08
2021-04-05T19:00+02:00;6524.28;10142.34;43406.65;21.15
2021-04-05T20:00+02:00;6537.04;10229.11;40199.78;27.87
2021-04-05T21:00+02:00;6549.22;10374.89;38357.32;19.96
2021-04-05T22:00+02:00;6540.76;10403.95;38233.97;18.47
2021-04-05T23:00+02:00;6545.33;9900.77;37760.3;10.47
2021-04-06T00:00+02:00;6670.39;10003.72;37251.96;14.7
2021-04-06T01:00+02:00;6751.76;10039.51;36932.47;13.9
2021-04-06T02:00+02:00;6703.3;9781.16;37389.11;12.37
2021-04-06T03:00+02:00;6747.33;10042.47;37061.31;14.19
2021-04-06T04:00+02:00;6686.86;11147.32;36203.35;14.93
2021-04-06T05:00+02:00;6579.41;13045.8;35330.27;28.21
2021-04-06T06:00+02:00;6555.78;14656.16;34984.96;46.16
2021-04-06T07:00+02:00;6608.11;15089.39;35201.45;65.46
2021-04-06T08:00+02:00;6699.2;16081.45;37335.89;59.99
2021-04-06T09:00+02:00;6593.97;18044.89;40505.3;39.85
2021-04-06T10:00+02:00;6543.71;17705.55;45293.92;33.94
2021-04-06T11:00+02:00;6552.27;17382.64;49867.52;28.67
2021-04-06T12:00+02:00;6540.06;16702.54;53500.24;20.88
2021-04-06T13:00+02:00;6534;15670.78;54845.47;12.52
2021-04-06T14:00+02:00;6507.23;14898.26;55557.93;9.9
2021-04-06T15:00+02:00;6528.38;14383.34;53918.31;17.19
2021-04-06T16:00+02:00;6530.74;15028.96;50959.64;20.68
2021-04-06T17:00+02:00;6526.99;17619.27;45835.63;38.73
2021-04-06T18:00+02:00;6538.98;18845.94;39475.17;52.58
2021-04-06T19:00+02:00;6539.31;19581.33;35249.59;66.51
2021-04-06T20:00+02:00;6544.95;19645.78;33564.48;71.44
2021-04-06T21:00+02:00;6545.77;19495.71;33239.68;61.23
2021-04-06T22:00+02:00;6544.89;19236.11;32966.63;56.88
2021-04-06T23:00+02:00;6546.65;18221.2;32876.15;48.17
2021-04-07T00:00+02:00;6635.47;16121.95;32195.53;55.58
2021-04-07T01:00+02:00;6684.79;15767.69;31840.34;46.3
2021-04-07T02:00+02:00;6683.79;16522.23;31383.59;46.36
2021-04-07T03:00+02:00;6674.77;16932.83;30950.07;45.94
2021-04-07T04:00+02:00;6684.18;18202.05;29905.31;44.58
2021-04-07T05:00+02:00;6614.62;20251.23;29898.67;47.7
2021-04-07T06:00+02:00;6681.65;22236.31;30487.74;61.95
2021-04-07T07:00+02:00;6722.22;23207.03;31397.52;80.86
2021-04-07T08:00+02:00;6735.39;23640.09;34965.86;84.5
2021-04-07T09:00+02:00;6729.27;23409.83;39769.53;65.89
2021-04-07T10:00+02:00;6654.54;23041.14;45366.62;55.94
2021-04-07T11:00+02:00;6627.75;22261.64;49851.01;52.32
2021-04-07T12:00+02:00;6669.41;20355.22;52518.76;41.3
2021-04-07T13:00+02:00;6662.57;18329.76;54194.78;40.68
2021-04-07T14:00+02:00;6668.26;17811.33;54221.38;39.97
2021-04-07T15:00+02:00;6666.98;17553.36;52574.34;39.83
2021-04-07T16:00+02:00;6628.5;17904.14;50296.06;40.66
2021-04-07T17:00+02:00;6625.36;18972.91;47526.19;40.25
2021-04-07T18:00+02:00;6598.46;20619.91;45015.45;46.4
2021-04-07T19:00+02:00;6628.8;20975.65;42154.21;55.5
2021-04-07T20:00+02:00;6545.54;20477.75;41727.9;49.3
2021-04-07T21:00+02:00;6523.69;19650.27;40786;46.2
2021-04-07T22:00+02:00;6532.05;18974.04;39507.26;41.93
2021-04-07T23:00+02:00;6507.23;17377.35;39266.26;37.82
2021-04-08T00:00+02:00;6534.85;16030.45;38266.47;39.54
2021-04-08T01:00+02:00;6530.99;16745.22;37356.91;40.26
2021-04-08T02:00+02:00;6536.87;16479.57;36949.3;40.76
2021-04-08T03:00+02:00;6547.29;16930.44;35526.48;44.9
2021-04-08T04:00+02:00;6644.98;18928.26;34870.91;46.77
2021-04-08T05:00+02:00;6666.32;21171.74;33148.71;47.2
2021-04-08T06:00+02:00;6669.76;24201.37;32425.26;60.95
2021-04-08T07:00+02:00;6677.42;25291.26;31393.26;79.86
2021-04-08T08:00+02:00;6718.27;25699.02;33016.19;99.26
2021-04-08T09:00+02:00;6721.41;25524.7;37115.25;66.49
2021-04-08T10:00+02:00;6708.04;24289.88;42488.93;59.71
2021-04-08T11:00+02:00;6657.42;24284.59;45134.29;58.53
2021-04-08T12:00+02:00;6504.34;24576.54;45259.85;57.02
2021-04-08T13:00+02:00;6413.04;23950.55;45567.46;53.39
2021-04-08T14:00+02:00;6418.25;22770.58;46236.08;51.47
2021-04-08T15:00+02:00;6557.8;22312.44;45428.9;49.02
2021-04-08T16:00+02:00;6688.84;21900.64;42875.07;47.63
2021-04-08T17:00+02:00;6641.64;22184.59;38422.39;53.9
2021-04-08T18:00+02:00;6692.4;23562.35;31271.32;63.86
2021-04-08T19:00+02:00;6695.76;24816.3;26348.01;76.18
2021-04-08T20:00+02:00;6696.76;25035.56;26111.43;76.31
2021-04-08T21:00+02:00;6696.58;24596.74;28395.31;61.86
2021-04-08T22:00+02:00;6703.91;23469.15;30161.73;58.04
2021-04-08T23:00+02:00;6703.84;21304.48;31312.6;49.02
2021-04-09T00:00+02:00;6702.42;18929.12;32522.77;41.9
2021-04-09T01:00+02:00;6706.76;18109.68;33518.35;41.9
2021-04-09T02:00+02:00;6706.16;18127.94;34256.92;39.48
2021-04-09T03:00+02:00;6709.06;17900.31;35021.22;37.97
2021-04-09T04:00+02:00;6706.88;17914.71;35583.54;41.88
2021-04-09T05:00+02:00;6710.45;19093.56;35847.25;43.59
2021-04-09T06:00+02:00;6708.31;20707.99;36832.95;46.36
2021-04-09T07:00+02:00;6700.95;21992.36;38401.36;55.02
2021-04-09T08:00+02:00;6712.36;22134.63;41149.79;59.08
2021-04-09T09:00+02:00;6711.39;20499.04;44525.53;47.38
2021-04-09T10:00+02:00;6706.17;18256.39;49261.5;44.01
2021-04-09T11:00+02:00;6700.89;16856.55;54117.07;42.12
2021-04-09T12:00+02:00;6557.6;15698.98;56236.25;41.86
2021-04-09T13:00+02:00;6276.34;15774.41;55711.16;45.36
2021-04-09T14:00+02:00;6391.43;16393.89;52181.59;47.38
2021-04-09T15:00+02:00;6457.39;17876.67;46636.32;46.53
2021-04-09T16:00+02:00;6510.87;20818;40236.33;58.11
2021-04-09T17:00+02:00;6599.7;23634.98;31827.53;63.93
2021-04-09T18:00+02:00;6656.33;25986.79;23460.47;70.68
2021-04-09T19:00+02:00;6653.2;26755.58;17615.68;83
2021-04-09T20:00+02:00;6654.37;26708.67;15657.88;84.9
2021-04-09T21:00+02:00;6661.58;26507.84;14883.73;76.51
2021-04-09T22:00+02:00;6666.11;26231.02;14017.68;70.29
2021-04-09T23:00+02:00;6664.55;25867.94;13536.66;64.87
2021-04-10T00:00+02:00;6670.59;24994.44;13371.96;66.02
2021-04-10T01:00+02:00;6670.69;23460.96;13538.19;61.21
2021-04-10T02:00+02:00;6670.07;23036.71;13811.45;55.65
2021-04-10T03:00+02:00;6677.38;22913.03;14324.29;55.56
2021-04-10T04:00+02:00;6677.76;22978.21;14184.31;52.39
2021-04-10T05:00+02:00;6676.63;23369.56;13929.27;54.04
2021-04-10T06:00+02:00;6681.59;23446.41;13729.14;52.68
2021-04-10T07:00+02:00;6676.96;23143.96;14640.03;59.62
2021-04-10T08:00+02:00;6669.98;23234.98;16927.18;66.2
2021-04-10T09:00+02:00;6665.11;23102.72;19778.77;69.19
2021-04-10T10:00+02:00;6659.78;22900.39;21952.99;64.51
2021-04-10T11:00+02:00;6658.09;22778.17;24106.91;61.21
2021-04-10T12:00+02:00;6650.82;23030.55;25781.94;58.93
2021-04-10T13:00+02:00;6653.73;23068.03;26473.68;52.5
2021-04-10T14:00+02:00;6644.59;22612.9;26190.03;50.08
2021-04-10T15:00+02:00;6645.25;22535.61;25376.95;50.01
2021-04-10T16:00+02:00;6644.21;22957.97;23241.59;52.04
2021-04-10T17:00+02:00;6639.54;23592.57;20038;59.84
2021-04-10T18:00+02:00;6639.85;24620.12;17325.52;65.7
2021-04-10T19:00+02:00;6640.66;24785.67;16591.76;69.24
2021-04-10T20:00+02:00;6638.33;24657.82;19297.72;68.92
2021-04-10T21:00+02:00;6635.57;24115.08;22160.29;61.56
2021-04-10T22:00+02:00;6638.97;23141.55;23875.61;54.62
2021-04-10T23:00+02:00;6641.23;20336.13;25298.57;49.61
2021-04-11T00:00+02:00;6561.78;17761.15;26409.38;53.59
2021-04-11T01:00+02:00;6566.38;16967.18;27264.08;46.33
2021-04-11T02:00+02:00;6559.97;16824.26;27687.09;42.42
2021-04-11T03:00+02:00;6574.79;16348.63;27757.85;45.04
2021-04-11T04:00+02:00;6579.11;16445.12;27641.35;44.69
2021-04-11T05:00+02:00;6570.48;16242.4;26757.28;41.98
2021-04-11T06:00+02:00;6418.38;16608.12;26334.42;42.84
2021-04-11T07:00+02:00;6375.63;16715.47;27377.29;41.88
2021-04-11T08:00+02:00;6370.09;16594.36;30205.16;45.64
2021-04-11T09:00+02:00;6358.8;16456.5;35090.59;46.38
2021-04-11T10:00+02:00;6364.22;15026.7;38844.84;45.92
2021-04-11T11:00+02:00;6336.7;14795.05;41615.81;47.76
2021-04-11T12:00+02:00;6320.71;14353.65;42299.3;45.66
2021-04-11T13:00+02:00;6286.04;13922.62;41595.87;44.81
2021-04-11T14:00+02:00;6289.02;13878.18;39906.38;41.92
2021-04-11T15:00+02:00;6327.38;14041.1;37350.22;41.29
2021-04-11T16:00+02:00;6364.08;13914.05;33805.9;42
2021-04-11T17:00+02:00;6441.1;16142.02;31258.89;44.36
2021-04-11T18:00+02:00;6620.42;19018.68;29425.47;48.2
2021-04-11T19:00+02:00;6625.75;20049.32;27241.25;62.04
2021-04-11T20:00+02:00;6640.99;20553.08;26649.91;67.24
2021-04-11T21:00+02:00;6653.17;20599.21;26661.12;67.2
2021-04-11T22:00+02:00;6655.59;19845.79;26141.97;63.85
2021-04-11T23:00+02:00;6656.71;19934.57;24797.23;55.47
2021-04-12T00:00+02:00;6565.37;20506.17;23217.82;48.64
2021-04-12T01:00+02:00;6515.12;20984.25;22196.75;49.08
2021-04-12T02:00+02:00;6521.34;21760.52;21461.11;50
2021-04-12T03:00+02:00;6521.12;22748.46;21229.88;50.72
2021-04-12T04:00+02:00;6510.19;24556.42;20569.72;50.05
2021-04-12T05:00+02:00;6509.54;27156.23;20350.35;53.8
2021-04-12T06:00+02:00;6515.08;31418.59;20499.7;69.25
2021-04-12T07:00+02:00;6517.12;33684.36;20176.98;85.66
2021-04-12T08:00+02:00;6439.14;35199.61;21055.16;100
2021-04-12T09:00+02:00;6385.48;34668;23998.82;81.33
2021-04-12T10:00+02:00;6384.52;33072.97;27045.74;65.79
2021-04-12T11:00+02:00;6405.71;33845.24;29569.08;66.64
2021-04-12T12:00+02:00;6408.83;33185.59;31862.11;60.71
2021-04-12T13:00+02:00;6457.24;32305.19;33862.22;54.57
2021-04-12T14:00+02:00;6455.18;30808.09;35454.3;48.26
2021-04-12T15:00+02:00;6457.41;30350.84;34564.84;47.88
2021-04-12T16:00+02:00;6446.77;30555.58;33265.02;48.91
2021-04-12T17:00+02:00;6460.61;31944.09;29887.68;54.53
2021-04-12T18:00+02:00;6464.3;33837.83;25400.01;70.72
2021-04-12T19:00+02:00;6479.68;35232.23;20490.45;80
2021-04-12T20:00+02:00;6478.45;35206.5;19581.63;80.1
2021-04-12T21:00+02:00;6489.14;33668.99;19771.96;77.64
2021-04-12T22:00+02:00;6490;32098.05;21416.66;64.74
2021-04-12T23:00+02:00;6490.53;28847.88;22612.8;46.34
2021-04-13T00:00+02:00;6514.07;27452.49;23826.86;52.14
2021-04-13T01:00+02:00;6559.44;25724.13;24436.02;51.9
2021-04-13T02:00+02:00;6563.93;24935.83;24247.94;50.51
2021-04-13T03:00+02:00;6561.38;25752.78;24624.16;49.33
2021-04-13T04:00+02:00;6567.43;26846.42;24261.71;52.02
2021-04-13T05:00+02:00;6570.72;28687.14;24396.33;53.05
2021-04-13T06:00+02:00;6561.57;31347.07;24823.1;69.62
2021-04-13T07:00+02:00;6565.38;32438.05;25285.53;84.91
2021-04-13T08:00+02:00;6496.86;32941.47;29202.99;76.96
2021-04-13T09:00+02:00;6461.53;30213.27;35516.28;52.73
2021-04-13T10:00+02:00;6467.99;27344.55;39841.62;45.77
2021-04-13T11:00+02:00;6463.53;28172.15;41562.04;46.66
2021-04-13T12:00+02:00;6476.64;27207.22;42917.87;45.64
2021-04-13T13:00+02:00;6551.45;26139.48;43362.06;43.76
2021-04-13T14:00+02:00;6547.79;25248.94;43324.04;41.58
2021-04-13T15:00+02:00;6546.77;25176.19;42172.78;42.73
2021-04-13T16:00+02:00;6512.65;25745.37;39004.02;46.55
2021-04-13T17:00+02:00;6435.76;29222.88;33739.14;51.85
2021-04-13T18:00+02:00;6308.56;31946.48;27600.86;63.26
2021-04-13T19:00+02:00;6371.07;33477.34;22743.53;77.26
2021-04-13T20:00+02:00;6382.45;33836.15;20197.31;88.32
2021-04-13T21:00+02:00;6385.05;33184.05;19419.33;73.7
2021-04-13T22:00+02:00;6384.4;32235.99;19069.96;65.58
2021-04-13T23:00+02:00;6388.01;30281.91;18612.67;54.56
2021-04-14T00:00+02:00;6389.36;29467.39;18258.89;50.1
2021-04-14T01:00+02:00;6407.51;28589.42;18117.77;53.46
2021-04-14T02:00+02:00;6464.24;28885.49;17737.63;54.07
2021-04-14T03:00+02:00;6535.49;28985.23;17401.07;53.85
2021-04-14T04:00+02:00;6599.78;29704.6;17095.6;54.02
2021-04-14T05:00+02:00;6613.4;30725.55;16615.02;54.89
2021-04-14T06:00+02:00;6670.99;32868.98;16482.87;79.05
2021-04-14T07:00+02:00;6703.19;34455.39;17856.36;118.52
2021-04-14T08:00+02:00;6703.49;34546.64;22602.81;125
2021-04-14T09:00+02:00;6696.01;34145.76;28960.83;75.54
2021-04-14T10:00+02:00;6511.46;32510.5;32605.54;62.62
2021-04-14T11:00+02:00;6440.14;31557.42;32596.67;62.08
2021-04-14T12:00+02:00;6445.68;32012.09;32772.14;58.29
2021-04-14T13:00+02:00;6438.33;31301.89;33855.32;54.9
2021-04-14T14:00+02:00;6440.93;30198.04;33714.33;50.62
2021-04-14T15:00+02:00;6440.68;29951.37;32547.76;52.79
2021-04-14T16:00+02:00;6451.42;31082.58;29375.38;52.03
2021-04-14T17:00+02:00;6622.08;32519.73;25238.19;62.04
2021-04-14T18:00+02:00;6699.2;34147.13;19845.85;73.19
2021-04-14T19:00+02:00;6601.56;34562.45;15247.23;97.45
2021-04-14T20:00+02:00;6428.82;34739.97;13510.05;100
2021-04-14T21:00+02:00;6394.98;34685.51;13148.15;85.62
2021-04-14T22:00+02:00;6397.05;34032.52;13303.86;75.66
2021-04-14T23:00+02:00;6399.78;32998.84;13145.34;62.05
2021-04-15T00:00+02:00;6398.26;32526.06;12794.18;61.96
2021-04-15T01:00+02:00;6395.18;31526.7;12750.97;57.81
2021-04-15T02:00+02:00;6390.31;31379.92;12492.51;57.01
2021-04-15T03:00+02:00;6394.41;31742.42;12306.75;57.5
2021-04-15T04:00+02:00;6394.47;32606.04;12212.05;61.16
2021-04-15T05:00+02:00;6446.52;33571.24;12437.03;65.81
2021-04-15T06:00+02:00;6465.16;35186.31;12961.73;82.9
2021-04-15T07:00+02:00;6462.27;36301.68;15651.22;105.05
2021-04-15T08:00+02:00;6571.51;36129.17;20509.15;118
2021-04-15T09:00+02:00;6673.83;35110.1;26945.3;77.14
2021-04-15T10:00+02:00;6659.87;33287.96;33376.52;65.93
2021-04-15T11:00+02:00;6681.95;31654.7;35023.75;64.1
2021-04-15T12:00+02:00;6683.16;32005.29;35812.32;55.42
2021-04-15T13:00+02:00;6683.19;30185.63;36682.37;51.29
2021-04-15T14:00+02:00;6681.6;27629.28;36985.33;49.1
2021-04-15T15:00+02:00;6678.98;27186.44;35351.63;49.84
2021-04-15T16:00+02:00;6681.04;29078.57;32511.75;52
2021-04-15T17:00+02:00;6719.81;31670.79;28646.19;55.88
2021-04-15T18:00+02:00;6999.39;33423.05;23590.21;67.94
2021-04-15T19:00+02:00;7101.96;34118.78;19508.63;81.46
2021-04-15T20:00+02:00;7279.44;34631.67;17950.18;81.05
2021-04-15T21:00+02:00;7353;34405;18523.74;71.42
2021-04-15T22:00+02:00;7351.92;33022.71;19202.16;64.62
2021-04-15T23:00+02:00;7352.25;30915.99;19405.76;53.01
2021-04-16T00:00+02:00;7355.15;29258.66;18469.33;52.57
2021-04-16T01:00+02:00;7442.22;28367.05;17888.63;52.5
2021-04-16T02:00+02:00;7605.53;28351.63;17620.7;51.35
2021-04-16T03:00+02:00;7671.02;28487.51;17356.52;52.16
2021-04-16T04:00+02:00;7788.69;28939.97;17072.99;54.34
2021-04-16T05:00+02:00;7787.36;30409.31;16968.43;56.41
2021-04-16T06:00+02:00;7794.09;32921.18;17099.83;70.76
2021-04-16T07:00+02:00;7838.52;33942.72;18799.04;86.09
2021-04-16T08:00+02:00;7891.46;33741.15;22546.01;96.1
2021-04-16T09:00+02:00;7699.97;33286.38;27761.95;65.58
2021-04-16T10:00+02:00;7845.14;31966.2;32457.41;63.64
2021-04-16T11:00+02:00;7902.46;30381.74;35104.23;59.67
2021-04-16T12:00+02:00;7904.25;29240.22;35841.43;57.51
2021-04-16T13:00+02:00;7819;28623.38;35180.5;55.25
2021-04-16T14:00+02:00;7643.69;27972.2;33930.46;52.9
2021-04-16T15:00+02:00;7638.17;27714.78;31648.72;54.02
2021-04-16T16:00+02:00;7671.44;28431.98;28772.08;53.66
2021-04-16T17:00+02:00;7807.26;30721.8;24867.77;57.59
2021-04-16T18:00+02:00;7967.92;32133.56;21039.96;68.09
2021-04-16T19:00+02:00;7987.9;32696.89;17749.29;78.51
2021-04-16T20:00+02:00;7991.17;32773.25;16689.55;78.07
2021-04-16T21:00+02:00;8007.98;32865.99;16891.09;67.68
2021-04-16T22:00+02:00;8015.45;32464.45;16524.3;65.59
2021-04-16T23:00+02:00;8008.53;30692.67;16659.79;63.03
2021-04-17T00:00+02:00;7922.73;29098.02;16365.54;65.91
2021-04-17T01:00+02:00;7813.45;27406.24;15754.79;55.56
2021-04-17T02:00+02:00;7727.28;26862.09;15171.32;57.12
2021-04-17T03:00+02:00;7730.58;26954.29;14998.82;55.93
2021-04-17T04:00+02:00;7731.78;27240.35;15247.94;55.99
2021-04-17T05:00+02:00;7734.81;27585.41;15480.82;57.14
2021-04-17T06:00+02:00;7743;28114.87;15612.95;65.57
2021-04-17T07:00+02:00;7750.09;28290.2;17181.48;65.19
2021-04-17T08:00+02:00;7664.07;28078.77;19666.22;73.31
2021-04-17T09:00+02:00;7556.4;27588.04;23553.41;68.8
2021-04-17T10:00+02:00;7799.99;26059.23;27961.92;58.76
2021-04-17T11:00+02:00;7850.96;23987.52;31057.55;56.63
2021-04-17T12:00+02:00;7842.49;22511.08;31950.71;54.63
2021-04-17T13:00+02:00;7828.6;20165.89;32217.82;50.59
2021-04-17T14:00+02:00;7867.08;19848.96;31436.14;49.45
2021-04-17T15:00+02:00;7898.79;20160.49;28716.22;49.35
2021-04-17T16:00+02:00;7895.73;22488.48;25543.58;50.72
2021-04-17T17:00+02:00;7900.72;25125.04;21712.9;53.49
2021-04-17T18:00+02:00;7895.83;27009.27;17679.53;59.98
2021-04-17T19:00+02:00;7897.71;28048.3;15000.94;74.48
2021-04-17T20:00+02:00;7903.38;28969.71;13945.24;78.47
2021-04-17T21:00+02:00;7906.26;28756.62;13870.44;77.1
2021-04-17T22:00+02:00;7904.61;28627.05;13537.09;69.55
2021-04-17T23:00+02:00;7904.27;28198.23;13305.35;64.98
2021-04-18T00:00+02:00;7993.29;27286.75;12725.14;68.33
2021-04-18T01:00+02:00;7920.38;26897.98;11850.76;63.98
2021-04-18T02:00+02:00;7817.24;26288.76;11337.09;62.65
2021-04-18T03:00+02:00;7788.51;26312.62;10668.48;62.1
2021-04-18T04:00+02:00;7784.54;26741.31;10327.86;61.02
2021-04-18T05:00+02:00;7794.68;26461.9;10219.66;60.57
2021-04-18T06:00+02:00;7819.72;26531.56;10324.11;60.54
2021-04-18T07:00+02:00;7819.83;26632.94;11630.14;62.62
2021-04-18T08:00+02:00;7918.83;27006.81;13913.79;64.52
2021-04-18T09:00+02:00;8010.42;27179.85;16851.65;63.57
2021-04-18T10:00+02:00;7905.31;26950.13;19929.26;59.93
2021-04-18T11:00+02:00;7824.09;26529.08;22432.05;56.93
2021-04-18T12:00+02:00;7723.29;25977.24;24497.6;56.59
2021-04-18T13:00+02:00;7712.84;23828.78;24988.02;51.94
2021-04-18T14:00+02:00;7709.85;22252.19;24355.88;49.42
2021-04-18T15:00+02:00;7705.9;23114.55;22852.56;48.97
2021-04-18T16:00+02:00;7708.89;24521.22;20308.75;51.34
2021-04-18T17:00+02:00;7853.85;27238.83;17153.87;54.55
2021-04-18T18:00+02:00;7968.21;29502.84;14042.92;64.99
2021-04-18T19:00+02:00;7971.62;30525.58;12260.04;76.08
2021-04-18T20:00+02:00;7966.46;30925.32;11600.17;80.93
2021-04-18T21:00+02:00;7968.89;30303.51;11709;80
2021-04-18T22:00+02:00;7969.37;29914.77;11908.26;76.31
2021-04-18T23:00+02:00;7972.74;29926.82;12069.74;65.21
2021-04-19T00:00+02:00;7978;29112.12;11521.37;62.78
2021-04-19T01:00+02:00;7980.59;28900.2;10980.24;58.09
2021-04-19T02:00+02:00;7982.77;28772.36;10331.92;58.08
2021-04-19T03:00+02:00;7988.53;28978.8;10211.86;56.09
2021-04-19T04:00+02:00;7990.5;29192.58;10109.62;57.91
2021-04-19T05:00+02:00;7987.04;30789.29;10022.95;66.58
2021-04-19T06:00+02:00;7988.89;32846.73;10287.85;84.9
2021-04-19T07:00+02:00;7990.88;33959.25;11869.97;98.66
2021-04-19T08:00+02:00;7987.56;34271.37;14347.64;117.18
2021-04-19T09:00+02:00;7989.17;34726.51;17577.26;102.78
2021-04-19T10:00+02:00;7985.43;33748.17;20863.65;89.19
2021-04-19T11:00+02:00;7976.96;32497.48;23598.71;75.12
2021-04-19T12:00+02:00;7968.86;31864.94;25599.82;66.5
2021-04-19T13:00+02:00;7966.44;31621.6;27371.98;60.4
2021-04-19T14:00+02:00;7963.65;30852.99;27701.92;59.63
2021-04-19T15:00+02:00;7937;30787.22;26470.73;60.14
2021-04-19T16:00+02:00;7816.61;31332.16;23565.69;59.64
2021-04-19T17:00+02:00;7829.47;32211.66;20255.17;69.98
2021-04-19T18:00+02:00;7936.46;33098.02;16076.09;85.04
2021-04-19T19:00+02:00;7956.65;33935.6;12981.73;99.41
2021-04-19T20:00+02:00;7960.4;33880.71;12336.64;100
2021-04-19T21:00+02:00;7960.09;33759.06;12910.49;89.5
2021-04-19T22:00+02:00;7957.25;32619.01;12970.87;73.76
2021-04-19T23:00+02:00;7960.54;31125.4;13116.56;64.66
2021-04-20T00:00+02:00;7963.19;31817.68;12619.82;64.54
2021-04-20T01:00+02:00;7972.13;31102.07;11978.48;62.61
2021-04-20T02:00+02:00;7973.49;30921.2;11276.79;62.53
2021-04-20T03:00+02:00;7977.18;31421.83;10672.41;63.92
2021-04-20T04:00+02:00;7983.87;32620.21;10224.07;68.61
2021-04-20T05:00+02:00;7985.13;33664.5;10095.43;71.94
2021-04-20T06:00+02:00;7985.61;34863.67;10281.99;85.43
2021-04-20T07:00+02:00;7985.89;35258.22;12810.04;99.05
2021-04-20T08:00+02:00;7879.54;34944.6;17186.13;110.41
2021-04-20T09:00+02:00;7834.2;33642.22;22966.82;92
2021-04-20T10:00+02:00;7706.26;31631.91;28845.02;69.53
2021-04-20T11:00+02:00;7497.06;29648.58;32960.7;62.27
2021-04-20T12:00+02:00;7438.16;28487.06;35152.6;60.46
2021-04-20T13:00+02:00;7395.37;27563.39;35387.17;58.98
2021-04-20T14:00+02:00;7494.75;27514;34209.79;57.87
2021-04-20T15:00+02:00;7550.46;28484.5;31877.7;57.02
2021-04-20T16:00+02:00;7646.54;29718.44;27823.18;58.83
2021-04-20T17:00+02:00;7797.82;31980.54;22790.25;69.88
2021-04-20T18:00+02:00;7912.36;33155.27;17026.69;84.98
2021-04-20T19:00+02:00;7928.08;34748.36;12562.2;100
2021-04-20T20:00+02:00;7932.65;35004.19;11285.47;101.73
2021-04-20T21:00+02:00;7939.81;34108.98;11675.89;93.92
2021-04-20T22:00+02:00;7947.26;33983.14;11548.04;86.91
2021-04-20T23:00+02:00;7955.48;32841.45;10940.29;75
2021-04-21T00:00+02:00;7959.63;31174.52;10374.87;66.75
2021-04-21T01:00+02:00;7967.57;29995.35;10040.32;63.08
2021-04-21T02:00+02:00;7974.35;29551.25;10187.21;62.24
2021-04-21T03:00+02:00;7987.81;29478.4;10491.48;61.17
2021-04-21T04:00+02:00;7989.83;30108.29;10771.69;62.4
2021-04-21T05:00+02:00;7995.02;31696.05;11788.73;63.19
2021-04-21T06:00+02:00;7997.4;33584.93;13455.02;81.01
2021-04-21T07:00+02:00;7997.59;33815.16;18207.99;87.61
2021-04-21T08:00+02:00;7994.16;33002.01;25199.29;76.24
2021-04-21T09:00+02:00;7943.46;29844.25;32927.69;59.14
2021-04-21T10:00+02:00;7734.69;24812.7;40955.25;51.68
2021-04-21T11:00+02:00;7683.96;21087.44;46269.03;57.81
2021-04-21T12:00+02:00;7681.51;17794.37;47646.78;49.39
2021-04-21T13:00+02:00;7657.02;17016.13;47528.65;46.87
2021-04-21T14:00+02:00;7591.8;17045.95;46269.2;43.36
2021-04-21T15:00+02:00;7587.8;17756.37;44778.36;41.62
2021-04-21T16:00+02:00;7591.32;18675.28;42013.05;33.38
2021-04-21T17:00+02:00;7588.92;20187.79;38641.11;42.06
2021-04-21T18:00+02:00;7578.73;22149.79;35561.08;53.64
2021-04-21T19:00+02:00;7586.82;23633.75;32159.94;73.61
2021-04-21T20:00+02:00;7596.58;24441.93;31037.21;78.02
2021-04-21T21:00+02:00;7555.92;23646.61;31243.09;69.9
2021-04-21T22:00+02:00;7562.93;22124.59;30096.95;62.35
2021-04-21T23:00+02:00;7656.82;20714.27;29215.52;50.49
2021-04-22T00:00+02:00;7670.78;18900.78;28047.11;46.74
2021-04-22T01:00+02:00;7691.12;18095.5;27435.17;46.79
2021-04-22T02:00+02:00;7689.22;18110.53;27060.33;44.35
2021-04-22T03:00+02:00;7706.11;18840.34;27112.92;46.78
2021-04-22T04:00+02:00;7708.22;19939.49;27373.21;47.21
2021-04-22T05:00+02:00;7705.51;21396.19;27342.04;50
2021-04-22T06:00+02:00;7709.65;22930.96;27886.25;66.73
2021-04-22T07:00+02:00;7687.02;23132.31;30244.92;82.57
2021-04-22T08:00+02:00;7593.84;22473.11;35977.62;59.34
2021-04-22T09:00+02:00;7622.42;20478.32;42712.85;42.72
2021-04-22T10:00+02:00;7603.11;18070.5;46660.58;35.63
2021-04-22T11:00+02:00;7574.14;16315.18;49854;28.97
2021-04-22T12:00+02:00;7566.02;15448.89;52077.44;17.67
2021-04-22T13:00+02:00;7571.54;14232.62;53074.52;0.07
2021-04-22T14:00+02:00;7489.07;13985.91;53951.69;0.06
2021-04-22T15:00+02:00;7367.58;13742.4;53121.62;1.53
2021-04-22T16:00+02:00;7350.41;13946.04;51050.85;15.95
2021-04-22T17:00+02:00;7432.22;15636.25;45886.98;46.72
2021-04-22T18:00+02:00;7570.63;19848.64;38320.49;51.57
2021-04-22T19:00+02:00;7773.48;22682.81;31760.32;77.73
2021-04-22T20:00+02:00;7798.6;23657.75;28442.6;84.42
2021-04-22T21:00+02:00;7755.06;23921.01;27708.77;78.25
2021-04-22T22:00+02:00;7761;23368.39;27256.45;66.75
2021-04-22T23:00+02:00;7735.54;21204.62;26663.6;63.1
2021-04-23T00:00+02:00;7725.32;19329.76;25571.59;66.73
2021-04-23T01:00+02:00;7741.12;18981.88;24491.07;58.4
2021-04-23T02:00+02:00;7744.55;19222.49;23761.4;57.48
2021-04-23T03:00+02:00;7749.85;19928.75;22871.39;57.9
2021-04-23T04:00+02:00;7764.11;20465.22;22477.69;57.48
2021-04-23T05:00+02:00;7802.14;21955.11;22012.73;67
2021-04-23T06:00+02:00;7805.73;23472.44;21958.69;77
2021-04-23T07:00+02:00;7805.56;24061.75;24292.79;83.73
2021-04-23T08:00+02:00;7744.61;24264.91;30842.45;83.16
2021-04-23T09:00+02:00;7682.44;23305.15;37390.16;63.89
2021-04-23T10:00+02:00;7660.69;22237.3;42079.58;54.38
2021-04-23T11:00+02:00;7594.14;20296.2;46783;50.84
2021-04-23T12:00+02:00;7529.02;17958.69;49736.41;46.72
2021-04-23T13:00+02:00;7458.37;15818.6;50820.64;43.52
2021-04-23T14:00+02:00;7443.61;14511.43;50154.73;38.73
2021-04-23T15:00+02:00;7364.92;14193.68;47124.23;40.06
2021-04-23T16:00+02:00;7690.58;15170.5;42078.74;45.29
2021-04-23T17:00+02:00;7594.03;18402.74;34735.44;51.36
2021-04-23T18:00+02:00;7633.37;21024.74;26098.5;64
2021-04-23T19:00+02:00;7737.32;22679.38;19162.68;78.02
2021-04-23T20:00+02:00;7850.06;23201.24;16381.92;81.02
2021-04-23T21:00+02:00;7939.11;23360.22;16359.09;78.33
2021-04-23T22:00+02:00;7942.91;22993.04;16770.1;70.9
2021-04-23T23:00+02:00;7944.64;22069.16;16823.28;65.69
2021-04-24T00:00+02:00;7944.08;20620;16548.53;68.51
2021-04-24T01:00+02:00;7942.22;19755.66;16489.56;64.5
2021-04-24T02:00+02:00;7942.71;18493.43;16828.13;61.4
2021-04-24T03:00+02:00;7955.24;18565.28;16744.39;56.86
2021-04-24T04:00+02:00;7959.67;18278.54;17125.52;54.89
2021-04-24T05:00+02:00;7968.43;17820.76;17263.48;54.55
2021-04-24T06:00+02:00;7968.29;17921.09;17483;57.95
2021-04-24T07:00+02:00;7971.06;18024.02;19937.47;57.51
2021-04-24T08:00+02:00;7971.23;17796.66;24534.9;55.75
2021-04-24T09:00+02:00;7773.59;16583.7;31291.22;54.68
2021-04-24T10:00+02:00;7595.27;13858.58;37739.12;50
2021-04-24T11:00+02:00;7591.57;12165;41452.05;47.96
2021-04-24T12:00+02:00;7562.34;11222.34;42767.13;43.9
2021-04-24T13:00+02:00;7225.17;10666.15;43330.05;32.84
2021-04-24T14:00+02:00;7067.14;10420.33;42534.11;20.24
2021-04-24T15:00+02:00;7059.43;10436.28;41046.57;19.51
2021-04-24T16:00+02:00;7190.77;10847.13;38107.14;28.18
2021-04-24T17:00+02:00;7611.94;12070.78;33182.37;48.46
2021-04-24T18:00+02:00;7651;15640.19;27353.94;56.96
2021-04-24T19:00+02:00;7875.59;16939.1;22475.51;67.65
2021-04-24T20:00+02:00;7906.11;17641.83;20250.54;73.43
2021-04-24T21:00+02:00;7916.52;16875.89;20510.08;68.56
2021-04-24T22:00+02:00;7927.19;16520.12;20341.51;67.15
2021-04-24T23:00+02:00;7932.09;15509.08;19589.25;58.42
2021-04-25T00:00+02:00;7936.47;14082.4;19047.39;50.82
2021-04-25T01:00+02:00;7950.55;13204.07;18116.13;48.55
2021-04-25T02:00+02:00;7957.28;12789.36;17156.14;48.71
2021-04-25T03:00+02:00;7965.39;12883.09;16673.35;48.3
2021-04-25T04:00+02:00;7974.14;12799.38;16305.75;48.03
2021-04-25T05:00+02:00;7985.04;12758.88;15993.2;47.32
2021-04-25T06:00+02:00;7986.73;12807.65;16584.77;44.76
2021-04-25T07:00+02:00;7988.69;12885.63;18837.76;43.8
2021-04-25T08:00+02:00;7984.65;12754.95;23689.26;43.48
2021-04-25T09:00+02:00;7987.54;11757.15;30862.92;37.21
2021-04-25T10:00+02:00;7980.95;10842.36;37320.55;17.8
2021-04-25T11:00+02:00;7984.67;10572.45;40934.73;15.5
2021-04-25T12:00+02:00;7935.46;10572.13;42444.64;15.32
2021-04-25T13:00+02:00;7387.42;10485.68;43205.51;1.61
2021-04-25T14:00+02:00;6860.59;10405.68;42203.54;-6.94
2021-04-25T15:00+02:00;6849.26;10439.83;40365.5;-3.29
2021-04-25T16:00+02:00;7187.08;10548.17;37506.98;0.11
2021-04-25T17:00+02:00;7754.14;11434.95;32179.09;18.91
2021-04-25T18:00+02:00;7918.06;14319.29;25030.13;54.7
2021-04-25T19:00+02:00;7929.91;18316.68;18987.24;65.93
2021-04-25T20:00+02:00;7940.79;19467.61;17027.94;67.88
2021-04-25T21:00+02:00;7944.06;19186.33;18283.7;66
2021-04-25T22:00+02:00;7946.17;18943.71;18661.59;64.98
2021-04-25T23:00+02:00;7951.26;18727.81;17988.44;59.98
2021-04-26T00:00+02:00;7961.39;18251.63;16805.65;52.5
2021-04-26T01:00+02:00;7972.22;17825.34;15474;51.14
2021-04-26T02:00+02:00;7973.03;18259.18;14321.12;52.51
2021-04-26T03:00+02:00;7978.85;18855.35;13850.01;51.1
2021-04-26T04:00+02:00;7982.64;19772.04;13351.8;51.17
2021-04-26T05:00+02:00;7981.48;23480.17;12824.56;57.06
2021-04-26T06:00+02:00;7976.08;26054.12;13464.28;74.96
2021-04-26T07:00+02:00;7977.61;27306.11;17046.4;81.96
2021-04-26T08:00+02:00;7901.06;27230.16;23153.77;83.85
2021-04-26T09:00+02:00;7675.39;26084.39;31158.28;74.23
2021-04-26T10:00+02:00;7530.11;23845.28;37206.71;52.55
2021-04-26T11:00+02:00;7515.08;22242.11;40326.54;51.07
2021-04-26T12:00+02:00;7494.31;20682.21;41651.92;50.12
2021-04-26T13:00+02:00;7506.44;19782.97;41855.17;48.99
2021-04-26T14:00+02:00;7492.59;19458.6;40802.73;48.34
2021-04-26T15:00+02:00;7495.47;20223.15;37741.02;49.14
2021-04-26T16:00+02:00;7488;21942.48;33017.43;50.73
2021-04-26T17:00+02:00;7483.54;25234.95;26386.3;60.97
2021-04-26T18:00+02:00;7496.54;27707.78;19255.46;73.85
2021-04-26T19:00+02:00;7734.21;28310.71;14534.56;79.67
2021-04-26T20:00+02:00;7857.52;28574.04;14520.55;81.02
2021-04-26T21:00+02:00;7929.9;28342.23;17464.81;75.05
2021-04-26T22:00+02:00;7943.16;27245.14;19247.18;70.69
2021-04-26T23:00+02:00;7940.58;24713.37;20330.44;63.49
2021-04-27T00:00+02:00;7950.5;23098.73;20617.22;53.62
2021-04-27T01:00+02:00;7954.54;22156;20548.19;52.02
2021-04-27T02:00+02:00;7966.09;22012.29;20455.09;51.53
2021-04-27T03:00+02:00;7967.35;22026.15;20873.31;50.32
2021-04-27T04:00+02:00;7972.69;22808.46;21109.12;51.2
2021-04-27T05:00+02:00;7984.66;24891.88;21057.09;55.06
2021-04-27T06:00+02:00;7991.24;27789.4;21335.54;75.59
2021-04-27T07:00+02:00;7993.09;29246;23701.97;82.94
2021-04-27T08:00+02:00;7980.03;29369.66;27375.33;81.7
2021-04-27T09:00+02:00;7898.79;28102.29;35317.72;67.05
2021-04-27T10:00+02:00;7739.61;23542.74;44046.26;50.93
2021-04-27T11:00+02:00;7479.81;20800.12;48439.38;49.98
2021-04-27T12:00+02:00;7403.22;19618.98;50147.1;48.4
2021-04-27T13:00+02:00;7391.81;18220.53;50320.41;46.41
2021-04-27T14:00+02:00;7479.17;17491.14;48801.61;45.79
2021-04-27T15:00+02:00;7668.19;17702.45;45156.37;47.22
2021-04-27T16:00+02:00;7812.45;19940.09;39533.59;49.06
2021-04-27T17:00+02:00;7821.27;24546.24;32143.95;54.23
2021-04-27T18:00+02:00;7901.04;27516.11;24245.9;72.55
2021-04-27T19:00+02:00;7897.46;28699.8;18810.42;80.35
2021-04-27T20:00+02:00;7897.27;28916.63;18942.06;80.87
2021-04-27T21:00+02:00;7904.79;28430.43;23161.2;69.91
2021-04-27T22:00+02:00;7920.36;25954.65;26090.77;57.23
2021-04-27T23:00+02:00;7858.72;23575.31;26719.94;54.36
2021-04-28T00:00+02:00;7757.29;22236.88;25391.43;56.42
2021-04-28T01:00+02:00;7695.25;22502.92;23533.88;54.37
2021-04-28T02:00+02:00;7666.31;22676.73;21568.04;53.27
2021-04-28T03:00+02:00;7786.03;22553.81;20027.48;53.57
2021-04-28T04:00+02:00;7886.8;23309.59;18886.19;54.17
2021-04-28T05:00+02:00;7890.57;26348.18;17842.53;55.7
2021-04-28T06:00+02:00;7932.91;29141.34;17912.03;71.98
2021-04-28T07:00+02:00;7964.39;29803.19;20511.49;81.48
2021-04-28T08:00+02:00;7960.61;29563.65;24267.79;85.57
2021-04-28T09:00+02:00;7940.8;28592.39;30783.68;69.99
2021-04-28T10:00+02:00;7823.98;26251.45;37931.77;54.47
2021-04-28T11:00+02:00;7705.42;23052.72;43779.86;51.49
2021-04-28T12:00+02:00;7714.84;20724.68;45888.68;49.55
2021-04-28T13:00+02:00;7726.88;20112.66;45099.63;49.45
2021-04-28T14:00+02:00;7721.68;20053.15;42446.94;50.84
2021-04-28T15:00+02:00;7672.89;20986.52;38532.69;54.3
2021-04-28T16:00+02:00;7780.79;23092.78;33583.18;55.96
2021-04-28T17:00+02:00;7853.07;25660.11;27775.05;65.71
2021-04-28T18:00+02:00;7846.2;27125.08;23483.1;71.34
2021-04-28T19:00+02:00;7644.12;27514.88;21057.16;77.99
2021-04-28T20:00+02:00;7353.55;27299.49;21557.19;77.12
2021-04-28T21:00+02:00;7336.7;26733.94;23152.51;68.03
2021-04-28T22:00+02:00;7351.27;25597.21;23939.9;64.29
2021-04-28T23:00+02:00;7358.48;24064.06;23386.12;54.21
2021-04-29T00:00+02:00;7359.62;23030.46;22804.72;52.59
2021-04-29T01:00+02:00;7352.95;22280.25;21634.31;53.36
2021-04-29T02:00+02:00;7363.27;22066.11;20024.52;52.89
2021-04-29T03:00+02:00;7369.65;22237.92;19116.76;52.07
2021-04-29T04:00+02:00;7416.62;22975.41;18635.83;52.04
2021-04-29T05:00+02:00;7557.53;25061.69;18972.51;53.76
2021-04-29T06:00+02:00;7667.33;27000.75;20321.73;66.62
2021-04-29T07:00+02:00;7797.03;27647.02;21801.17;79.9
2021-04-29T08:00+02:00;7799.54;27919;24343.48;85.08
2021-04-29T09:00+02:00;7825.07;27682.53;27749.04;76.9
2021-04-29T10:00+02:00;7730.64;27039.64;32576.8;63.97
2021-04-29T11:00+02:00;7545.27;27071.34;37050.66;58.5
2021-04-29T12:00+02:00;7439.68;25802.02;41126.61;55.17
2021-04-29T13:00+02:00;7487.3;22950.01;43060.73;49.36
2021-04-29T14:00+02:00;7502.08;21470.53;43857.05;46.7
2021-04-29T15:00+02:00;7524.92;21281.1;43205.64;45
2021-04-29T16:00+02:00;7568.82;21901.18;40497.27;47.4
2021-04-29T17:00+02:00;7609.36;24573.49;36555.65;49.46
2021-04-29T18:00+02:00;7633.34;27102.79;32161.91;56.61
2021-04-29T19:00+02:00;7557.61;27925.14;27813.66;75.4
2021-04-29T20:00+02:00;7604.98;28097.4;25959.44;73.96
2021-04-29T21:00+02:00;7597.59;27201.72;26028.85;69.55
2021-04-29T22:00+02:00;7506.46;26541.37;25439.85;56.56
2021-04-29T23:00+02:00;7471.38;25235.72;24702.65;53.73
2021-04-30T00:00+02:00;7665.82;23331.15;23879.33;55.77
2021-04-30T01:00+02:00;7896.03;22968.55;22929.86;56.9
2021-04-30T02:00+02:00;7916.39;23243.66;21631.98;57.28
2021-04-30T03:00+02:00;7915.67;23794.23;20328.46;58.94
2021-04-30T04:00+02:00;7917.05;24829.09;18802.36;60.31
2021-04-30T05:00+02:00;7924.92;26366.31;16920.86;65.26
2021-04-30T06:00+02:00;7928.29;29328.13;15758.22;74
2021-04-30T07:00+02:00;7936.77;31001.44;16537.15;81.67
2021-04-30T08:00+02:00;7871.38;31306.67;18460.06;84.93
2021-04-30T09:00+02:00;7830.19;31173.97;22057.3;78.29
2021-04-30T10:00+02:00;7819.48;31009.25;25064.99;76.51
2021-04-30T11:00+02:00;7809.7;30536.51;26646.36;73.58
2021-04-30T12:00+02:00;7823.2;29864.69;26642.14;67.04
2021-04-30T13:00+02:00;7819.85;29406.22;25525.48;61.77
2021-04-30T14:00+02:00;7683.16;29263.6;23825.49;59.92
2021-04-30T15:00+02:00;7730.97;29684.88;21143.31;58.9
2021-04-30T16:00+02:00;7803.02;29943.59;18423.84;60.41
2021-04-30T17:00+02:00;7659.96;30226.22;15491.87;69.64
2021-04-30T18:00+02:00;7088.69;30677.31;12642.89;75.55
2021-04-30T19:00+02:00;6856.89;30829.2;10462.02;79.06
2021-04-30T20:00+02:00;6763.55;30502.86;9702.04;80.96
2021-04-30T21:00+02:00;6727.39;30305.35;9990.9;78.71
2021-04-30T22:00+02:00;6725.78;29622.07;10069.88;75.23
2021-04-30T23:00+02:00;6721.67;27936.39;10215.47;68.86
2021-05-01T00:00+02:00;6712.94;23660.48;10295.17;69.29
2021-05-01T01:00+02:00;6700.19;22670.26;10256.52;64.6
2021-05-01T02:00+02:00;6698.98;21661.87;10129.47;61.08
2021-05-01T03:00+02:00;6700.1;20252.04;10283.83;59.93
2021-05-01T04:00+02:00;6702.45;17857.1;10646.14;59.9
2021-05-01T05:00+02:00;6708.17;17187.63;10883.11;58
2021-05-01T06:00+02:00;6711.49;16845.23;11803.5;52.54
2021-05-01T07:00+02:00;6729.9;16960.47;14028.06;53.94
2021-05-01T08:00+02:00;6736.57;17294.72;16962.4;57.38
2021-05-01T09:00+02:00;6735.81;17079.96;21342.33;56.21
2021-05-01T10:00+02:00;6735.01;16269.94;25555.74;54.7
2021-05-01T11:00+02:00;6729.73;15963.92;27223.29;53.39
2021-05-01T12:00+02:00;6731.63;15840.51;26931.96;53.13
2021-05-01T13:00+02:00;6694.22;15164.21;26255.85;51.05
2021-05-01T14:00+02:00;6714.28;14695.7;25355.28;48.24
2021-05-01T15:00+02:00;6712.92;14484.76;24000.1;45.53
2021-05-01T16:00+02:00;6710.99;14761.03;20961.54;48.98
2021-05-01T17:00+02:00;6707.12;16100.62;18043.35;50.47
2021-05-01T18:00+02:00;6703.32;17486.39;15381.62;54.4
2021-05-01T19:00+02:00;6704.37;18157.73;13405.18;61.01
2021-05-01T20:00+02:00;6698.47;18345.28;12905.18;68.69
2021-05-01T21:00+02:00;6674.68;18338.99;13715.87;65.06
2021-05-01T22:00+02:00;6698.13;17807.17;14367.03;60.34
2021-05-01T23:00+02:00;6701.05;16853.93;14663.12;52.58
2021-05-02T00:00+02:00;6705.49;16698.68;14951.59;55.67
2021-05-02T01:00+02:00;6712.38;15936.43;14992.81;52.09
2021-05-02T02:00+02:00;6719.34;15557.85;15818.52;50.46
2021-05-02T03:00+02:00;6721.32;14931.97;16154.58;49.03
2021-05-02T04:00+02:00;6681.26;14417.3;16405.98;49.43
2021-05-02T05:00+02:00;6650.86;14506.51;16819.6;49.17
2021-05-02T06:00+02:00;6650.08;14498.43;17470.61;48.21
2021-05-02T07:00+02:00;6657.64;14681.44;19345.75;49.39
2021-05-02T08:00+02:00;6660.15;14612.91;22678.32;50.76
2021-05-02T09:00+02:00;6660.5;14292.21;26848.44;48.08
2021-05-02T10:00+02:00;6654.2;13704.75;30092.18;46.18
2021-05-02T11:00+02:00;6682.8;13385.21;32758.52;46.13
2021-05-02T12:00+02:00;6760.68;12563.8;35035.78;43.91
2021-05-02T13:00+02:00;6764.85;11917.89;37620.51;16.93
2021-05-02T14:00+02:00;6748.16;11203.67;39839.9;3
2021-05-02T15:00+02:00;6585.37;10570.75;41527.5;0.01
2021-05-02T16:00+02:00;6455.64;10765.56;40599.42;2.62
2021-05-02T17:00+02:00;6480.4;13026.49;37291.94;35.77
2021-05-02T18:00+02:00;6462.72;15521.1;32942.77;50.52
2021-05-02T19:00+02:00;6431.44;16640.5;27648.42;55.9
2021-05-02T20:00+02:00;6445.04;17711.91;24836.69;67.11
2021-05-02T21:00+02:00;6443.91;17703.77;23715.58;66.49
2021-05-02T22:00+02:00;6442.83;18183.6;23241.39;61.68
2021-05-02T23:00+02:00;6434.96;17079.64;23329.24;52.89
2021-05-03T00:00+02:00;6285.15;17273.57;23832.14;54.32
2021-05-03T01:00+02:00;6169.59;16642.22;24112.23;52.73
2021-05-03T02:00+02:00;6157.02;16210.06;23427.34;51.44
2021-05-03T03:00+02:00;6158.21;17003.27;23021.01;51.66
2021-05-03T04:00+02:00;6239.72;17056.37;22470.31;51.6
2021-05-03T05:00+02:00;6231.82;18804.92;21744.57;56.51
2021-05-03T06:00+02:00;6394.52;20289.58;22080.28;70.7
2021-05-03T07:00+02:00;6409.12;21183.04;24344.05;86.42
2021-05-03T08:00+02:00;6387.3;20715.3;30421.42;87.93
2021-05-03T09:00+02:00;6370.24;19483.27;37757.14;67.32
2021-05-03T10:00+02:00;6402.77;18255.45;42442.69;60.98
2021-05-03T11:00+02:00;6402.79;18179.66;45015.27;57.12
2021-05-03T12:00+02:00;6446.91;17626.5;46799.36;52.99
2021-05-03T13:00+02:00;6479.7;16535.74;46812.41;49.97
2021-05-03T14:00+02:00;6578.2;15857.81;45920.6;50.83
2021-05-03T15:00+02:00;6625.87;15456.44;43236.78;50.09
2021-05-03T16:00+02:00;6648.44;16150.22;38988.74;49.79
2021-05-03T17:00+02:00;6726.04;17799.96;33558.87;56.19
2021-05-03T18:00+02:00;6684.62;19149.58;26998.85;70.06
2021-05-03T19:00+02:00;6727.45;20364.5;21261.88;82.66
2021-05-03T20:00+02:00;6729.22;20782.29;17794.05;87
2021-05-03T21:00+02:00;6710.69;20933.76;20662.63;78.25
2021-05-03T22:00+02:00;6713.53;19435.34;24621.74;68.7
2021-05-03T23:00+02:00;6481.41;16827.04;29621.1;52.96
2021-05-04T00:00+02:00;6361.35;12648.97;33889.97;45.28
2021-05-04T01:00+02:00;6289.81;10951.16;37564.32;37.82
2021-05-04T02:00+02:00;6226.38;10329.15;39095.61;16.97
2021-05-04T03:00+02:00;6049.95;9894.85;40372.41;0.12
2021-05-04T04:00+02:00;5957.15;9892.02;42982.02;0.1
2021-05-04T05:00+02:00;6253.72;10093.73;45827.58;7.21
2021-05-04T06:00+02:00;6413.49;10780.49;49642.02;42.01
2021-05-04T07:00+02:00;6407.79;11196.68;52396.36;50.53
2021-05-04T08:00+02:00;6401.31;11790.2;55471.97;50.59
2021-05-04T09:00+02:00;6400.58;11449.06;58802.39;40.28
2021-05-04T10:00+02:00;6419.16;11178.45;62593.42;35.67
2021-05-04T11:00+02:00;6510.85;11008.99;64934.01;33
2021-05-04T12:00+02:00;6420.88;10732.19;64920.89;26.23
2021-05-04T13:00+02:00;6413.84;10411.06;63683.06;18.97
2021-05-04T14:00+02:00;6340.92;10322.78;62294.22;2.06
2021-05-04T15:00+02:00;6371.37;10342.83;61150.24;0.87
2021-05-04T16:00+02:00;6238.82;10326.43;60040.51;5
2021-05-04T17:00+02:00;6339.64;10894.37;57869.94;32.11
2021-05-04T18:00+02:00;6299.63;11859.82;53428.36;45.81
2021-05-04T19:00+02:00;6275.04;13280.66;49100.25;48.36
2021-05-04T20:00+02:00;6262.55;13344.77;46039.16;50.53
2021-05-04T21:00+02:00;6247.5;13266.69;45289.09;48.73
2021-05-04T22:00+02:00;6267.16;12209.73;43471.8;47.69
2021-05-04T23:00+02:00;6308.35;10901.05;42787.61;40.29
2021-05-05T00:00+02:00;6312.63;10686.9;42143.9;23.62
2021-05-05T01:00+02:00;6308.98;11191.13;41322.56;22.37
2021-05-05T02:00+02:00;6308.29;11337.35;40669.35;22.05
2021-05-05T03:00+02:00;6320.93;11954.4;39705.24;24.69
2021-05-05T04:00+02:00;6341.72;12480.42;39042.46;32.29
2021-05-05T05:00+02:00;6339.44;13007.4;38911.56;45.76
2021-05-05T06:00+02:00;6350.25;13595.26;39357.92;59.79
2021-05-05T07:00+02:00;6352.73;14090.92;42470.88;63.01
2021-05-05T08:00+02:00;6225.07;13687.13;48349.24;63.9
2021-05-05T09:00+02:00;6313.7;12801.33;53959.84;52.04
2021-05-05T10:00+02:00;6357.82;12179.93;58741.23;45.18
2021-05-05T11:00+02:00;6380.68;11548.03;61911.35;37.94
2021-05-05T12:00+02:00;6370.22;10773.81;63946.99;-0.02
2021-05-05T13:00+02:00;6327.24;10665.22;64911.53;-12.22
2021-05-05T14:00+02:00;6175.91;10033.12;64418.1;-36.71
2021-05-05T15:00+02:00;6193.86;10234.42;63690.38;-30
2021-05-05T16:00+02:00;6180.91;10755.72;60966.88;-24.57
2021-05-05T17:00+02:00;6286.73;12223.25;56951.53;23.74
2021-05-05T18:00+02:00;6288.86;13738.53;50258.07;50.9
2021-05-05T19:00+02:00;6296.96;16324.9;42303.45;68.19
2021-05-05T20:00+02:00;6301.48;17140.46;36430.3;64.95
2021-05-05T21:00+02:00;6303.79;17114.26;34302.91;58.72
2021-05-05T22:00+02:00;6307.94;16525.78;33020.59;55.73
2021-05-05T23:00+02:00;6307.42;15790.33;33304.98;52.01
2021-05-06T00:00+02:00;6313.14;16266.6;32059.25;47.59
2021-05-06T01:00+02:00;6312.87;16459.48;31262.43;48.95
2021-05-06T02:00+02:00;6303.75;16648.54;31167.29;48.6
2021-05-06T03:00+02:00;6285.02;16976.58;31212.64;50.16
2021-05-06T04:00+02:00;6293.24;18300.62;30387.82;53.1
2021-05-06T05:00+02:00;6305.05;19568.56;29856.91;52.65
2021-05-06T06:00+02:00;6302.01;21008.86;30661.59;68.12
2021-05-06T07:00+02:00;6325.06;21684.22;32611.93;74.92
2021-05-06T08:00+02:00;6368.39;22002.19;36118.08;70.7
2021-05-06T09:00+02:00;6363.14;21684.07;40213.07;51.06
2021-05-06T10:00+02:00;6354.83;21827.19;41729.5;54.93
2021-05-06T11:00+02:00;6350.32;22022.4;41602.22;55.08
2021-05-06T12:00+02:00;6330.81;21767.21;40860.13;61.58
2021-05-06T13:00+02:00;6343.16;21774.87;39749.09;59.01
2021-05-06T14:00+02:00;6313.89;22469.67;36797.49;60.07
2021-05-06T15:00+02:00;6081.8;22990.2;32775.52;63.05
2021-05-06T16:00+02:00;6144.73;23335.24;28115.9;64.96
2021-05-06T17:00+02:00;6256.95;24895.62;23131.66;72.5
2021-05-06T18:00+02:00;6364.22;25865.9;18383.66;78.97
2021-05-06T19:00+02:00;6370.45;26384.82;14827.15;91.01
2021-05-06T20:00+02:00;6619.31;26262.68;12674.78;92.73
2021-05-06T21:00+02:00;6741.79;25768;12485.46;85
2021-05-06T22:00+02:00;6733.78;24438.43;12827.69;80
2021-05-06T23:00+02:00;6728.78;23233.93;12968.92;74.44
2021-05-07T00:00+02:00;6728.08;22572.45;12864.34;75.57
2021-05-07T01:00+02:00;6727.34;21932.63;13526.25;68.82
2021-05-07T02:00+02:00;6722.66;21214.51;14720.97;65
2021-05-07T03:00+02:00;6723.39;20893.35;15255.38;60.25
2021-05-07T04:00+02:00;6723.88;21402.35;15788.78;60.01
2021-05-07T05:00+02:00;6731.1;22917.66;16689.18;69.3
2021-05-07T06:00+02:00;6730.94;24018.97;18285.66;80
2021-05-07T07:00+02:00;6742.87;24742.15;20509.04;91.07
2021-05-07T08:00+02:00;6746.7;24960.91;23925.77;101.5
2021-05-07T09:00+02:00;6745.75;24671.04;29148.58;84.16
2021-05-07T10:00+02:00;6709.6;23992.51;35971.41;78.75
2021-05-07T11:00+02:00;6637.09;22332.6;42804.25;76.98
2021-05-07T12:00+02:00;6633.49;20076.54;47968.95;68.94
2021-05-07T13:00+02:00;6632.66;17387.62;52188.25;61.75
2021-05-07T14:00+02:00;6628.52;15792.11;53391.06;53.84
2021-05-07T15:00+02:00;6512.91;15853.98;53411.05;52.22
2021-05-07T16:00+02:00;6336.16;16325.36;51152.14;53.06
2021-05-07T17:00+02:00;6176.2;17679.66;46334.4;55.43
2021-05-07T18:00+02:00;6063.37;19856.95;39060.44;61.28
2021-05-07T19:00+02:00;6284.21;20497.99;30894.05;77
2021-05-07T20:00+02:00;6430.31;20690.15;24925.96;84.2
2021-05-07T21:00+02:00;6440.62;20758.47;22977.06;81.15
2021-05-07T22:00+02:00;6441.25;20302.94;22367.01;76.84
2021-05-07T23:00+02:00;6399.76;18889.46;21839.13;74.04
2021-05-08T00:00+02:00;6615.73;17507.81;21783.19;68.63
2021-05-08T01:00+02:00;6640.3;16702.78;20966.38;60.07
2021-05-08T02:00+02:00;6657.21;16586.24;20300.75;65.07
2021-05-08T03:00+02:00;6656.33;16381.91;19291.09;62.63
2021-05-08T04:00+02:00;6657.34;15683.54;18336.82;61.57
2021-05-08T05:00+02:00;6670.65;15191.77;17812.59;59.47
2021-05-08T06:00+02:00;6682.78;15051.09;18495.87;55.16
2021-05-08T07:00+02:00;6675.66;14965.29;22343.91;56.01
2021-05-08T08:00+02:00;6684.94;13679.5;28448.28;57
2021-05-08T09:00+02:00;6608.44;12403.17;35557.83;52.76
2021-05-08T10:00+02:00;6650.07;10779.53;40840.78;45.14
2021-05-08T11:00+02:00;6738.88;10548.14;44061.4;41.04
2021-05-08T12:00+02:00;6675.32;9781.87;45747.98;37
2021-05-08T13:00+02:00;6133.71;9559.29;46120.33;23.86
2021-05-08T14:00+02:00;6012.48;9534.53;44714.08;14.56
2021-05-08T15:00+02:00;6406.04;9538.44;42144.82;18.18
2021-05-08T16:00+02:00;6597.75;9665.09;37645.45;31.89
2021-05-08T17:00+02:00;6693.2;10116.81;33764.57;52.09
2021-05-08T18:00+02:00;6684.5;10373.61;29762.34;55.28
2021-05-08T19:00+02:00;6681.27;11456.56;26370.96;69.95
2021-05-08T20:00+02:00;6679.52;12207.34;25692.06;66.27
2021-05-08T21:00+02:00;6677.52;12403.18;28579.31;60.74
2021-05-08T22:00+02:00;6665.98;11311.57;30664.45;56.53
2021-05-08T23:00+02:00;6683.66;9690.28;31845.01;46.83
2021-05-09T00:00+02:00;6613.61;8651.32;33030.29;15.02
2021-05-09T01:00+02:00;6534.36;8554.3;33183.81;6.71
2021-05-09T02:00+02:00;6301.16;8681.4;33123.91;2
2021-05-09T03:00+02:00;6255.78;8500.81;32476.28;1.61
2021-05-09T04:00+02:00;6388.76;8403.77;31893.06;0.09
2021-05-09T05:00+02:00;6260.37;8409.37;31810.48;0.1
2021-05-09T06:00+02:00;6049.81;8351.79;32271.99;0.09
2021-05-09T07:00+02:00;6012.4;8436.09;36008.98;0.08
2021-05-09T08:00+02:00;6181.3;8340.94;40195.18;0.32
2021-05-09T09:00+02:00;6016.81;8298.62;46529.64;0
2021-05-09T10:00+02:00;5739.42;8269.52;49734.17;-4.91
2021-05-09T11:00+02:00;5628.64;8106;53951.14;-10.97
2021-05-09T12:00+02:00;5591.01;7920.16;54336.02;-39.9
2021-05-09T13:00+02:00;5559.36;7897.35;51181;-52.11
2021-05-09T14:00+02:00;5580.62;7766.44;48305.17;-66.18
2021-05-09T15:00+02:00;5621.02;7725.21;45904.53;-54.05
2021-05-09T16:00+02:00;5417.77;8003.29;45058.16;-22.6
2021-05-09T17:00+02:00;5809.86;8187.54;39624.29;-0.57
2021-05-09T18:00+02:00;6353.91;8376.12;36286.27;38.42
2021-05-09T19:00+02:00;6357.84;9081.06;32236.7;58.65
2021-05-09T20:00+02:00;6459.16;9167.65;31039.48;60.75
2021-05-09T21:00+02:00;6448.59;9169.13;32117.21;51.99
2021-05-09T22:00+02:00;6436.7;9202.9;32536.09;53.74
2021-05-09T23:00+02:00;6368.49;8708.68;32322.32;48.69
2021-05-10T00:00+02:00;6548.17;8385.87;30646.65;45.06
2021-05-10T01:00+02:00;6276.55;8439.57;29262.09;42.11
2021-05-10T02:00+02:00;6622.91;8715.43;26306.77;40
2021-05-10T03:00+02:00;6651.42;9636.38;24633.54;35.45
2021-05-10T04:00+02:00;6660.59;9998.41;24109.8;28.03
2021-05-10T05:00+02:00;6638.14;11626.65;25408.92;37
2021-05-10T06:00+02:00;6544.89;13532.44;28915.16;57.12
2021-05-10T07:00+02:00;6557.59;14404.62;34298.69;69.99
2021-05-10T08:00+02:00;6263.37;15373.34;39069.71;74.07
2021-05-10T09:00+02:00;6140.41;15170.71;44489.11;59.56
2021-05-10T10:00+02:00;6132.46;14611.56;50027.21;50.89
2021-05-10T11:00+02:00;6122.62;13867.02;53531.8;46.88
2021-05-10T12:00+02:00;6128.48;13315.86;54076.83;42.13
2021-05-10T13:00+02:00;6138.89;13449.17;52505.53;46.28
2021-05-10T14:00+02:00;6164.3;14105.12;48889.09;47.44
2021-05-10T15:00+02:00;6142.84;14689.48;45046.38;53.25
2021-05-10T16:00+02:00;6442.82;15688.43;38778.55;57.63
2021-05-10T17:00+02:00;6572.11;18618.94;30314.78;65.92
2021-05-10T18:00+02:00;6586.3;21168.94;22042.76;74.16
2021-05-10T19:00+02:00;6603.23;22086.22;16996.28;83.94
2021-05-10T20:00+02:00;6601.01;22312.51;14592.28;90.12
2021-05-10T21:00+02:00;6599.76;22080.3;14850.52;84
2021-05-10T22:00+02:00;6606.09;21746.35;14985.8;79.91
2021-05-10T23:00+02:00;6616.22;20850.69;14925.34;68
2021-05-11T00:00+02:00;6618.96;18814.62;14928.17;70
2021-05-11T01:00+02:00;6622.97;18174.44;15772.09;64.92
2021-05-11T02:00+02:00;6621.63;17922.89;16380.27;60.39
2021-05-11T03:00+02:00;6618.97;17738.43;16582.69;56.67
2021-05-11T04:00+02:00;6620.82;18004.73;16063.22;57.37
2021-05-11T05:00+02:00;6628.6;20073.76;15814.04;63.09
2021-05-11T06:00+02:00;6644.18;22945.33;16545.97;76.97
2021-05-11T07:00+02:00;6617.27;23844.83;19222.76;85.99
2021-05-11T08:00+02:00;6443.68;24605.57;22167.51;93.37
2021-05-11T09:00+02:00;6415.25;24964.61;24598.9;85.71
2021-05-11T10:00+02:00;6442.98;24725.67;27749.64;79.48
2021-05-11T11:00+02:00;6542.46;23955.88;30200.57;77.66
2021-05-11T12:00+02:00;6622.72;23484.25;29745.54;74.25
2021-05-11T13:00+02:00;6624.36;23289.16;28630.35;69.16
2021-05-11T14:00+02:00;6621.7;22697.6;27082.49;61.06
2021-05-11T15:00+02:00;6629.92;22636.06;24438.54;62.05
2021-05-11T16:00+02:00;6640.54;22652.28;22271.41;62.12
2021-05-11T17:00+02:00;6636.49;23318.68;20373.98;69.43
2021-05-11T18:00+02:00;6634.99;24022.83;18877.77;77.66
2021-05-11T19:00+02:00;6638.65;23850.8;18289.73;81.19
2021-05-11T20:00+02:00;6643.99;23673.92;17945.86;80
2021-05-11T21:00+02:00;6648.79;23745.72;17562.05;79.62
2021-05-11T22:00+02:00;6652.61;23437.42;17226.81;75.34
2021-05-11T23:00+02:00;6645.56;21878.77;17120.14;68.62
2021-05-12T00:00+02:00;6654.49;19211.47;17502.06;62.26
2021-05-12T01:00+02:00;6671.56;17392.99;16977.14;58.2
2021-05-12T02:00+02:00;6665.02;16914.43;16553.83;56.31
2021-05-12T03:00+02:00;6670.68;16324.78;16351.04;54.81
2021-05-12T04:00+02:00;6680.29;16926.27;16514.55;55.01
2021-05-12T05:00+02:00;6668.61;19622.11;16839.8;58.84
2021-05-12T06:00+02:00;6650.33;22436.25;17604.89;69.99
2021-05-12T07:00+02:00;6675.46;23672.36;18740.29;79.37
2021-05-12T08:00+02:00;6673.21;23763.94;20280.06;86.12
2021-05-12T09:00+02:00;6677.87;23602.67;22871.23;80.1
2021-05-12T10:00+02:00;6674.37;23004.95;25894.75;75.78
2021-05-12T11:00+02:00;6631.05;22895.02;28044.66;73.84
2021-05-12T12:00+02:00;6670.75;23041.89;28831.68;68.88
2021-05-12T13:00+02:00;6671.9;21802.42;28130.01;62.06
2021-05-12T14:00+02:00;6672.22;21969.57;26753.67;60.06
2021-05-12T15:00+02:00;6666.99;22192.27;25064.09;60
2021-05-12T16:00+02:00;6667.07;22530.24;22991.62;62.75
2021-05-12T17:00+02:00;6664.16;22745.9;20283.57;70
2021-05-12T18:00+02:00;6658.2;23040.56;18277.75;74.97
2021-05-12T19:00+02:00;6660.64;23277.19;16051.16;80.97
2021-05-12T20:00+02:00;6659.93;23363.31;14720.61;80.97
2021-05-12T21:00+02:00;6661.67;23226.56;14350.09;78.08
2021-05-12T22:00+02:00;6668.62;22343.1;13997.83;74.51
2021-05-12T23:00+02:00;6649.89;20538.1;13258.76;66.01
2021-05-13T00:00+02:00;6649.75;17346.72;12969.7;65.04
2021-05-13T01:00+02:00;6651.8;15293.01;12662.65;63.15
2021-05-13T02:00+02:00;6650.46;13767.16;12597.78;60.74
2021-05-13T03:00+02:00;6582.73;13150.99;12658.09;60.85
2021-05-13T04:00+02:00;6577.09;12815.3;12684.02;59.9
2021-05-13T05:00+02:00;6581.74;12791.14;13246;60.69
2021-05-13T06:00+02:00;6591.82;12901.58;14236.54;60.33
2021-05-13T07:00+02:00;6590.59;12961.21;16464.77;62.87
2021-05-13T08:00+02:00;6587.43;12964.36;19694.11;67.64
2021-05-13T09:00+02:00;6533.98;12794.89;24119;63
2021-05-13T10:00+02:00;6514.01;11733.48;28390.5;60.69
2021-05-13T11:00+02:00;6549.16;11508.29;30035.05;57.96
2021-05-13T12:00+02:00;6568.52;11626.71;29490.29;58.78
2021-05-13T13:00+02:00;6571.12;11913.77;28490.73;51.63
2021-05-13T14:00+02:00;6562.28;11627.24;27858.38;48.96
2021-05-13T15:00+02:00;6585.5;11368.33;26916.12;48
2021-05-13T16:00+02:00;6576.22;11501.71;25536.55;49.78
2021-05-13T17:00+02:00;6617.2;12291.09;22949.47;57
2021-05-13T18:00+02:00;6660.92;13506.97;19825.67;64.03
2021-05-13T19:00+02:00;6661.79;14386.22;16840.27;75.91
2021-05-13T20:00+02:00;6673.07;14522.36;15007.71;77.76
2021-05-13T21:00+02:00;6676.31;14692.94;14216.83;79.96
2021-05-13T22:00+02:00;6677.63;14476.61;14071.7;78.35
2021-05-13T23:00+02:00;6676.49;14076.72;14241.84;72.63
2021-05-14T00:00+02:00;6676.86;13238.68;14462.06;75.38
2021-05-14T01:00+02:00;6682.56;12853.81;14583.19;69
2021-05-14T02:00+02:00;6683.66;12388.2;14672.85;65.65
2021-05-14T03:00+02:00;6688.57;12516.39;14694.41;62.2
2021-05-14T04:00+02:00;6691.4;12922.6;14858.19;62.2
2021-05-14T05:00+02:00;6694.32;13770.73;14885.69;68
2021-05-14T06:00+02:00;6697.69;14788.48;15912.01;73.78
2021-05-14T07:00+02:00;6693.09;15272.58;18863.53;80
2021-05-14T08:00+02:00;6690.97;15266.88;22861.59;82.14
2021-05-14T09:00+02:00;6689.02;15126.96;27947.67;78.96
2021-05-14T10:00+02:00;6678.58;14454.7;31629.5;70
2021-05-14T11:00+02:00;6670.73;14050.61;33285.72;67.21
2021-05-14T12:00+02:00;6665.73;14030.96;34206.89;67.21
2021-05-14T13:00+02:00;6652.7;13627.96;35410.67;63
2021-05-14T14:00+02:00;6649.38;12789.67;35997.2;60.7
2021-05-14T15:00+02:00;6634.8;12770.57;34124.98;60
2021-05-14T16:00+02:00;6632.18;12945.22;30879.12;60.05
2021-05-14T17:00+02:00;6637.94;14126.87;26391.14;65
2021-05-14T18:00+02:00;6652.5;14998.72;21450.25;76.94
2021-05-14T19:00+02:00;6654.12;15500.44;16703.25;80.21
2021-05-14T20:00+02:00;6659.69;15558.38;13939.57;84.9
2021-05-14T21:00+02:00;6655.9;15573.47;13543.51;87.02
2021-05-14T22:00+02:00;6662.76;15525.14;13632.02;85
2021-05-14T23:00+02:00;6665.13;14961.49;13922;78.69
2021-05-15T00:00+02:00;6616.6;14010.24;14468.53;72.39
2021-05-15T01:00+02:00;6651.57;13554.92;15335.29;66.75
2021-05-15T02:00+02:00;6657.54;13023.04;15757.57;60.76
2021-05-15T03:00+02:00;6660.98;12405.1;15778.87;57.99
2021-05-15T04:00+02:00;6662.87;12297.59;15638.11;56.66
2021-05-15T05:00+02:00;6670.54;12583.03;15698.21;54.87
2021-05-15T06:00+02:00;6687.06;12754.72;16876.12;55.17
2021-05-15T07:00+02:00;6693.45;12973.6;19380.13;60.75
2021-05-15T08:00+02:00;6687.56;13197.27;23342.44;60.6
2021-05-15T09:00+02:00;6683.97;13288.48;27467.87;60.09
2021-05-15T10:00+02:00;6678.74;12888.67;31287.6;55.73
2021-05-15T11:00+02:00;6680.32;12447.69;34734.13;53.02
2021-05-15T12:00+02:00;6667.64;11423.93;36506.61;51.96
2021-05-15T13:00+02:00;6643;10010.25;37432.13;48.49
2021-05-15T14:00+02:00;6628.04;9648.02;36931.29;45.05
2021-05-15T15:00+02:00;6596.23;9685.99;34413.04;47.69
2021-05-15T16:00+02:00;6644.41;11004.34;30020.32;51.16
2021-05-15T17:00+02:00;6637.41;12319.6;25237.95;55.43
2021-05-15T18:00+02:00;6643.92;13497.12;21391.08;70.96
2021-05-15T19:00+02:00;6634.37;13762.64;17633.62;75.29
2021-05-15T20:00+02:00;6654.24;13768.61;16213.1;75.65
2021-05-15T21:00+02:00;6656.34;13594.7;16902.35;72.64
2021-05-15T22:00+02:00;6656.23;13992.52;18106.41;70.73
2021-05-15T23:00+02:00;6655.85;13105.1;18769.23;65
2021-05-16T00:00+02:00;6663.52;10571.28;18921.51;53.05
2021-05-16T01:00+02:00;6669.3;9795.66;18846.79;47.63
2021-05-16T02:00+02:00;6681.55;9741.18;18858.02;41.31
2021-05-16T03:00+02:00;6681.35;9792.35;18368.16;34.49
2021-05-16T04:00+02:00;6681.72;9736.82;17887.25;29.72
2021-05-16T05:00+02:00;6676.32;9829.6;17679.43;27.86
2021-05-16T06:00+02:00;6684.08;9770.15;18615.16;22.08
2021-05-16T07:00+02:00;6674.16;9783.54;20736.08;25.25
2021-05-16T08:00+02:00;6667.07;9912.32;24817.74;31.39
2021-05-16T09:00+02:00;6219.13;9973.26;31231.9;30.91
2021-05-16T10:00+02:00;6081.25;10153.44;36028.59;24.22
2021-05-16T11:00+02:00;6385.47;10163.86;39326.04;29.2
2021-05-16T12:00+02:00;6187.58;10351.72;40902.42;28.96
2021-05-16T13:00+02:00;6297.37;10252.82;41526.63;9.93
2021-05-16T14:00+02:00;6313.97;10214.34;39520.32;2.4
2021-05-16T15:00+02:00;6631.98;10379.24;36150.94;1
2021-05-16T16:00+02:00;6599.54;10468.39;31277.46;10.1
2021-05-16T17:00+02:00;6632.73;11753.76;25635.75;49.96
2021-05-16T18:00+02:00;6632.41;14204.15;20671.7;67.42
2021-05-16T19:00+02:00;6638.04;14903.92;15686.42;81
2021-05-16T20:00+02:00;6654.13;15028.16;13163.42;84.89
2021-05-16T21:00+02:00;6641.54;15059.24;13026.79;79.47
2021-05-16T22:00+02:00;6640.54;14899.18;13966.74;79.57
2021-05-16T23:00+02:00;6640.2;14543.27;14622.37;65.05
2021-05-17T00:00+02:00;6642.66;13519.92;15288.07;60.51
2021-05-17T01:00+02:00;6640.88;12811.96;16070.41;53.03
2021-05-17T02:00+02:00;6640.97;12601.46;16369.13;52.76
2021-05-17T03:00+02:00;6640.7;12685.15;16577.49;53.78
2021-05-17T04:00+02:00;6625.82;13297.75;16701.72;56.72
2021-05-17T05:00+02:00;6614.42;14060.75;16633.88;60.73
2021-05-17T06:00+02:00;6534.4;17275.06;17715.48;80.07
2021-05-17T07:00+02:00;6607.59;18328.78;19767.27;94.46
2021-05-17T08:00+02:00;6651.73;18552.44;24111.47;101.51
2021-05-17T09:00+02:00;6661.43;18277.51;28528.86;86.66
2021-05-17T10:00+02:00;6658.72;18277.95;32748.96;82
2021-05-17T11:00+02:00;6695.9;17650.89;35874.13;81.86
2021-05-17T12:00+02:00;6914.85;16931.96;38181.5;78.02
2021-05-17T13:00+02:00;7206.94;15720.41;38867.72;72
2021-05-17T14:00+02:00;7470.01;15219.81;38338.61;64
2021-05-17T15:00+02:00;7453.26;15347.58;37312.28;60.76
2021-05-17T16:00+02:00;7479.42;15386.2;33490.64;59.55
2021-05-17T17:00+02:00;7478.6;16487.92;29352.71;70.79
2021-05-17T18:00+02:00;7479.17;18026.96;24953.8;77.96
2021-05-17T19:00+02:00;7526.23;18856;20429.24;85.77
2021-05-17T20:00+02:00;7744.09;18521.22;18225.81;88.92
2021-05-17T21:00+02:00;7755.18;18291.4;18376.72;87.04
2021-05-17T22:00+02:00;7831.92;17805.59;18623.24;82
2021-05-17T23:00+02:00;7873.79;16470.96;19083.71;77.99
2021-05-18T00:00+02:00;7878.22;15300.04;19263.69;68
2021-05-18T01:00+02:00;7937.44;15078.7;19193.83;62
2021-05-18T02:00+02:00;7967.27;14951.53;18898.8;59.66
2021-05-18T03:00+02:00;7978.11;14697.47;18558.43;56.68
2021-05-18T04:00+02:00;7980.76;15205.42;18443.55;59.92
2021-05-18T05:00+02:00;7983.22;16573.29;17976.5;67.21
2021-05-18T06:00+02:00;7982.67;18532.03;18377.22;80.99
2021-05-18T07:00+02:00;7997.38;19942.36;20204.78;87.98
2021-05-18T08:00+02:00;7994.19;20328.13;22942.97;90.07
2021-05-18T09:00+02:00;7992.67;20257.49;26965.57;87.25
2021-05-18T10:00+02:00;7988.92;19480.78;30270.04;82.42
2021-05-18T11:00+02:00;7997.15;18988.46;33449.15;80
2021-05-18T12:00+02:00;7996.18;18424.98;35475.65;73.08
2021-05-18T13:00+02:00;7994;17868.17;36686.87;67.46
2021-05-18T14:00+02:00;7991.46;17498.13;37262.79;62.55
2021-05-18T15:00+02:00;7936.75;17280.79;35014.65;61.92
2021-05-18T16:00+02:00;7972.57;17649.38;31602.25;60.16
2021-05-18T17:00+02:00;7977.88;18664.06;26601.97;64.25
2021-05-18T18:00+02:00;7982.48;19941.78;20961.07;79.9
2021-05-18T19:00+02:00;7988.19;20893.56;15785.06;88.24
2021-05-18T20:00+02:00;7996.3;21012.48;12914.16;89.95
2021-05-18T21:00+02:00;8001.37;20715.38;12324.74;87.98
2021-05-18T22:00+02:00;8001.36;20423.12;12364.06;83.7
2021-05-18T23:00+02:00;8003.14;19343.67;12769.57;78.92
2021-05-19T00:00+02:00;8006.56;18620.83;13177.94;72.59
2021-05-19T01:00+02:00;8008.32;18101.73;13732.38;65.49
2021-05-19T02:00+02:00;8011.16;17692.87;14090.09;63.1
2021-05-19T03:00+02:00;8007.35;17644.32;14092.17;62.08
2021-05-19T04:00+02:00;8012.49;18251.38;13549.4;63.82
2021-05-19T05:00+02:00;8016.76;19509.42;13191.84;69.79
2021-05-19T06:00+02:00;8019.69;21099.27;14494.48;82.96
2021-05-19T07:00+02:00;8013.97;21983.51;17069.23;100.21
2021-05-19T08:00+02:00;8009.48;21882.83;20894.54;101.82
2021-05-19T09:00+02:00;7898.41;21514.75;25482.17;89.32
2021-05-19T10:00+02:00;7744.76;21079.51;30351.56;84.65
2021-05-19T11:00+02:00;7729.22;20044.2;34485.19;81.96
2021-05-19T12:00+02:00;7734.84;19284.23;36969.8;77.77
2021-05-19T13:00+02:00;7759.79;18705.27;37599.77;70.08
2021-05-19T14:00+02:00;7798.59;17427.85;37590.22;64
2021-05-19T15:00+02:00;7945.27;16594.52;35384.96;63.55
2021-05-19T16:00+02:00;7980.4;17300.65;31600.58;63.87
2021-05-19T17:00+02:00;7980.07;18696.7;27330.2;71
2021-05-19T18:00+02:00;7977.77;20216.8;22052.86;80.6
2021-05-19T19:00+02:00;7983.32;20725.74;16531.97;86.5
2021-05-19T20:00+02:00;7991.95;20657.19;13827.36;92.81
2021-05-19T21:00+02:00;8005.24;20571.31;13297.88;90.01
2021-05-19T22:00+02:00;8004.42;20452.29;13587.06;87.07
2021-05-19T23:00+02:00;8000.24;19398;14188.46;80.05
2021-05-20T00:00+02:00;7986.38;18110.06;14094.72;71.67
2021-05-20T01:00+02:00;7982.64;17690.19;14318.21;61.67
2021-05-20T02:00+02:00;7986.28;17262.54;14548.86;61.9
2021-05-20T03:00+02:00;8003.49;16809.01;14967.22;59.95
2021-05-20T04:00+02:00;8012.97;17670.3;15183.75;58.7
2021-05-20T05:00+02:00;8016.1;18698.22;15060.36;65.79
2021-05-20T06:00+02:00;8021.77;20535.66;15505.93;79.91
2021-05-20T07:00+02:00;8026.09;21221.95;17592.31;90.23
2021-05-20T08:00+02:00;8006.21;21398.25;21370.48;94.9
2021-05-20T09:00+02:00;7899.19;21326.68;26073.5;87.78
2021-05-20T10:00+02:00;7759.2;20453.26;31405.17;73.05
2021-05-20T11:00+02:00;7772.94;19216.55;35629.35;69.17
2021-05-20T12:00+02:00;7809.42;17851.78;39252.41;59.36
2021-05-20T13:00+02:00;7690.14;15940.75;41306.6;56
2021-05-20T14:00+02:00;7684.2;15452.58;41944.32;54.07
2021-05-20T15:00+02:00;7800.44;15406.77;39937.3;55.95
2021-05-20T16:00+02:00;7955.96;15723.71;35663.03;57.2
2021-05-20T17:00+02:00;7969.96;16255.03;29572.21;59.84
2021-05-20T18:00+02:00;7967.77;18451.79;23048.48;74.74
2021-05-20T19:00+02:00;7970.73;19419.88;17218.19;85.93
2021-05-20T20:00+02:00;7964.28;19444.25;15400.89;87.08
2021-05-20T21:00+02:00;7966.15;19180.73;16994.98;78.97
2021-05-20T22:00+02:00;7921.35;18111.26;20321.32;76.96
2021-05-20T23:00+02:00;7721.03;14787.09;23542.95;58.93
2021-05-21T00:00+02:00;7596.91;11305.47;26181.84;37.24
2021-05-21T01:00+02:00;7508.58;9008.05;29321.96;22.9
2021-05-21T02:00+02:00;7513.45;8841.7;31116.34;14.29
2021-05-21T03:00+02:00;7507.32;9005.77;32228.41;7.83
2021-05-21T04:00+02:00;7452.13;9116.51;33069.93;7.08
2021-05-21T05:00+02:00;7411.79;9271.27;33546.48;20.99
2021-05-21T06:00+02:00;7405.43;9865.49;35369.49;51.14
2021-05-21T07:00+02:00;7541.5;10223.09;37341.65;65
2021-05-21T08:00+02:00;7497.9;10746.39;42421.76;66.22
2021-05-21T09:00+02:00;7517.21;9719.94;49252.05;53.41
2021-05-21T10:00+02:00;7521.81;9374.77;54759.72;37.57
2021-05-21T11:00+02:00;7450.61;9268.76;57908.27;22.45
2021-05-21T12:00+02:00;7501.29;9080.39;60238.55;13.99
2021-05-21T13:00+02:00;7416.57;8880.63;61350.43;0.67
2021-05-21T14:00+02:00;7432.99;8792.15;60897.4;-9.47
2021-05-21T15:00+02:00;7150.29;8754.49;58747.52;-5.83
2021-05-21T16:00+02:00;7235.25;8825.31;55571.64;2.33
2021-05-21T17:00+02:00;7619.88;9117.05;50668.63;16.01
2021-05-21T18:00+02:00;7592.98;9575.29;43896.47;47.57
2021-05-21T19:00+02:00;7563.49;9924.67;37138.7;60.23
2021-05-21T20:00+02:00;7646.43;10082.84;31238.8;63.92
2021-05-21T21:00+02:00;7652.93;10591.72;29091.96;58.8
2021-05-21T22:00+02:00;7651.62;10677.35;30137.31;55.1
2021-05-21T23:00+02:00;7646.33;9624.4;31436.44;42.69
2021-05-22T00:00+02:00;7766.18;8908.26;33651.68;20.04
2021-05-22T01:00+02:00;7891.34;8097.33;35048.64;4.07
2021-05-22T02:00+02:00;7896.69;7798;35646.98;0.89
2021-05-22T03:00+02:00;7788.26;7836.11;37882.95;0.03
2021-05-22T04:00+02:00;7751.32;7778.38;37331.68;-0.05
2021-05-22T05:00+02:00;7851.16;7772.7;37831.61;-0.54
2021-05-22T06:00+02:00;7826.05;7704.32;39848.59;-0.94
2021-05-22T07:00+02:00;7775.11;7726.28;44239.86;-0.09
2021-05-22T08:00+02:00;7573.16;7732.18;50251.21;-0.11
2021-05-22T09:00+02:00;7144;7516.7;55003.14;-8.16
2021-05-22T10:00+02:00;6728.02;7653.01;58072.33;-33.57
2021-05-22T11:00+02:00;6658.67;7384.38;59023.51;-49.91
2021-05-22T12:00+02:00;6672.93;7331.35;59190.71;-50.73
2021-05-22T13:00+02:00;6696.71;7265.15;56299.96;-68
2021-05-22T14:00+02:00;6777.84;7257.88;54553.33;-69
2021-05-22T15:00+02:00;6694.9;7226.81;53134.83;-62.83
2021-05-22T16:00+02:00;6505.82;7248.57;52478.24;-49.98
2021-05-22T17:00+02:00;6665.14;7618.17;51509.47;-16.56
2021-05-22T18:00+02:00;7287.57;7679.58;50262.9;6.98
2021-05-22T19:00+02:00;7819.23;7865.15;43879.87;40.95
2021-05-22T20:00+02:00;7929.84;8196.08;38524.2;45.72
2021-05-22T21:00+02:00;7961.39;8465.2;35671.54;48.8
2021-05-22T22:00+02:00;7965.59;8459.62;34621.12;47.44
2021-05-22T23:00+02:00;7940.26;8098.12;34119.46;26.61
2021-05-23T00:00+02:00;7808.54;7713.81;32547.89;23.24
2021-05-23T01:00+02:00;7695.99;7788.82;31343.06;15.47
2021-05-23T02:00+02:00;7630.01;7667.41;31398.5;16.82
2021-05-23T03:00+02:00;7642.05;7630.52;30727.54;7.35
2021-05-23T04:00+02:00;7531.78;7644.59;30230.71;10.31
2021-05-23T05:00+02:00;7512.93;7949.68;29874.32;5.08
2021-05-23T06:00+02:00;7262.88;7906.96;30446.4;5.03
2021-05-23T07:00+02:00;7670.78;7947.63;31313.05;14.96
2021-05-23T08:00+02:00;7790.09;8139.29;35428.88;13.16
2021-05-23T09:00+02:00;7631.69;7994.58;40727.18;13.74
2021-05-23T10:00+02:00;7455.07;8017.48;45561.39;6.58
2021-05-23T11:00+02:00;7295.52;7827.45;48606.25;2.78
2021-05-23T12:00+02:00;7146.97;7663.95;50539.08;0.08
2021-05-23T13:00+02:00;6977.46;7591.19;50381.82;-7.83
2021-05-23T14:00+02:00;6836.94;7630.24;48608.39;-24.93
2021-05-23T15:00+02:00;6852.72;7628.66;45234.38;-25
2021-05-23T16:00+02:00;7029.15;7895.98;42978.06;-8.02
2021-05-23T17:00+02:00;7357.14;8121.87;38021.45;11.7
2021-05-23T18:00+02:00;7828.96;9011.68;30359.2;55.59
2021-05-23T19:00+02:00;7959.25;10577.8;22016.67;77.19
2021-05-23T20:00+02:00;7963.56;11124.86;16180.44;80.34
2021-05-23T21:00+02:00;7965.19;11486.35;15194.53;77.41
2021-05-23T22:00+02:00;7958.3;11117.91;17104.67;74.85
2021-05-23T23:00+02:00;7948.41;9651.53;19983.71;61.58
2021-05-24T00:00+02:00;7898.47;8349.29;22500.38;53.91
2021-05-24T01:00+02:00;7887.57;7930.88;25270.01;25.63
2021-05-24T02:00+02:00;7854.52;7925.15;26838.98;20.22
2021-05-24T03:00+02:00;7954.18;7919.52;28024.03;15.65
2021-05-24T04:00+02:00;7930.16;7954.32;29569.98;11.97
2021-05-24T05:00+02:00;7967.88;7986.42;30257.78;16.54
2021-05-24T06:00+02:00;7934.39;7942.48;32197.43;21.86
2021-05-24T07:00+02:00;7973.76;8023.54;34200.81;26.97
2021-05-24T08:00+02:00;7952.13;8092.02;37983.45;36
2021-05-24T09:00+02:00;7918.25;8095.67;43973.6;22.52
2021-05-24T10:00+02:00;7645.62;7963.7;50551.1;0.35
2021-05-24T11:00+02:00;7269.61;7786.25;53176.19;-0.03
2021-05-24T12:00+02:00;6749.74;7841.49;53948.77;0
2021-05-24T13:00+02:00;6644.93;7831.11;51710.11;2.11
2021-05-24T14:00+02:00;6885.76;7912.55;47762.45;10
2021-05-24T15:00+02:00;7159.57;8096.7;42310.05;16.1
2021-05-24T16:00+02:00;7613.07;8481.87;37222.57;29.44
2021-05-24T17:00+02:00;7748.81;9905.61;32830.77;52.7
2021-05-24T18:00+02:00;7936.1;11416.14;28280.05;72.11
2021-05-24T19:00+02:00;7947.38;12801.13;24433.99;76.23
2021-05-24T20:00+02:00;7948.44;13454.63;21785.89;70.71
2021-05-24T21:00+02:00;7953.25;13428.17;21408.35;62.92
2021-05-24T22:00+02:00;7954.79;13451.78;21859.09;62.03
2021-05-24T23:00+02:00;7962.49;12429.96;22467.87;53.55
2021-05-25T00:00+02:00;7914.51;11537.01;22933.07;52.64
2021-05-25T01:00+02:00;7950.8;11304.71;23572.03;48.78
2021-05-25T02:00+02:00;7964.31;11121.8;23441.87;46.15
2021-05-25T03:00+02:00;7942.26;11480.04;23999.15;42.01
2021-05-25T04:00+02:00;7970.54;11710.39;24946.18;40.94
2021-05-25T05:00+02:00;7969.89;12526.2;25761.19;48.53
2021-05-25T06:00+02:00;7975.52;14739.43;28078.54;66.4
2021-05-25T07:00+02:00;7978.67;15732.09;32117.8;81.98
2021-05-25T08:00+02:00;7978.95;16031.12;37044.15;84.65
2021-05-25T09:00+02:00;7975.99;16278.6;41461.23;76.79
2021-05-25T10:00+02:00;7978.32;15929.51;45684.78;66
2021-05-25T11:00+02:00;7972.93;15154.47;49412.95;62.03
2021-05-25T12:00+02:00;7982.34;13963.09;51755.71;55.51
2021-05-25T13:00+02:00;7948.04;12681.85;53766.63;47.97
2021-05-25T14:00+02:00;7970.65;12364.52;53942.89;42.04
2021-05-25T15:00+02:00;7985.24;12477.27;51644.55;40.3
2021-05-25T16:00+02:00;7967.06;12866.61;48560.24;42.48
2021-05-25T17:00+02:00;7963.31;14271.24;44415.57;50.09
2021-05-25T18:00+02:00;7966.92;15394.84;38451.44;65.48
2021-05-25T19:00+02:00;7960.64;16512.45;33337.66;76.31
2021-05-25T20:00+02:00;7960.55;16802.45;30292.08;77.98
2021-05-25T21:00+02:00;7968.8;16557.15;29634.88;77.19
2021-05-25T22:00+02:00;7974.91;16423.12;29938.61;77.09
2021-05-25T23:00+02:00;7970.84;15802.84;30088.14;65.39
2021-05-26T00:00+02:00;7964.88;14547.84;29587.13;61.25
2021-05-26T01:00+02:00;7964.38;14068.34;29343.11;54.76
2021-05-26T02:00+02:00;7933.79;13458.25;28817.66;52.03
2021-05-26T03:00+02:00;7781.6;13354.29;28511.27;51.15
2021-05-26T04:00+02:00;7743.35;13884.23;28159.58;52.28
2021-05-26T05:00+02:00;7703.75;15600.15;28666.83;59.74
2021-05-26T06:00+02:00;7727.19;17280.64;30733.67;76.68
2021-05-26T07:00+02:00;7665.07;18123.35;34419.09;84.59
2021-05-26T08:00+02:00;7588.78;18537.02;38517.13;83.56
2021-05-26T09:00+02:00;7547.21;18410.86;42703.59;73.57
2021-05-26T10:00+02:00;7646.59;18233.75;42765.25;68.87
2021-05-26T11:00+02:00;7614.35;18274.96;43459.08;70.78
2021-05-26T12:00+02:00;7389.72;17676;44621.97;64.87
2021-05-26T13:00+02:00;7423.92;16412.48;45434.01;60.03
2021-05-26T14:00+02:00;7440.61;15384.11;45609.17;53.86
2021-05-26T15:00+02:00;7436.09;15264.39;45741.11;53.56
2021-05-26T16:00+02:00;7467.86;15528.54;43938.69;54.17
2021-05-26T17:00+02:00;7435.44;17626.72;41711.8;60.65
2021-05-26T18:00+02:00;7416.05;18493.56;38701.86;74.52
2021-05-26T19:00+02:00;7431.76;18631.5;35077.45;80
2021-05-26T20:00+02:00;7517.69;18549.51;32408.18;80
2021-05-26T21:00+02:00;7555.29;18453.42;32097.46;77.26
2021-05-26T22:00+02:00;7538.67;17899.88;32417.4;75.28
2021-05-26T23:00+02:00;7574.25;16109.22;32812.07;51.08
2021-05-27T00:00+02:00;7710.08;14402.38;33238.88;60.13
2021-05-27T01:00+02:00;7735.41;14055.59;33019.42;58.15
2021-05-27T02:00+02:00;7738.22;13967.76;32820.76;56.37
2021-05-27T03:00+02:00;7740.9;13994.22;32638.75;52.71
2021-05-27T04:00+02:00;7830.07;14632.44;32620.3;52.9
2021-05-27T05:00+02:00;7855.48;16421.47;32156.62;60.75
2021-05-27T06:00+02:00;7879.34;19807.78;32229.87;77
2021-05-27T07:00+02:00;7866.1;21947.68;33629.5;84.47
2021-05-27T08:00+02:00;7813.69;23370.75;35666.82;86.45
2021-05-27T09:00+02:00;7803.24;23449.1;37721.08;79.79
2021-05-27T10:00+02:00;7802.28;23247.66;39843.57;79.13
2021-05-27T11:00+02:00;7795.55;22563.8;41911.23;78.07
2021-05-27T12:00+02:00;7793.31;22185.96;43571.59;74.95
2021-05-27T13:00+02:00;7801.08;21197.65;44443.29;65.32
2021-05-27T14:00+02:00;7810.67;20682.09;43903.86;60.77
2021-05-27T15:00+02:00;7819.51;20851.65;41959.51;60.45
2021-05-27T16:00+02:00;7810.12;21475.2;38216.71;60.91
2021-05-27T17:00+02:00;7856.52;22641.38;34025.14;69.62
2021-05-27T18:00+02:00;7958.12;23164.2;29698.28;79.96
2021-05-27T19:00+02:00;7960.71;23251.44;24945.64;85.99
2021-05-27T20:00+02:00;7960.83;23216.26;21080.41;88.87
2021-05-27T21:00+02:00;7964.69;23082.72;19540.26;85.91
2021-05-27T22:00+02:00;7966.7;22847.63;19168.79;84.04
2021-05-27T23:00+02:00;7966.86;22119.35;18780.62;79.71
2021-05-28T00:00+02:00;7950.79;21307.87;18180.58;71.34
2021-05-28T01:00+02:00;7954.01;20926.43;17492.82;63
2021-05-28T02:00+02:00;7964.03;20707.75;16850.21;61.59
2021-05-28T03:00+02:00;7968.63;20332.25;16110.87;62.03
2021-05-28T04:00+02:00;7980.36;21135.98;15815.74;64.64
2021-05-28T05:00+02:00;7982.27;22061.43;15926.87;67.93
2021-05-28T06:00+02:00;7973.59;23530.46;17001.06;81.36
2021-05-28T07:00+02:00;7859.45;24301.74;19446.27;93.01
2021-05-28T08:00+02:00;7800.69;24314.94;24144.25;92.42
2021-05-28T09:00+02:00;7794.57;23613.31;29523.91;84.38
2021-05-28T10:00+02:00;7777.42;23081.86;33948.45;80.09
2021-05-28T11:00+02:00;7774.08;22619.3;36372.8;79.03
2021-05-28T12:00+02:00;7720.24;21399.16;37550.86;73.29
2021-05-28T13:00+02:00;7740.41;19567.11;38470.1;60.61
2021-05-28T14:00+02:00;7912.25;19588.87;38534.11;58.34
2021-05-28T15:00+02:00;7947.05;19685.71;37198.12;60
2021-05-28T16:00+02:00;7945.03;20807.48;34475.66;61.02
2021-05-28T17:00+02:00;7945.11;22069.25;29633.78;72.09
2021-05-28T18:00+02:00;7944.38;23145.74;23633.79;77.99
2021-05-28T19:00+02:00;7946.87;23709.39;17964.86;83.67
2021-05-28T20:00+02:00;7940.92;23768.75;14827.18;82.9
2021-05-28T21:00+02:00;7938.53;23742.3;13334.61;80.1
2021-05-28T22:00+02:00;7946.08;23568.68;13089.07;80.03
2021-05-28T23:00+02:00;7953.21;22615.88;13194.31;75.59
2021-05-29T00:00+02:00;7952.86;21134.53;13272.13;70.89
2021-05-29T01:00+02:00;7952.75;19946.59;13435;68.37
2021-05-29T02:00+02:00;7957.21;18353.73;13561.18;67.07
2021-05-29T03:00+02:00;7960.97;17180.68;13897.29;64.77
2021-05-29T04:00+02:00;7965.17;17032.85;13993.91;64.09
2021-05-29T05:00+02:00;7964.79;17110.76;13797.31;62.42
2021-05-29T06:00+02:00;7963.34;17214.82;15262.89;63.77
2021-05-29T07:00+02:00;7965.36;16922.9;18634.81;64.91
2021-05-29T08:00+02:00;7970.29;17057.7;23735.38;65
2021-05-29T09:00+02:00;7975.27;16717.39;28846.82;63.94
2021-05-29T10:00+02:00;7967.17;15220.4;33232.77;58.47
2021-05-29T11:00+02:00;7964.94;13948.96;36508.14;52.2
2021-05-29T12:00+02:00;7961.12;12172.79;37704.12;47.96
2021-05-29T13:00+02:00;7963.31;11109.69;38982.75;31.03
2021-05-29T14:00+02:00;7753.5;10362.78;39589.07;15.01
2021-05-29T15:00+02:00;7631.56;10220.67;39418.68;15.83
2021-05-29T16:00+02:00;7866.06;10681.17;37345.44;28.27
2021-05-29T17:00+02:00;7935.52;12154.37;32560.31;45.95
2021-05-29T18:00+02:00;7870.93;14731.37;26367.89;58.05
2021-05-29T19:00+02:00;7926.96;15836.94;19817.85;67.9
2021-05-29T20:00+02:00;7924.68;16155.4;16184.36;71.85
2021-05-29T21:00+02:00;7928.85;16220.81;15485.06;72.02
2021-05-29T22:00+02:00;7932.56;16253.08;15969.2;70.99
2021-05-29T23:00+02:00;7930.09;15971.01;16021.61;64.95
2021-05-30T00:00+02:00;7925.43;14791.89;15639.98;59.9
2021-05-30T01:00+02:00;7924.8;12704.35;15432.13;55.07
2021-05-30T02:00+02:00;7940.41;11238.23;15111.7;50.66
2021-05-30T03:00+02:00;7952.04;10360.72;14780.12;48.9
2021-05-30T04:00+02:00;7917.91;10362.21;13924.53;48.92
2021-05-30T05:00+02:00;7762.65;10424.7;13687.4;47.61
2021-05-30T06:00+02:00;7673.61;10358.5;15450.34;45.71
2021-05-30T07:00+02:00;7657.94;10346.91;19398.2;45
2021-05-30T08:00+02:00;7701.96;10166.07;26189.21;39.4
2021-05-30T09:00+02:00;7771.26;9723.82;33864.77;31.96
2021-05-30T10:00+02:00;7934.48;9545.43;39602.35;17.59
2021-05-30T11:00+02:00;7887.05;9506.45;43440.36;8
2021-05-30T12:00+02:00;7502.19;9507.82;45219.64;6.08
2021-05-30T13:00+02:00;6570.68;9454.16;44543.38;-3.05
2021-05-30T14:00+02:00;6270.49;9477.94;44116.08;-16.86
2021-05-30T15:00+02:00;6190.57;9493.99;41712.1;-9.9
2021-05-30T16:00+02:00;6724.95;9628.14;38226.58;-0.93
2021-05-30T17:00+02:00;7680.22;10311.58;32663.16;17.47
2021-05-30T18:00+02:00;7845.99;13083.68;25251.44;50.06
2021-05-30T19:00+02:00;7904.82;15163.65;18291.84;67.89
2021-05-30T20:00+02:00;7906.61;15901.51;14328.83;78.08
2021-05-30T21:00+02:00;7908.09;15980.16;13838.29;79.29
2021-05-30T22:00+02:00;7915.15;15976.4;14788.2;75.43
2021-05-30T23:00+02:00;7901.71;15823.58;15346.5;66.07
2021-05-31T00:00+02:00;7920.22;14601.44;15212.95;59.6
2021-05-31T01:00+02:00;7924.85;14613.93;14582.74;57.3
2021-05-31T02:00+02:00;7929.69;15114.6;13780.98;56.22
2021-05-31T03:00+02:00;7933.79;15435.94;12887.82;55.02
2021-05-31T04:00+02:00;7947.91;16397.09;12239.96;58.49
2021-05-31T05:00+02:00;7949.09;18081.13;11857.69;59.89
2021-05-31T06:00+02:00;7966.95;20108.87;13651.87;76.72
2021-05-31T07:00+02:00;7978.46;20491.94;18710.37;85.98
2021-05-31T08:00+02:00;7960.64;20378.56;25780.11;86.73
2021-05-31T09:00+02:00;7921.41;19830.22;33579.16;77.9
2021-05-31T10:00+02:00;7839.44;18220.13;39801.39;63.38
2021-05-31T11:00+02:00;7828.64;17770.95;43501.86;60.69
2021-05-31T12:00+02:00;7832.55;16842.47;44867.04;59.1
2021-05-31T13:00+02:00;7821.18;16080.26;45078.93;55.26
2021-05-31T14:00+02:00;7811.72;15364.47;44136.15;54.05
2021-05-31T15:00+02:00;7806.75;15400.91;41528.45;54.69
2021-05-31T16:00+02:00;7876.02;16282.15;37251.11;53.94
2021-05-31T17:00+02:00;7881.69;18601.07;31180.43;62.3
2021-05-31T18:00+02:00;7864.96;19940.46;24192.49;76
2021-05-31T19:00+02:00;7871.56;20561.78;17595.73;85.14
2021-05-31T20:00+02:00;7884.91;20589.13;14258.7;86
2021-05-31T21:00+02:00;7892.99;20521.04;13957.27;82
2021-05-31T22:00+02:00;7894.19;20412.43;15022.22;79.9
2021-05-31T23:00+02:00;7905.16;19800.56;15434.94;72.67
2021-06-01T00:00+02:00;7900.67;18121.2;15298.08;61.98
2021-06-01T01:00+02:00;7913.08;17294.49;14963.19;58.94
2021-06-01T02:00+02:00;7892.27;16926.54;14644.29;56.5
2021-06-01T03:00+02:00;7918.78;16986.74;13959.71;56.23
2021-06-01T04:00+02:00;7930.02;17236.08;13468.98;56.95
2021-06-01T05:00+02:00;7941.81;18157.44;13321.95;62
2021-06-01T06:00+02:00;7948.45;19000.13;15069.71;78.99
2021-06-01T07:00+02:00;7949.56;19297.18;19604.44;85.79
2021-06-01T08:00+02:00;7936.96;19183.2;25677.82;87.1
2021-06-01T09:00+02:00;7911.87;18858.84;32696.89;78.2
2021-06-01T10:00+02:00;7892.45;17991.19;38873.77;64.95
2021-06-01T11:00+02:00;7876.38;16637.62;42918.1;61.1
2021-06-01T12:00+02:00;7852.44;15207.19;44694.05;58.13
2021-06-01T13:00+02:00;7852.16;14211.97;44787.93;56.12
2021-06-01T14:00+02:00;7835.52;13718.21;43362.24;55.4
2021-06-01T15:00+02:00;7823.33;14071.96;40990.67;56.91
2021-06-01T16:00+02:00;7830.87;15219.67;37236.03;58.13
2021-06-01T17:00+02:00;7825.6;17427.28;31140.82;70.58
2021-06-01T18:00+02:00;7815.82;19086.26;24895.24;79.36
2021-06-01T19:00+02:00;7811.95;19443.35;19406.35;86.7
2021-06-01T20:00+02:00;7820.45;19490.84;16118.2;85.14
2021-06-01T21:00+02:00;7830.07;19532.11;15845.18;80.5
2021-06-01T22:00+02:00;7841.73;19302.33;17006.75;75.31
2021-06-01T23:00+02:00;7838.29;18579.63;17695.77;67.08
2021-06-02T00:00+02:00;7841.23;16775.92;17781.45;65
2021-06-02T01:00+02:00;7857.62;15544.2;17502.62;61.37
2021-06-02T02:00+02:00;7874.91;14867.29;17155.91;59.18
2021-06-02T03:00+02:00;7875.41;14942.44;16701.46;60
2021-06-02T04:00+02:00;7802.31;15687.94;16334.09;59.89
2021-06-02T05:00+02:00;7690.49;15571.32;17057.26;63.71
2021-06-02T06:00+02:00;7695.19;17299.13;19719.83;78.49
2021-06-02T07:00+02:00;7705.53;17916.12;24373.74;81.6
2021-06-02T08:00+02:00;7680.97;17740.1;31419.09;81.12
2021-06-02T09:00+02:00;7686.73;16337.78;38603.89;72.34
2021-06-02T10:00+02:00;7678.51;15638.5;44666.01;62.44
2021-06-02T11:00+02:00;7665.03;14465.6;48735.36;57.3
2021-06-02T12:00+02:00;7644.08;13523.85;50780.17;55.72
2021-06-02T13:00+02:00;7640.91;12836.83;51191.75;54.02
2021-06-02T14:00+02:00;7621.91;12944.8;49603.63;53.83
2021-06-02T15:00+02:00;7607.85;13192.93;46315.15;53.9
2021-06-02T16:00+02:00;7579.42;13567.22;41959.96;56.87
2021-06-02T17:00+02:00;7565.24;15772.38;36202.12;67.45
2021-06-02T18:00+02:00;7612.93;17976.63;30153.7;78.48
2021-06-02T19:00+02:00;7776.41;18397.3;25053.93;83.34
2021-06-02T20:00+02:00;7771.91;18456.74;22772.55;82.91
2021-06-02T21:00+02:00;7745.09;18325.96;24605.56;78.17
2021-06-02T22:00+02:00;7784.85;17684.25;26796.16;73.93
2021-06-02T23:00+02:00;7754.36;16224.91;27419.96;59.39
2021-06-03T00:00+02:00;7648.39;14105.88;27432.5;57.88
2021-06-03T01:00+02:00;7610.57;13707.6;26509.85;54.08
2021-06-03T02:00+02:00;7616.57;13710.87;25778.21;54
2021-06-03T03:00+02:00;7544.63;13628.72;24408.45;50.5
2021-06-03T04:00+02:00;7546.34;13669.96;23437.93;52.57
2021-06-03T05:00+02:00;7549.3;13971.95;22845.05;54.08
2021-06-03T06:00+02:00;7545.13;14904.11;23727.95;54.1
2021-06-03T07:00+02:00;7576.15;16344.17;25869.84;62.44
2021-06-03T08:00+02:00;7559.7;16327.38;29764.35;59.98
2021-06-03T09:00+02:00;7471.11;15987.59;35140.02;58.66
2021-06-03T10:00+02:00;7292.15;14372.44;40808.73;53.94
2021-06-03T11:00+02:00;7248.94;13815.94;44519.57;51.96
2021-06-03T12:00+02:00;7215.25;14089.2;44414.81;50.44
2021-06-03T13:00+02:00;7194.81;14864.94;43049.03;51.63
2021-06-03T14:00+02:00;7182.9;15408.98;40469.89;54.84
2021-06-03T15:00+02:00;7359.37;15969.46;35984.31;59.11
2021-06-03T16:00+02:00;7483.74;16698.09;32977.72;65.74
2021-06-03T17:00+02:00;7592.62;17199.81;29477.71;69.3
2021-06-03T18:00+02:00;7673.29;17763.67;25953.44;75
2021-06-03T19:00+02:00;7679.28;18207.44;23123.78;81.99
2021-06-03T20:00+02:00;7701.71;18482.24;20119.74;82.03
2021-06-03T21:00+02:00;7753.97;18227.3;18617.11;80.14
2021-06-03T22:00+02:00;7766.02;18233.25;18854.72;79.32
2021-06-03T23:00+02:00;7785.28;17619.22;18314.64;73.4
2021-06-04T00:00+02:00;7788.06;17139.64;17424.5;66.41
2021-06-04T01:00+02:00;7790.61;16499.89;16594.08;62.92
2021-06-04T02:00+02:00;7784.57;15792.19;15624.71;60.04
2021-06-04T03:00+02:00;7782.34;16099.12;14352.09;60.1
2021-06-04T04:00+02:00;7787.43;16434.1;13167.13;59
2021-06-04T05:00+02:00;7794.74;16967.75;12808.31;61.32
2021-06-04T06:00+02:00;7814.34;18833.51;13764.68;75.98
2021-06-04T07:00+02:00;7813.08;19759.53;16252.89;82.99
2021-06-04T08:00+02:00;7649.85;20042.1;19553.2;85.9
2021-06-04T09:00+02:00;7616.57;19763.8;24304.13;81.45
2021-06-04T10:00+02:00;7539.75;19331.85;28980.18;75.58
2021-06-04T11:00+02:00;7501.87;19369.77;33131.5;74.88
2021-06-04T12:00+02:00;7512.05;18817.5;35239.95;69.95
2021-06-04T13:00+02:00;7548.13;19012.81;34848.02;63.01
2021-06-04T14:00+02:00;7578.58;18768.9;32292.6;62.91
2021-06-04T15:00+02:00;7567.23;18952.86;29460.61;63.93
2021-06-04T16:00+02:00;7549.05;19309.69;26783.88;67
2021-06-04T17:00+02:00;7681.8;19400.9;23349.94;75.9
2021-06-04T18:00+02:00;7728.5;19558.88;19304.78;79.91
2021-06-04T19:00+02:00;7729.35;19593.63;15732.28;81.95
2021-06-04T20:00+02:00;7732.98;19759.03;13486.4;81.69
2021-06-04T21:00+02:00;7748.68;19408.05;13237.3;80
2021-06-04T22:00+02:00;7742.89;19081.97;13310.9;78.21
2021-06-04T23:00+02:00;7752.03;17930.82;13260.88;72.09
2021-06-05T00:00+02:00;7758.22;16433.87;13274.97;74.87
2021-06-05T01:00+02:00;7764.47;16032.27;12942.66;65.25
2021-06-05T02:00+02:00;7780.89;15831.84;12906.64;59.01
2021-06-05T03:00+02:00;7788.89;15549.81;12973.91;56.96
2021-06-05T04:00+02:00;7786.35;15515.84;12855.08;56.03
2021-06-05T05:00+02:00;7779.67;15404.09;13231.41;56.04
2021-06-05T06:00+02:00;7791.51;15872.81;14761.47;56.07
2021-06-05T07:00+02:00;7783.18;16234.74;17282.32;59.07
2021-06-05T08:00+02:00;7630.77;16621.12;21290.38;66.02
2021-06-05T09:00+02:00;7604.65;16817.83;25639.55;67.99
2021-06-05T10:00+02:00;7607.65;16700.52;28965.07;57.73
2021-06-05T11:00+02:00;7617.38;16690.19;31211.1;58.03
2021-06-05T12:00+02:00;7594.91;16322.16;32580.49;58.83
2021-06-05T13:00+02:00;7540.93;15978.39;33253.56;55.49
2021-06-05T14:00+02:00;7646.19;15156.07;32223.46;52.4
2021-06-05T15:00+02:00;7757.93;15551.4;30359.8;53.8
2021-06-05T16:00+02:00;7766.17;15701.59;28189.88;55.25
2021-06-05T17:00+02:00;7767.34;16252.04;24107.45;60.48
2021-06-05T18:00+02:00;7765.96;16610.24;20599.53;70.6
2021-06-05T19:00+02:00;7774.2;16828.66;17601.21;75.62
2021-06-05T20:00+02:00;7788.22;16824.02;15930.69;76.01
2021-06-05T21:00+02:00;7795.68;16741.04;14974.44;75.6
2021-06-05T22:00+02:00;7796.25;16695.29;14552.47;72.37
2021-06-05T23:00+02:00;7796.36;16454.7;14281.61;61.86
2021-06-06T00:00+02:00;7801.96;15580.63;14019.37;58.89
2021-06-06T01:00+02:00;7816.78;15762.22;13854.47;58.08
2021-06-06T02:00+02:00;7827.4;15151.77;13855.71;57.74
2021-06-06T03:00+02:00;7833.22;14775.88;13675.01;57.22
2021-06-06T04:00+02:00;7822.35;14289.74;13644.69;54.39
2021-06-06T05:00+02:00;7615.71;14064.43;14049.27;51.63
2021-06-06T06:00+02:00;7368.8;13973.06;15072.39;52.1
2021-06-06T07:00+02:00;7089;13861;16644.47;52.7
2021-06-06T08:00+02:00;6943.47;13841.64;18618.78;57.12
2021-06-06T09:00+02:00;6937.69;14214.55;21184.55;57.89
2021-06-06T10:00+02:00;7015.62;14318.02;23384.03;57.76
2021-06-06T11:00+02:00;7263.69;14371.63;25110.19;58.44
2021-06-06T12:00+02:00;7407.54;14234.59;26365.58;58.16
2021-06-06T13:00+02:00;7412.61;13989.1;26786.24;55.41
2021-06-06T14:00+02:00;7419.13;13839.49;26660.05;48
2021-06-06T15:00+02:00;7424.2;13860.48;25532.84;47.61
2021-06-06T16:00+02:00;7432.97;14351.59;23720.25;50.68
2021-06-06T17:00+02:00;7428.5;15295.6;21441.66;57.69
2021-06-06T18:00+02:00;7432.11;16900.62;18997.55;60.02
2021-06-06T19:00+02:00;7435.27;17902.22;16895.62;69.12
2021-06-06T20:00+02:00;7446.07;18291.56;15019.54;76.38
2021-06-06T21:00+02:00;7455.01;18450.15;14417.08;77.08
2021-06-06T22:00+02:00;7471.23;18497.6;13817.78;80.1
2021-06-06T23:00+02:00;7481.19;18282.9;13286.09;72.29
2021-06-07T00:00+02:00;7487.34;17805.22;12713.13;66
2021-06-07T01:00+02:00;7500.8;17833.86;12207.13;60.22
2021-06-07T02:00+02:00;7504.73;17846.81;11758.78;60.8
2021-06-07T03:00+02:00;7506.94;18093.73;11181.06;59.97
2021-06-07T04:00+02:00;7514.37;18984.59;11058;60.3
2021-06-07T05:00+02:00;7519.17;20585.08;11213.28;63.22
2021-06-07T06:00+02:00;7526.29;22836.06;12491.6;80.19
2021-06-07T07:00+02:00;7533.89;24324.81;15074.53;85.94
2021-06-07T08:00+02:00;7541.93;24726.37;18680.43;90
2021-06-07T09:00+02:00;7549.9;24576.77;22950.54;86
2021-06-07T10:00+02:00;7547.1;24652.99;26511.7;82.55
2021-06-07T11:00+02:00;7548.97;24378.82;29202.32;81
2021-06-07T12:00+02:00;7546.86;24042.51;30495.92;79.95
2021-06-07T13:00+02:00;7545.86;23921.72;31017.73;77.73
2021-06-07T14:00+02:00;7544.72;23816.99;30867.26;76.15
2021-06-07T15:00+02:00;7552.21;23799.79;29463.42;76.97
2021-06-07T16:00+02:00;7553.47;23513.72;27035.26;77.25
2021-06-07T17:00+02:00;7557.83;23658.19;23629.73;79.55
2021-06-07T18:00+02:00;7564.67;23924.14;19993.03;83.18
2021-06-07T19:00+02:00;7570.87;24158.37;16484.57;88
2021-06-07T20:00+02:00;7579.46;23955.18;14157.14;89.95
2021-06-07T21:00+02:00;7589.36;24118.65;13601.79;87.24
2021-06-07T22:00+02:00;7601.49;23966.03;13515.42;84.95
2021-06-07T23:00+02:00;7616.18;22964.45;13296.84;79
2021-06-08T00:00+02:00;7626.2;22298.18;12958.24;71.35
2021-06-08T01:00+02:00;7633;22071.69;12451.03;64.21
2021-06-08T02:00+02:00;7647.1;22073.18;12008.9;63.48
2021-06-08T03:00+02:00;7653.63;22443.78;11601.03;61.97
2021-06-08T04:00+02:00;7667.16;22615.33;11261.5;62.36
2021-06-08T05:00+02:00;7676.68;23071.67;11539.5;66.42
2021-06-08T06:00+02:00;7683.46;24555.83;12904.98;80.07
2021-06-08T07:00+02:00;7689.39;25486.96;15719.14;90.03
2021-06-08T08:00+02:00;7690.08;25667.77;20061.2;93.85
2021-06-08T09:00+02:00;7689.49;25582.03;25104.94;85.32
2021-06-08T10:00+02:00;7688.95;25210.88;29747.74;80.02
2021-06-08T11:00+02:00;7691.43;24867.38;33300.84;77.44
2021-06-08T12:00+02:00;7691.19;24401.71;34918.63;72.6
2021-06-08T13:00+02:00;7683.72;24505.67;34583.42;65.78
2021-06-08T14:00+02:00;7680.9;24181.66;33794.68;65.06
2021-06-08T15:00+02:00;7683.57;24113.73;31928.01;68.03
2021-06-08T16:00+02:00;7689.55;24545.71;28702.89;74.47
2021-06-08T17:00+02:00;7698.33;24944.09;24513.29;79.33
2021-06-08T18:00+02:00;7700.02;25288.27;20036.66;83.79
2021-06-08T19:00+02:00;7708.74;25840.82;15713.03;92.33
2021-06-08T20:00+02:00;7712.68;26012.37;12990.88;99.32
2021-06-08T21:00+02:00;7728.24;25721.27;11922.82;87.24
2021-06-08T22:00+02:00;7735.37;25381.51;11840.56;83.96
2021-06-08T23:00+02:00;7745.18;24205.6;11765.79;77.66
2021-06-09T00:00+02:00;7750.03;22574.16;11259.95;68.48
2021-06-09T01:00+02:00;7755.97;21957.1;10895.82;66.04
2021-06-09T02:00+02:00;7760.17;21619.23;10528.29;64.59
2021-06-09T03:00+02:00;7763.57;21903.98;10093.3;64
2021-06-09T04:00+02:00;7769.61;22008.65;9557.62;64.9
2021-06-09T05:00+02:00;7781.16;22636.14;9759.2;67
2021-06-09T06:00+02:00;7779.77;23651.88;11957.74;80.15
2021-06-09T07:00+02:00;7767.16;24631.23;16167.79;86.44
2021-06-09T08:00+02:00;7761.73;25127.26;21938.9;88.11
2021-06-09T09:00+02:00;7640.79;24872.19;28447.22;82.31
2021-06-09T10:00+02:00;7553.08;24616.66;33452.01;76.81
2021-06-09T11:00+02:00;7539.13;24432.95;36584.1;71.97
2021-06-09T12:00+02:00;7534.28;23894.06;38037.16;68.22
2021-06-09T13:00+02:00;7531.9;23395.48;37108.57;70
2021-06-09T14:00+02:00;7526.36;23885.43;34943.83;68.63
2021-06-09T15:00+02:00;7640.87;24055.07;31537.94;71.76
2021-06-09T16:00+02:00;7698.1;24002.36;27938.8;72.42
2021-06-09T17:00+02:00;7703.91;24272.14;23659.45;78.32
2021-06-09T18:00+02:00;7702.16;24622.11;19050.38;82.99
2021-06-09T19:00+02:00;7693.62;25146.82;14658.13;96.97
2021-06-09T20:00+02:00;7694.65;25140.02;11690.43;98.51
2021-06-09T21:00+02:00;7702.9;25106.28;10565.73;90.06
2021-06-09T22:00+02:00;7711.73;24993.1;10130.7;85
2021-06-09T23:00+02:00;7717.77;24368.45;9994.75;77.98
2021-06-10T00:00+02:00;7720.45;23090.11;9985.96;78.58
2021-06-10T01:00+02:00;7721.22;22275.59;9863.38;72.7
2021-06-10T02:00+02:00;7725.25;21975.47;9728.9;68.33
2021-06-10T03:00+02:00;7731.4;21864.3;9734.21;65.6
2021-06-10T04:00+02:00;7738.77;21929.66;9562.05;66.09
2021-06-10T05:00+02:00;7741.64;22700.78;9796.03;69.32
2021-06-10T06:00+02:00;7743.44;24485.53;12179.34;80.91
2021-06-10T07:00+02:00;7739.96;25230.37;16893.84;89.27
2021-06-10T08:00+02:00;7717.42;25172.44;23120.44;92.5
2021-06-10T09:00+02:00;7701.51;24869.77;29708.51;84.59
2021-06-10T10:00+02:00;7653.33;23946.03;35271.22;74.44
2021-06-10T11:00+02:00;7656.49;23870.44;38142.62;79.36
2021-06-10T12:00+02:00;7657.88;23745.31;37211.89;82.18
2021-06-10T13:00+02:00;7661.15;22769.83;39094.75;66.05
2021-06-10T14:00+02:00;7645.91;22781.3;38414.47;65.2
2021-06-10T15:00+02:00;7645.32;22959.35;35960.21;66.25
2021-06-10T16:00+02:00;7657.43;23725.03;31992.87;71.5
2021-06-10T17:00+02:00;7657.69;24282.24;26702.12;81.7
2021-06-10T18:00+02:00;7653.57;24774.33;21172.17;86.01
2021-06-10T19:00+02:00;7663.4;24770.6;15830.18;97.19
2021-06-10T20:00+02:00;7670.32;24442.99;12650.12;95.88
2021-06-10T21:00+02:00;7675.43;24080.21;10945.36;90.13
2021-06-10T22:00+02:00;7682.85;23985.1;10415.77;87.25
2021-06-10T23:00+02:00;7681.82;23107.12;10495.39;80.97
2021-06-11T00:00+02:00;7684.03;22446.89;10437.9;81.75
2021-06-11T01:00+02:00;7688.12;21859.44;10065.87;74.87
2021-06-11T02:00+02:00;7691.69;21257.77;9655.16;68.1
2021-06-11T03:00+02:00;7692;21266.86;9712.78;66.58
2021-06-11T04:00+02:00;7693.45;21281.32;10152.44;66.33
2021-06-11T05:00+02:00;7698.1;21701.48;10980.58;70.15
2021-06-11T06:00+02:00;7692.69;22556.04;13728.61;88.03
2021-06-11T07:00+02:00;7411.85;22826.15;18702.39;97.69
2021-06-11T08:00+02:00;6924;22802.44;25420.93;92.26
2021-06-11T09:00+02:00;6835.87;22658.03;33106.59;85.05
2021-06-11T10:00+02:00;6662.55;22154.87;39106.06;76.92
2021-06-11T11:00+02:00;6617.46;21489.44;42789.91;74
2021-06-11T12:00+02:00;6560.4;21158.84;43725.47;75.43
2021-06-11T13:00+02:00;6476.8;20779.79;42780.65;67.98
2021-06-11T14:00+02:00;6467.43;20500.29;41840;65.49
2021-06-11T15:00+02:00;6475.45;20334.19;40190.52;64.87
2021-06-11T16:00+02:00;6475.98;20464.98;37424.6;67.45
2021-06-11T17:00+02:00;6468.91;21031.31;32953.12;76.96
2021-06-11T18:00+02:00;6459.29;21360.37;27541.73;82.98
2021-06-11T19:00+02:00;6500.71;22082.63;21216.39;88.07
2021-06-11T20:00+02:00;6563.36;22103.18;16483.01;89.92
2021-06-11T21:00+02:00;6565.95;21841.16;14796.93;88.07
2021-06-11T22:00+02:00;6572.36;21634.12;14296.37;85.46
2021-06-11T23:00+02:00;6580.46;20661.38;14427.95;79.88
2021-06-12T00:00+02:00;6581.04;18987.73;14233.73;78.56
2021-06-12T01:00+02:00;6593.21;17663.64;14381.58;70.58
2021-06-12T02:00+02:00;6604.1;16336.42;14859.71;65.98
2021-06-12T03:00+02:00;6607.27;15999.86;15249.13;60.38
2021-06-12T04:00+02:00;6612.35;15871.96;15490.25;56.22
2021-06-12T05:00+02:00;6615.35;15585.02;17025.65;56.49
2021-06-12T06:00+02:00;6621.81;14834.29;19692.15;57.24
2021-06-12T07:00+02:00;6577.01;14847.31;23340.15;64.58
2021-06-12T08:00+02:00;6542.57;14647.26;28999.11;64.94
2021-06-12T09:00+02:00;6521.14;13123.28;36662.56;61.47
2021-06-12T10:00+02:00;6503.11;10031.98;44752.6;48.91
2021-06-12T11:00+02:00;6478.21;8964.36;50717.64;31.38
2021-06-12T12:00+02:00;6457.45;8592.67;54690.87;12.11
2021-06-12T13:00+02:00;6316.37;8447.42;55955.55;-2.06
2021-06-12T14:00+02:00;5486.71;8328.86;56715.9;-21.8
2021-06-12T15:00+02:00;4973.15;8320.9;56773.17;-26.2
2021-06-12T16:00+02:00;5066.89;8356.42;55446.67;-12.97
2021-06-12T17:00+02:00;5529.5;8428.59;52880.88;0.07
2021-06-12T18:00+02:00;6183.29;8450.24;49060.08;20.4
2021-06-12T19:00+02:00;6160.57;8725.81;42386.54;44.65
2021-06-12T20:00+02:00;6200.58;9328.38;36411.75;54.04
2021-06-12T21:00+02:00;6268.34;9558.75;33033.98;57.86
2021-06-12T22:00+02:00;6290.01;8929.44;31157.96;54.91
2021-06-12T23:00+02:00;6421.23;8525.83;30089.65;42.48
2021-06-13T00:00+02:00;6513.56;8565.7;29335.3;25
2021-06-13T01:00+02:00;6524.21;8668.18;28088.67;10.19
2021-06-13T02:00+02:00;6589.84;8556.69;27100.69;7.23
2021-06-13T03:00+02:00;6565.07;8559.69;26585.1;4.99
2021-06-13T04:00+02:00;6338.25;8573.42;25877.43;4.55
2021-06-13T05:00+02:00;6289.72;8602.96;25393.83;3.04
2021-06-13T06:00+02:00;6349.51;8531.99;26239.74;3.76
2021-06-13T07:00+02:00;6385.75;8598.73;29008.9;8.26
2021-06-13T08:00+02:00;6329.18;8479.95;34964.02;4.05
2021-06-13T09:00+02:00;6364.71;8600.7;40519.54;2.52
2021-06-13T10:00+02:00;6080.99;8323.44;45202.05;0.01
2021-06-13T11:00+02:00;5455.62;8300.74;49059.88;0.01
2021-06-13T12:00+02:00;5195.6;8327.42;50045.88;-0.01
2021-06-13T13:00+02:00;4901.45;8298.81;49518.73;-23.4
2021-06-13T14:00+02:00;4926.02;8338.91;48350.12;-36.72
2021-06-13T15:00+02:00;4954.65;8362.64;46515.81;-21.01
2021-06-13T16:00+02:00;5484.41;8946.3;43622.25;-1.97
2021-06-13T17:00+02:00;6134.26;9921.29;36955.21;7.62
2021-06-13T18:00+02:00;6359.15;12033.98;28682.06;60.15
2021-06-13T19:00+02:00;6376.29;13785.83;20498.62;77.69
2021-06-13T20:00+02:00;6388.23;14486.7;15155.97;83.64
2021-06-13T21:00+02:00;6394.69;14818.14;13151.17;87.03
2021-06-13T22:00+02:00;6410.85;14847.73;12868.26;83.99
2021-06-13T23:00+02:00;6407.22;15381.9;12655.33;75.01
2021-06-14T00:00+02:00;6383.65;15352.19;12612.3;68.56
2021-06-14T01:00+02:00;6405.12;14878.2;12411.75;62.83
2021-06-14T02:00+02:00;6411.05;14801.63;12416;60.27
2021-06-14T03:00+02:00;6418.7;15217.53;12913.76;59.93
2021-06-14T04:00+02:00;6427.61;15817.52;13939.85;59.77
2021-06-14T05:00+02:00;6437.36;16540.66;15452.36;63.13
2021-06-14T06:00+02:00;6429.08;17739.15;18817.96;83.97
2021-06-14T07:00+02:00;6422.04;18574.75;24197.44;96.23
2021-06-14T08:00+02:00;6374.54;18575.85;31406.8;93
2021-06-14T09:00+02:00;6346.48;18207.75;39471.32;83.7
2021-06-14T10:00+02:00;6191;17515.73;45461.73;68.79
2021-06-14T11:00+02:00;5944.74;16790.5;49332.47;61.99
2021-06-14T12:00+02:00;5802.26;15650.06;51296.24;51.91
2021-06-14T13:00+02:00;5800.71;15048.76;51172.06;50.8
2021-06-14T14:00+02:00;5796.22;15987.73;49130.32;50.89
2021-06-14T15:00+02:00;5822.46;16958.41;45653.68;59.71
2021-06-14T16:00+02:00;6144.87;18346.16;39955.78;68.47
2021-06-14T17:00+02:00;6456.69;20199.12;32875.73;82.08
2021-06-14T18:00+02:00;6477.36;21595.96;24460.88;88.85
2021-06-14T19:00+02:00;6494.65;22375.52;17398.33;95
2021-06-14T20:00+02:00;6578;22836.42;13842.47;102.28
2021-06-14T21:00+02:00;6588.21;23188.1;13004.98;95
2021-06-14T22:00+02:00;6593.66;23234.75;13467.72;90
2021-06-14T23:00+02:00;6602.82;22650.23;13309.27;84.18
2021-06-15T00:00+02:00;6610.9;22260.83;12842.65;78.22
2021-06-15T01:00+02:00;6611.82;21348.12;12578.25;71.52
2021-06-15T02:00+02:00;6618.14;21331.22;12184.69;69.1
2021-06-15T03:00+02:00;6623.11;21282.6;11682.47;68.03
2021-06-15T04:00+02:00;6642.27;21656.61;11460.37;68.18
2021-06-15T05:00+02:00;6656.08;22243.13;11722.63;71.09
2021-06-15T06:00+02:00;6665.11;23441.5;13784.97;87.28
2021-06-15T07:00+02:00;6624.31;23983.01;18095.2;93.55
2021-06-15T08:00+02:00;6434.71;24560.79;23733.5;96.81
2021-06-15T09:00+02:00;6362.28;24770.82;29215.7;90
2021-06-15T10:00+02:00;6333.92;24715.47;34155.81;83.99
2021-06-15T11:00+02:00;6266.56;24289.17;37945.19;81.4
2021-06-15T12:00+02:00;6371.37;23403.08;40512.2;74.99
2021-06-15T13:00+02:00;6431.19;22501.7;41081.08;72.01
2021-06-15T14:00+02:00;6448.1;22293.86;39800.3;71.9
2021-06-15T15:00+02:00;6446.98;22457.69;37358.03;73
2021-06-15T16:00+02:00;6424.93;23139.04;33858.32;79.01
2021-06-15T17:00+02:00;6437.46;24244.42;28369.63;85.6
2021-06-15T18:00+02:00;6430.97;25015.73;22052.59;94.6
2021-06-15T19:00+02:00;6435.78;25324.33;16140.59;100
2021-06-15T20:00+02:00;6570.45;25796.65;12930.6;100
2021-06-15T21:00+02:00;6585.5;25805.98;12233.07;97.36
2021-06-15T22:00+02:00;6596.31;25297.88;12505.62;91.77
2021-06-15T23:00+02:00;6598.8;24567.58;12625.07;83.14
2021-06-16T00:00+02:00;6607.01;23373.27;12737.46;77.59
2021-06-16T01:00+02:00;6615.51;22602.67;12941.14;70.77
2021-06-16T02:00+02:00;6622.95;22599.57;13107.17;70.95
2021-06-16T03:00+02:00;6630.25;22096.87;13272.67;66.9
2021-06-16T04:00+02:00;6636.91;22365.68;13487.18;68.57
2021-06-16T05:00+02:00;6651.12;22935.46;14350.81;70.98
2021-06-16T06:00+02:00;6654.94;24541.54;16659.17;85.58
2021-06-16T07:00+02:00;6650.84;25169.22;20068.16;99.29
2021-06-16T08:00+02:00;6504.35;25561.11;25451.89;100
2021-06-16T09:00+02:00;6340.92;25752.07;31798.95;91.95
2021-06-16T10:00+02:00;6319.95;25208.25;37374.06;83.99
2021-06-16T11:00+02:00;6302.83;24832.11;41395.43;77.9
2021-06-16T12:00+02:00;6297.06;24565.02;43275.46;73.78
2021-06-16T13:00+02:00;6297.65;24372.5;43229.37;75.06
2021-06-16T14:00+02:00;6287.12;24702.11;41456.01;79.99
2021-06-16T15:00+02:00;6286.96;25022.83;38452.56;80.97
2021-06-16T16:00+02:00;6403.78;25362.83;34078.77;85.5
2021-06-16T17:00+02:00;6424.78;25753.98;28341.34;92.64
2021-06-16T18:00+02:00;6423.45;26333.83;22323.1;102.53
2021-06-16T19:00+02:00;6423.52;26584.4;17614.7;118.05
2021-06-16T20:00+02:00;6421.18;26614.61;15664.51;111.53
2021-06-16T21:00+02:00;6442.89;26735.77;16782.79;100.84
2021-06-16T22:00+02:00;6423.45;26532.74;19468.62;87.97
2021-06-16T23:00+02:00;6424.15;25027.77;21426.9;66.76
2021-06-17T00:00+02:00;6424.65;22783.75;21883.99;66.28
2021-06-17T01:00+02:00;6419.51;21666.33;22146.86;66
2021-06-17T02:00+02:00;6429.19;20681.21;22294.88;64.13
2021-06-17T03:00+02:00;6458.12;20056.13;22323.87;62.67
2021-06-17T04:00+02:00;6439.71;19785.4;22124.51;62.8
2021-06-17T05:00+02:00;6331.14;21017.5;22114.59;65.08
2021-06-17T06:00+02:00;6335.76;23213.78;23125.81;71.72
2021-06-17T07:00+02:00;6352.89;24139.3;25316.58;94.08
2021-06-17T08:00+02:00;6341.66;24032.53;29345.56;99
2021-06-17T09:00+02:00;6329.46;24065.61;34510.49;87.56
2021-06-17T10:00+02:00;6318.68;23894.86;39383.3;78.17
2021-06-17T11:00+02:00;6305.04;23486.25;44269.71;67.8
2021-06-17T12:00+02:00;6286.34;21801.25;48111.17;61.88
2021-06-17T13:00+02:00;6249.99;20722.38;50192.87;58.83
2021-06-17T14:00+02:00;6220.4;19667.39;49527.25;58.35
2021-06-17T15:00+02:00;6099.15;20747.53;46984.21;60.03
2021-06-17T16:00+02:00;6224.05;22140.92;42626.05;70.39
2021-06-17T17:00+02:00;6224.36;23708.16;36638.73;84.77
2021-06-17T18:00+02:00;6238.82;24466.2;29030.47;92.95
2021-06-17T19:00+02:00;6272.07;25267.54;22361.31;112.23
2021-06-17T20:00+02:00;6280.96;25648.55;18098.61;103.46
2021-06-17T21:00+02:00;6285.34;25642.28;18778.66;98.91
2021-06-17T22:00+02:00;6291.97;25144.8;19064.79;91.03
2021-06-17T23:00+02:00;6408.37;23776.01;18736.43;82.17
2021-06-18T00:00+02:00;6530.53;22805.51;17243.83;74.65
2021-06-18T01:00+02:00;6533.45;22176.34;15791.83;69.97
2021-06-18T02:00+02:00;6542.32;21806.96;14670.51;67.07
2021-06-18T03:00+02:00;6548.5;21873.1;14124.99;65.19
2021-06-18T04:00+02:00;6552.44;22095.21;13806.89;66.09
2021-06-18T05:00+02:00;6556.97;22610.21;14570.06;70.1
2021-06-18T06:00+02:00;6546.28;24268.15;16775.82;85.57
2021-06-18T07:00+02:00;6434.08;25214.15;19939.51;97.05
2021-06-18T08:00+02:00;6336.5;25459.01;25388.61;100.02
2021-06-18T09:00+02:00;6267.9;25163.65;32183.36;95
2021-06-18T10:00+02:00;6278.38;24733.55;38970.59;84.1
2021-06-18T11:00+02:00;6268.81;24346.73;43339.27;81
2021-06-18T12:00+02:00;6326.64;23772.73;44628.22;74.59
2021-06-18T13:00+02:00;6325.2;23282.09;44235.08;64.78
2021-06-18T14:00+02:00;6266.31;23361.24;43080.22;67.15
2021-06-18T15:00+02:00;6271.38;23419.59;40296.24;67.7
2021-06-18T16:00+02:00;6262.55;23796.17;36473.86;66
2021-06-18T17:00+02:00;6338.4;24670.14;32101.22;83.85
2021-06-18T18:00+02:00;6353.63;25207.65;26351.73;91.1
2021-06-18T19:00+02:00;6357.83;25394.12;21590.19;97
2021-06-18T20:00+02:00;6401.47;25223.45;19017.77;96.91
2021-06-18T21:00+02:00;6411.66;25235.03;18154.12;92.37
2021-06-18T22:00+02:00;6432.72;24677.46;19918.61;85.86
2021-06-18T23:00+02:00;6438.87;23668.85;19273.42;79.75
2021-06-19T00:00+02:00;6514.76;21000.34;18195.12;80.17
2021-06-19T01:00+02:00;6530.73;20254.85;17241.08;74.23
2021-06-19T02:00+02:00;6534.84;19921.71;16322.51;71.35
2021-06-19T03:00+02:00;6535.77;19841.18;16698.11;70.07
2021-06-19T04:00+02:00;6535.02;19531.14;17409.49;67.3
2021-06-19T05:00+02:00;6501.51;19436.58;18030.71;64.91
2021-06-19T06:00+02:00;6449.29;19043.55;20306.22;66.04
2021-06-19T07:00+02:00;6446.61;19103.05;23380.07;73.5
2021-06-19T08:00+02:00;6396.08;18604.33;29241.46;74.37
2021-06-19T09:00+02:00;6128.85;17596.71;36425.2;64.93
2021-06-19T10:00+02:00;5954.24;16155.5;42002.78;58.38
2021-06-19T11:00+02:00;5961.36;15605.93;44796.83;54.8
2021-06-19T12:00+02:00;6022.17;15100.95;45558.56;52.6
2021-06-19T13:00+02:00;6047.01;15019.59;44395.2;49.37
2021-06-19T14:00+02:00;6033.39;15809.53;41365.92;50.38
2021-06-19T15:00+02:00;6100.83;16518.62;37315.63;59.69
2021-06-19T16:00+02:00;6247.63;17582.71;32602.7;62.49
2021-06-19T17:00+02:00;6371.8;18569.45;27130.37;73
2021-06-19T18:00+02:00;6382.43;19306.26;21520.67;81
2021-06-19T19:00+02:00;6387.49;19553.39;16768.55;89
2021-06-19T20:00+02:00;6474.65;19696.55;14247.71;92.75
2021-06-19T21:00+02:00;6515.02;20025.57;13952.97;89.98
2021-06-19T22:00+02:00;6522.6;20100.08;15396.42;83.98
2021-06-19T23:00+02:00;6515.01;19142.12;17233.6;78.05
2021-06-20T00:00+02:00;6521.88;16297.51;17940.38;76.01
2021-06-20T01:00+02:00;6525.32;15373.92;20065.66;66.8
2021-06-20T02:00+02:00;6515.37;13766.35;22096.84;63.04
2021-06-20T03:00+02:00;6489.55;12472.58;23038.48;60.03
2021-06-20T04:00+02:00;6478.85;11943.84;24070.81;54.93
2021-06-20T05:00+02:00;6326.53;11459.97;26550.1;50.09
2021-06-20T06:00+02:00;6237.85;11322.05;29538.19;50.11
2021-06-20T07:00+02:00;6286.05;11446.45;31874.39;52.76
2021-06-20T08:00+02:00;6430.72;11824.36;33947.42;55
2021-06-20T09:00+02:00;6439.59;11619.74;37822.76;55
2021-06-20T10:00+02:00;6399.21;11422.8;42930.04;50.2
2021-06-20T11:00+02:00;6052.82;10946.28;46857.22;45.63
2021-06-20T12:00+02:00;6108.75;10617.38;49610.97;39.85
2021-06-20T13:00+02:00;5649.73;10593.35;48490.37;27.2
2021-06-20T14:00+02:00;5705.67;10309.22;45609.03;23.72
2021-06-20T15:00+02:00;6310.75;10375.16;39992.96;26.99
2021-06-20T16:00+02:00;6437.77;12612.51;32881.4;48.1
2021-06-20T17:00+02:00;6439.86;15768.12;25269.58;60.48
2021-06-20T18:00+02:00;6451.41;17781.79;19197.13;70.05
2021-06-20T19:00+02:00;6524.99;19098.92;15099.29;84.35
2021-06-20T20:00+02:00;6530.21;20000.71;13026.36;86.21
2021-06-20T21:00+02:00;6536.02;20292.37;12728.11;86.7
2021-06-20T22:00+02:00;6542.58;20368.72;14095.24;88.13
2021-06-20T23:00+02:00;6531.52;19619.45;16697.85;81
2021-06-21T00:00+02:00;6543.77;19071.12;17978.16;65.99
2021-06-21T01:00+02:00;6556.98;18966.1;18097.52;62.96
2021-06-21T02:00+02:00;6555.03;18960.5;18050.75;61.03
2021-06-21T03:00+02:00;6562.15;18139.92;19000.3;58.9
2021-06-21T04:00+02:00;6568.02;18375.79;19697.16;58.62
2021-06-21T05:00+02:00;6570.64;19926.14;19485.62;62.5
2021-06-21T06:00+02:00;6523.35;20808.85;21563.53;76.1
2021-06-21T07:00+02:00;6510.18;22096.37;25666.63;88.94
2021-06-21T08:00+02:00;6503.97;22574.19;32208.42;92
2021-06-21T09:00+02:00;6506.04;23032.03;38190.89;90
2021-06-21T10:00+02:00;6492.38;22769.66;43095.5;86.28
2021-06-21T11:00+02:00;6481.97;22518.58;45853.09;82
2021-06-21T12:00+02:00;6456.51;22523.76;45987.9;78.48
2021-06-21T13:00+02:00;6460.42;22576.64;45882.03;69.93
2021-06-21T14:00+02:00;6456.74;22479.29;44715.56;67.34
2021-06-21T15:00+02:00;6465.06;22047.38;43099.91;72.05
2021-06-21T16:00+02:00;6456.91;22248.33;40165.66;75.13
2021-06-21T17:00+02:00;6444.04;22824.65;35797.02;82.94
2021-06-21T18:00+02:00;6435.61;23018.83;30325.88;88.97
2021-06-21T19:00+02:00;6434.24;23450.01;25082.48;93.79
2021-06-21T20:00+02:00;6435.75;23173.25;22863.79;94.07
2021-06-21T21:00+02:00;6453.27;23108.01;22675.71;91.27
2021-06-21T22:00+02:00;6463.02;23427.64;21601.3;86.09
2021-06-21T23:00+02:00;6575.9;22808.76;19917.99;77.8
2021-06-22T00:00+02:00;6610.17;21533.98;19010.91;74.03
2021-06-22T01:00+02:00;6612.12;20788.88;18104.39;68.38
2021-06-22T02:00+02:00;6615.46;20572.9;17796.41;66.8
2021-06-22T03:00+02:00;6627.96;20974.41;16995.84;65.68
2021-06-22T04:00+02:00;6637.97;21336.62;16820.42;64.84
2021-06-22T05:00+02:00;6636.14;22435.32;17050.24;67.67
2021-06-22T06:00+02:00;6623.85;24584.02;18776.08;83.08
2021-06-22T07:00+02:00;6634.42;26118.27;21527.69;93.76
2021-06-22T08:00+02:00;6623.11;25949;25608.52;96
2021-06-22T09:00+02:00;6622.28;25596.46;29489.24;93.65
2021-06-22T10:00+02:00;6624.05;25841.89;31732.25;90.97
2021-06-22T11:00+02:00;6620.02;26312.15;32983.37;90.1
2021-06-22T12:00+02:00;6603.75;26290.56;32872.82;88.48
2021-06-22T13:00+02:00;6471.63;26124.87;32804.11;83.9
2021-06-22T14:00+02:00;6458.16;25979.08;31838.89;80.07
2021-06-22T15:00+02:00;6578.57;26055.08;30562.67;81.73
2021-06-22T16:00+02:00;6588.88;26368.14;27997.02;82.41
2021-06-22T17:00+02:00;6583.53;26507.06;25379.31;89.95
2021-06-22T18:00+02:00;6583.87;26858.12;21926.76;97.59
2021-06-22T19:00+02:00;6588.05;26967.55;17999.94;100.46
2021-06-22T20:00+02:00;6598.21;26849.07;15211.79;100.1
2021-06-22T21:00+02:00;6600.7;26777.31;13764.25;96.87
2021-06-22T22:00+02:00;6600.96;26592.51;13851.58;90.68
2021-06-22T23:00+02:00;6610.51;26150.75;13512.3;82.94
2021-06-23T00:00+02:00;6613.43;24681.71;12870.25;72.59
2021-06-23T01:00+02:00;6622.47;23872.5;12250.81;72.53
2021-06-23T02:00+02:00;6626.27;23510.43;11567.49;70.29
2021-06-23T03:00+02:00;6629.89;23731.77;11395.17;70.09
2021-06-23T04:00+02:00;6638.09;24449.71;11165.14;71.18
2021-06-23T05:00+02:00;6645.15;25627.27;11396.71;75.01
2021-06-23T06:00+02:00;6650.45;27506.6;12687.43;87.85
2021-06-23T07:00+02:00;6652.54;28010.12;15152.54;109.93
2021-06-23T08:00+02:00;6648.82;28441.67;18793.38;120
2021-06-23T09:00+02:00;6640.86;28531.91;22479.22;103.93
2021-06-23T10:00+02:00;6637.36;28332.41;25845.35;93.35
2021-06-23T11:00+02:00;6623.99;28187.3;28117.62;92.08
2021-06-23T12:00+02:00;6619.6;27843.86;29473.23;91.13
2021-06-23T13:00+02:00;6615.2;27528.34;30277.79;87.55
2021-06-23T14:00+02:00;6606.02;27151.43;30041.63;84.82
2021-06-23T15:00+02:00;6476.17;26772.96;28836.01;79.67
2021-06-23T16:00+02:00;6422.4;26870.98;26520.7;83.61
2021-06-23T17:00+02:00;6585.73;27140.03;23011.96;90.96
2021-06-23T18:00+02:00;6586.88;27551.42;18714.3;106.44
2021-06-23T19:00+02:00;6581.3;27604.38;14913.01;139.72
2021-06-23T20:00+02:00;6582.61;27631.77;12944.73;133.38
2021-06-23T21:00+02:00;6591.85;27265.95;12543.31;112.47
2021-06-23T22:00+02:00;6600.15;27010.75;12907.56;93.35
2021-06-23T23:00+02:00;6610.38;26517.69;12917.02;86.34
2021-06-24T00:00+02:00;6622.81;25294.35;12099.33;80.89
2021-06-24T01:00+02:00;6615.88;24956.28;11482.18;79.29
2021-06-24T02:00+02:00;6621.44;24420.38;10821.38;76.19
2021-06-24T03:00+02:00;6621.21;24107.61;10780.22;73.31
2021-06-24T04:00+02:00;6625.49;23966.23;10724.74;75.44
2021-06-24T05:00+02:00;6629.85;24900.88;10673.04;78.76
2021-06-24T06:00+02:00;6632.55;26244.48;11864.63;91.47
2021-06-24T07:00+02:00;6631.45;26906.02;14227.59;104.23
2021-06-24T08:00+02:00;6629.62;27135.72;17485.43;119.81
2021-06-24T09:00+02:00;6628.29;27138.71;20797.32;115.97
2021-06-24T10:00+02:00;6625.11;27280.89;23302.72;99.99
2021-06-24T11:00+02:00;6616.09;27358.83;25538.48;95
2021-06-24T12:00+02:00;6615.59;27372.4;26789.49;90.16
2021-06-24T13:00+02:00;6604.67;27310.04;27414.35;88.05
2021-06-24T14:00+02:00;6600.86;26773.74;26276.88;85.74
2021-06-24T15:00+02:00;6596.51;26662.65;25026.82;84.96
2021-06-24T16:00+02:00;6590.85;26363.71;22436.6;87.75
2021-06-24T17:00+02:00;6588.27;26624.11;18804.32;95.94
2021-06-24T18:00+02:00;6593.25;26924.75;15661.53;108.39
2021-06-24T19:00+02:00;6588.09;27149.04;13079.3;129.54
2021-06-24T20:00+02:00;6596.46;27302.32;11106.91;124.37
2021-06-24T21:00+02:00;6606.97;27136.25;9910.74;107.37
2021-06-24T22:00+02:00;6610.25;26882.91;9571.26;94.32
2021-06-24T23:00+02:00;6610.48;26318.38;9533.8;88.91
2021-06-25T00:00+02:00;6623.3;24721.81;9543.62;84.63
2021-06-25T01:00+02:00;6631.59;23761.27;9416.9;79.62
2021-06-25T02:00+02:00;6635.07;23137.24;9492.68;76.99
2021-06-25T03:00+02:00;6638.48;23083.72;9629.69;75.44
2021-06-25T04:00+02:00;6641.8;23423.26;9904.03;75.77
2021-06-25T05:00+02:00;6643.16;24579.86;10473.92;78.3
2021-06-25T06:00+02:00;6643.2;26154.97;12308.16;89.8
2021-06-25T07:00+02:00;6647.44;27144.01;14899.39;100.54
2021-06-25T08:00+02:00;6643.1;27282.21;18526.59;105.51
2021-06-25T09:00+02:00;6634.99;27068.33;22493.78;95.02
2021-06-25T10:00+02:00;6629.49;26971.84;26306.88;93.07
2021-06-25T11:00+02:00;6630.94;26345.72;29077.88;89.06
2021-06-25T12:00+02:00;6618.64;25368.22;31208.7;86.45
2021-06-25T13:00+02:00;6588.37;24598.15;31914.65;80.07
2021-06-25T14:00+02:00;6582.3;24481.93;30957.19;79.26
2021-06-25T15:00+02:00;6578.27;24639.3;28984.39;78.96
2021-06-25T16:00+02:00;6580.03;24983.54;26206.98;79.83
2021-06-25T17:00+02:00;6585.66;25709.2;22606.85;93.27
2021-06-25T18:00+02:00;6577.81;26023.68;18657.85;107.96
2021-06-25T19:00+02:00;6581.62;26082.86;14136.26;105.99
2021-06-25T20:00+02:00;6604.39;26158.31;10992.98;109.08
2021-06-25T21:00+02:00;6615.57;25825.91;9409.31;100.72
2021-06-25T22:00+02:00;6617.54;24917.76;9014.41;98.38
2021-06-25T23:00+02:00;6617.4;24053.18;8794.04;89.71
2021-06-26T00:00+02:00;6625.3;21489.9;8713.81;88.94
2021-06-26T01:00+02:00;6623.76;20093.54;8691.36;84.33
2021-06-26T02:00+02:00;6625.63;18972.46;8703.89;84.3
2021-06-26T03:00+02:00;6629.29;18970.76;8558.84;81.19
2021-06-26T04:00+02:00;6635.6;19176.43;8453.28;75.48
2021-06-26T05:00+02:00;6633.76;19299.3;8836.23;74.03
2021-06-26T06:00+02:00;6635.27;19413.09;11016.16;82.6
2021-06-26T07:00+02:00;6615.51;19397.74;15572.98;81.54
2021-06-26T08:00+02:00;6572.33;19173.84;21424.85;82.8
2021-06-26T09:00+02:00;6561.36;18814.01;27506.36;81.52
2021-06-26T10:00+02:00;6554.67;18367.82;32374.13;75.24
2021-06-26T11:00+02:00;6491.23;18488.94;35533.82;73.37
2021-06-26T12:00+02:00;6488.08;17447.78;36503.92;71.17
2021-06-26T13:00+02:00;6483.22;16427.1;35796.87;68.97
2021-06-26T14:00+02:00;6477.51;16270.67;34763.11;65.74
2021-06-26T15:00+02:00;6474.33;16523.16;32707.35;64.87
2021-06-26T16:00+02:00;6472.63;17334.26;29919.19;66.1
2021-06-26T17:00+02:00;6436.86;18583.67;25754.17;69.74
2021-06-26T18:00+02:00;6546.92;19673.24;20542.81;83.78
2021-06-26T19:00+02:00;6563.87;20303.95;15335.39;94.24
2021-06-26T20:00+02:00;6565.02;20505.34;12127.29;95.95
2021-06-26T21:00+02:00;6559.98;20591.44;11057.22;95.29
2021-06-26T22:00+02:00;6566.47;20458.64;11636.19;91.03
2021-06-26T23:00+02:00;6572.87;19697.71;12423.62;84.78
2021-06-27T00:00+02:00;6581.21;18515.6;12703.19;76.89
2021-06-27T01:00+02:00;6594.74;17055.81;13036.9;71
2021-06-27T02:00+02:00;6593.75;15695.38;12849.2;68.05
2021-06-27T03:00+02:00;6603.82;15163.07;12499.99;68.18
2021-06-27T04:00+02:00;6615.26;15248.83;12147.58;68.16
2021-06-27T05:00+02:00;6608.26;15026.27;12314.98;65.92
2021-06-27T06:00+02:00;6607.74;14706.69;14501.71;66.07
2021-06-27T07:00+02:00;6620.8;14371.75;18501.91;65.03
2021-06-27T08:00+02:00;6619.12;13730.75;23734.61;62.29
2021-06-27T09:00+02:00;6607.53;12836.97;29758.42;59.61
2021-06-27T10:00+02:00;6588.26;12244.85;34821.31;52.89
2021-06-27T11:00+02:00;6517.86;12218.09;38495.3;52.96
2021-06-27T12:00+02:00;6361.11;11876.97;40183.37;49.58
2021-06-27T13:00+02:00;6295.65;10793.35;40461.23;31.51
2021-06-27T14:00+02:00;6287.86;10616.32;39099.95;21.73
2021-06-27T15:00+02:00;6319.95;10594.11;35845.65;27.18
2021-06-27T16:00+02:00;6452.99;12015.2;31927.47;45.05
2021-06-27T17:00+02:00;6531.5;16164.08;26841.72;67.03
2021-06-27T18:00+02:00;6525.03;18905.06;20877.33;80.55
2021-06-27T19:00+02:00;6521.32;19953.87;15155.37;90.85
2021-06-27T20:00+02:00;6525.19;20167.27;13595.26;95
2021-06-27T21:00+02:00;6536.67;20290.76;12669.47;93.68
2021-06-27T22:00+02:00;6546.58;20192.48;12421.56;92.91
2021-06-27T23:00+02:00;6560.14;20011.95;11997.96;86.96
2021-06-28T00:00+02:00;6563.79;19669.15;12128.89;81.2
2021-06-28T01:00+02:00;6569.03;19384.98;12188.05;73.38
2021-06-28T02:00+02:00;6571.43;19540.75;12348.42;70.2
2021-06-28T03:00+02:00;6574.64;19589.65;12719.76;68.92
2021-06-28T04:00+02:00;6574.99;19998.58;12594.95;69.15
2021-06-28T05:00+02:00;6584.18;21156.36;12470.28;74
2021-06-28T06:00+02:00;6581.54;23268.3;13839.25;94.29
2021-06-28T07:00+02:00;6598.18;25211.11;17396.53;103.18
2021-06-28T08:00+02:00;6533.73;25878.44;22743.59;98.49
2021-06-28T09:00+02:00;6454.78;25945.62;29372.56;94.24
2021-06-28T10:00+02:00;6308.36;25637.02;34652.27;89.7
2021-06-28T11:00+02:00;6291.49;25196.14;38069.57;86.95
2021-06-28T12:00+02:00;6283.39;24581.16;39370.73;86.74
2021-06-28T13:00+02:00;6270.49;24492.73;38776.65;78.47
2021-06-28T14:00+02:00;6262.17;24558.16;36942.71;76.4
2021-06-28T15:00+02:00;6269.92;24311.39;34666.33;81.2
2021-06-28T16:00+02:00;6287.03;24760.12;31526.52;84.96
2021-06-28T17:00+02:00;6290.72;25986.26;27024.01;90.45
2021-06-28T18:00+02:00;6396.36;26362.08;21735.56;99.62
2021-06-28T19:00+02:00;6480.28;26433.8;17640.24;123.96
2021-06-28T20:00+02:00;6529.85;26495.96;15992.1;117.96
2021-06-28T21:00+02:00;6520.31;26239.02;16770.48;98.98
2021-06-28T22:00+02:00;6539.62;25655.86;18310.25;97.49
2021-06-28T23:00+02:00;6541.13;24552.23;18639.6;89.59
2021-06-29T00:00+02:00;6542.83;23225.99;18846.73;81.03
2021-06-29T01:00+02:00;6553.17;22705.29;18241.21;76.33
2021-06-29T02:00+02:00;6555.8;22027.02;18054.88;74.98
2021-06-29T03:00+02:00;6557.32;21431.41;18008.56;73.45
2021-06-29T04:00+02:00;6557.26;21831.17;17488.86;74.52
2021-06-29T05:00+02:00;6553.81;22414.02;18052.03;78.46
2021-06-29T06:00+02:00;6572.1;24298.7;19461.42;93.79
2021-06-29T07:00+02:00;6583.75;25671.88;20382.75;103.48
2021-06-29T08:00+02:00;6587.41;26321.12;21549.07;111.03
2021-06-29T09:00+02:00;6574.11;26568.2;25144.52;104.04
2021-06-29T10:00+02:00;6402;25700.04;30033.71;99.14
2021-06-29T11:00+02:00;6251.35;25375.19;34193;97.62
2021-06-29T12:00+02:00;6226.94;25278.78;35407;95.25
2021-06-29T13:00+02:00;6222.43;25032.52;36118.62;92.98
2021-06-29T14:00+02:00;6227.32;24801.18;34586.95;90.02
2021-06-29T15:00+02:00;6243.99;24959.4;30914.69;88.39
2021-06-29T16:00+02:00;6298.01;25404.91;27856.05;89
2021-06-29T17:00+02:00;6497.54;25849.17;24626.21;97.64
2021-06-29T18:00+02:00;6590.33;26274.55;21543.43;100.04
2021-06-29T19:00+02:00;6599.51;26010.07;18762.64;103.4
2021-06-29T20:00+02:00;6589.24;25795.84;16827.37;99.06
2021-06-29T21:00+02:00;6587.71;25968.66;15910.88;96.33
2021-06-29T22:00+02:00;6591.76;25495.14;15663.81;94.97
2021-06-29T23:00+02:00;6578.67;24267.44;15309.28;84.59
2021-06-30T00:00+02:00;6562.96;22797.5;15298.39;80.82
2021-06-30T01:00+02:00;6573.39;21812.52;14919.74;79.02
2021-06-30T02:00+02:00;6578.44;21460.95;14536.87;75.63
2021-06-30T03:00+02:00;6583.24;21418.23;14943.21;74.13
2021-06-30T04:00+02:00;6591.7;21251.03;15976.19;74.03
2021-06-30T05:00+02:00;6616.89;21848.56;17028.01;78.03
2021-06-30T06:00+02:00;6621.42;24796.53;18516;95.86
2021-06-30T07:00+02:00;6631.7;25722.41;19886.62;102.15
2021-06-30T08:00+02:00;6635.61;25801.82;22546.27;108
2021-06-30T09:00+02:00;6632.09;25630.07;25275.41;106.37
2021-06-30T10:00+02:00;6580.27;25622.41;28436.15;107.56
2021-06-30T11:00+02:00;6357.1;25543.55;30472.69;102.23
2021-06-30T12:00+02:00;6316.79;25074.65;31016.03;99
2021-06-30T13:00+02:00;6308.49;25067.85;31314.52;96.08
2021-06-30T14:00+02:00;6306.64;24453.84;31324.46;92.43
2021-06-30T15:00+02:00;6309.03;24444.26;31263.83;87.29
2021-06-30T16:00+02:00;6307.44;24443.23;29586.78;87.36
2021-06-30T17:00+02:00;6355.08;25019.35;26968.43;94.44
2021-06-30T18:00+02:00;6567.35;25360.24;23523.39;100.27
2021-06-30T19:00+02:00;6628.39;25311.97;20611.92;99.97
2021-06-30T20:00+02:00;6623.24;25286.57;18565.4;98.97
2021-06-30T21:00+02:00;6625.76;25005.42;17742.37;97.02
2021-06-30T22:00+02:00;6627.17;24231.27;17805.11;96.01
2021-06-30T23:00+02:00;6627.16;23461.13;18376.82;84.36
2021-07-01T00:00+02:00;6628.5;20766.91;19412.15;81.57
2021-07-01T01:00+02:00;6627.45;19027.13;20056.58;75.9
2021-07-01T02:00+02:00;6627.7;18403.83;20540.81;73.73
2021-07-01T03:00+02:00;6626.95;18728.58;20939.75;72.01
2021-07-01T04:00+02:00;6624.57;18644.92;21569.57;71.24
2021-07-01T05:00+02:00;6624.46;19619.19;23047.76;73.96
2021-07-01T06:00+02:00;6629.73;21522.61;24222.26;84.91
2021-07-01T07:00+02:00;6638.19;23136.96;25753.48;95.95
2021-07-01T08:00+02:00;6631.39;23606.13;26748.21;98.5
2021-07-01T09:00+02:00;6627.84;23816.26;27990.52;96.4
2021-07-01T10:00+02:00;6622;23750.14;29750.11;94.96
2021-07-01T11:00+02:00;6621.57;23909.23;31452.75;96.51
2021-07-01T12:00+02:00;6614.78;23773.14;32951.25;93.51
2021-07-01T13:00+02:00;6612.53;23834.56;33220.45;90.19
2021-07-01T14:00+02:00;6606.69;23730.05;32891.94;85.67
2021-07-01T15:00+02:00;6600.92;23799.86;31493.12;85
2021-07-01T16:00+02:00;6596.87;24109.82;29042.23;85.68
2021-07-01T17:00+02:00;6603.87;24416.55;25850.62;95.91
2021-07-01T18:00+02:00;6605.45;24924.19;22447.86;99.98
2021-07-01T19:00+02:00;6609.36;25038.22;19357.49;103.77
2021-07-01T20:00+02:00;6614.15;24868.92;16705.09;100.34
2021-07-01T21:00+02:00;6621.21;24567.24;15213.12;99.51
2021-07-01T22:00+02:00;6625.16;24059.29;14645.39;98.17
2021-07-01T23:00+02:00;6619.85;23375.1;14477.85;91.99
2021-07-02T00:00+02:00;6617.53;22372.83;14302.54;90.77
2021-07-02T01:00+02:00;6617.92;21881.04;14148.46;85.36
2021-07-02T02:00+02:00;6617.88;21619.98;14052.45;82.18
2021-07-02T03:00+02:00;6616.87;21503.03;13978.39;82.35
2021-07-02T04:00+02:00;6620.04;21493.66;14123.24;83.22
2021-07-02T05:00+02:00;6621.72;22450.36;14270.65;86.68
2021-07-02T06:00+02:00;6626.1;23718.39;15118.22;102
2021-07-02T07:00+02:00;6631.25;24475.12;17527.06;112
2021-07-02T08:00+02:00;6637;24814.16;21013.39;122.5
2021-07-02T09:00+02:00;6637.13;24844.54;25360.61;107.24
2021-07-02T10:00+02:00;6632.73;24452.77;28960.77;102.54
2021-07-02T11:00+02:00;6623.21;24027.14;31764.68;100
2021-07-02T12:00+02:00;6619.17;23671.94;34192.16;99.61
2021-07-02T13:00+02:00;6611.79;23274.89;36015.98;89.84
2021-07-02T14:00+02:00;6608.9;22603.34;36571.74;82.37
2021-07-02T15:00+02:00;6610.54;22291.16;35575.6;82.53
2021-07-02T16:00+02:00;6603.19;22337.79;33471.41;82.57
2021-07-02T17:00+02:00;6596.66;22873.14;29724.34;94.23
2021-07-02T18:00+02:00;6599.45;23265.83;24218.02;99.98
2021-07-02T19:00+02:00;6602.76;23614.54;18340.24;110
2021-07-02T20:00+02:00;6613.5;23837.27;14003.07;109.49
2021-07-02T21:00+02:00;6624.02;23641.26;12710.95;105.55
2021-07-02T22:00+02:00;6632.4;23414.54;12800.81;105.02
2021-07-02T23:00+02:00;6633.83;23136;12637.86;99.98
2021-07-03T00:00+02:00;6633.6;20675.76;12391.6;92.64
2021-07-03T01:00+02:00;6638.2;19785.14;12074.89;84.39
2021-07-03T02:00+02:00;6637.31;18987.54;11802.3;80.9
2021-07-03T03:00+02:00;6645.88;18415.87;11388.21;77.57
2021-07-03T04:00+02:00;6649.59;18403.3;10918.03;74.05
2021-07-03T05:00+02:00;6654.68;18641.84;10913.27;74.06
2021-07-03T06:00+02:00;6658.23;18703.97;12926.27;78.97
2021-07-03T07:00+02:00;6664.43;18823.79;17128.76;81.45
2021-07-03T08:00+02:00;6489.56;18652.37;23357.77;83.03
2021-07-03T09:00+02:00;6397.29;18450.14;30032.16;79.34
2021-07-03T10:00+02:00;6391.95;18603.05;35015.33;74.06
2021-07-03T11:00+02:00;6386.57;18618.17;37728.65;70
2021-07-03T12:00+02:00;6377.8;18066.98;39034.11;67.04
2021-07-03T13:00+02:00;6383.65;17649.92;39278.19;65
2021-07-03T14:00+02:00;6459.34;17854.51;37510.46;66.6
2021-07-03T15:00+02:00;6552.7;18281.64;34188.81;73
2021-07-03T16:00+02:00;6552.07;18706.13;29894.65;75.2
2021-07-03T17:00+02:00;6566.47;19939.65;24486.45;85.45
2021-07-03T18:00+02:00;6572.8;20873.88;18707.66;95.44
2021-07-03T19:00+02:00;6573.41;21219.55;13738.09;106.96
2021-07-03T20:00+02:00;6596.16;21248.17;10907.46;107.43
2021-07-03T21:00+02:00;6598.92;21274.07;9702.33;106.97
2021-07-03T22:00+02:00;6607.04;21226.43;9704.25;106.95
2021-07-03T23:00+02:00;6596.88;20813.58;10023.04;100
2021-07-04T00:00+02:00;6584.04;19842.16;10326.97;94.18
2021-07-04T01:00+02:00;6579.73;18954.13;10145.73;86.74
2021-07-04T02:00+02:00;6589.38;18343.35;9901.91;80.05
2021-07-04T03:00+02:00;6589.03;18218.09;9615.24;75.61
2021-07-04T04:00+02:00;6592.34;18533.86;9551.43;75.03
2021-07-04T05:00+02:00;6475.08;18765.59;10003.07;73.99
2021-07-04T06:00+02:00;6271.54;18790.97;11429.99;74.5
2021-07-04T07:00+02:00;6325.56;18871.02;14520.91;75.42
2021-07-04T08:00+02:00;6600.98;18604.35;18977.19;78.68
2021-07-04T09:00+02:00;6599.96;18176.49;24542.29;77.08
2021-07-04T10:00+02:00;6590.33;17757.93;28624.53;75.24
2021-07-04T11:00+02:00;6586.23;17415.22;31004.74;78.03
2021-07-04T12:00+02:00;6575.32;17567.94;31280.23;78.02
2021-07-04T13:00+02:00;6564.45;17035.97;31703.74;74
2021-07-04T14:00+02:00;6559.64;16515.16;30926.73;69.26
2021-07-04T15:00+02:00;6551.69;16321.27;29080.98;69.07
2021-07-04T16:00+02:00;6551.42;16809.88;26219.28;77.03
2021-07-04T17:00+02:00;6556.68;18252.62;22354.31;83.07
2021-07-04T18:00+02:00;6563.81;19597.29;18373.34;93.85
2021-07-04T19:00+02:00;6562.62;20456.55;16300.1;99.54
2021-07-04T20:00+02:00;6595.16;20926.22;14206.9;100
2021-07-04T21:00+02:00;6606.07;21156.73;13701.23;102.09
2021-07-04T22:00+02:00;6599.94;21463.57;14421.68;104.92
2021-07-04T23:00+02:00;6603.6;21107.44;15045.02;95.73
2021-07-05T00:00+02:00;6586.39;19796.76;15311.31;81.55
2021-07-05T01:00+02:00;6593.98;19160.84;15125.45;75.22
2021-07-05T02:00+02:00;6599.06;19052.67;14813.86;74.01
2021-07-05T03:00+02:00;6599.31;18815.17;14770.22;72.01
2021-07-05T04:00+02:00;6598.95;18880.79;14569.72;71.54
2021-07-05T05:00+02:00;6621.01;19701.35;14754.11;74.09
2021-07-05T06:00+02:00;6631.81;21649.73;15801.82;91.57
2021-07-05T07:00+02:00;6627.58;23458.61;17589.81;101.93
2021-07-05T08:00+02:00;6625.32;23965.21;20955.71;105.69
2021-07-05T09:00+02:00;6626.39;24062.52;24449.82;103.55
2021-07-05T10:00+02:00;6618.75;24074.73;27147.4;101
2021-07-05T11:00+02:00;6613.54;24201.98;29384.71;100.09
2021-07-05T12:00+02:00;6596.73;23710.35;31408.3;97.91
2021-07-05T13:00+02:00;6593.73;23180.02;33181.5;94.23
2021-07-05T14:00+02:00;6602.5;22783.44;33081.21;88.93
2021-07-05T15:00+02:00;6594.18;23134.51;31287.28;83.93
2021-07-05T16:00+02:00;6590.61;23015.41;30053.23;87.8
2021-07-05T17:00+02:00;6586.32;23179.04;26252.18;99.36
2021-07-05T18:00+02:00;6587.64;23995.7;21107.07;105.6
2021-07-05T19:00+02:00;6594.67;24623.69;15861.87;114.99
2021-07-05T20:00+02:00;6595.67;24659.11;12556.63;118
2021-07-05T21:00+02:00;6600.22;24520.04;11437.09;110.74
2021-07-05T22:00+02:00;6604.48;24345.32;11763.13;103.96
2021-07-05T23:00+02:00;6598.52;22881.32;13108.98;94.58
2021-07-06T00:00+02:00;6588.34;19736.93;15056.73;86.8
2021-07-06T01:00+02:00;6593.2;18642.43;16997.74;78.09
2021-07-06T02:00+02:00;6601.71;17230.24;18986.74;73.14
2021-07-06T03:00+02:00;6598.6;16673.9;20942.68;70.87
2021-07-06T04:00+02:00;6603.09;16874.96;22662.03;67.94
2021-07-06T05:00+02:00;6594.94;17295.5;25204.31;71.58
2021-07-06T06:00+02:00;6601.71;18491.16;28748.12;82.54
2021-07-06T07:00+02:00;6605.64;19272.53;32788.6;96.59
2021-07-06T08:00+02:00;6489.05;19646.86;37627.92;97.06
2021-07-06T09:00+02:00;6327.93;19224.74;43077.18;87.29
2021-07-06T10:00+02:00;6248.81;17984.33;47348.59;76.8
2021-07-06T11:00+02:00;6118.34;17252.92;50312.4;70.34
2021-07-06T12:00+02:00;6051.8;15950.89;52194.62;60.07
2021-07-06T13:00+02:00;6122.89;15110.06;51102.86;59.91
2021-07-06T14:00+02:00;6162.53;15038.68;49431.72;58.51
2021-07-06T15:00+02:00;6117.25;15857.99;46750.3;62.74
2021-07-06T16:00+02:00;6295.22;17225.25;42899.46;68.43
2021-07-06T17:00+02:00;6457.89;18296.39;38194.21;75.49
2021-07-06T18:00+02:00;6540.58;19613.6;33393.38;91.46
2021-07-06T19:00+02:00;6547.21;20846.08;29168.11;99.94
2021-07-06T20:00+02:00;6557.7;20864.84;25791.4;103.47
2021-07-06T21:00+02:00;6576.51;20732.69;24801.88;103.97
2021-07-06T22:00+02:00;6563.35;20505.09;24618.18;101.91
2021-07-06T23:00+02:00;6467.33;19661.86;24477.43;91.28
2021-07-07T00:00+02:00;6561.06;17954.86;23089.69;82.34
2021-07-07T01:00+02:00;6591.87;17739.7;22018.91;75.06
2021-07-07T02:00+02:00;6592.45;17317.61;21376.72;75.07
2021-07-07T03:00+02:00;6606.18;17275.01;20558.22;75.1
2021-07-07T04:00+02:00;6616.32;17468.42;19197.93;75.07
2021-07-07T05:00+02:00;6615.98;18503.57;18560.98;79.73
2021-07-07T06:00+02:00;6620.33;21322.45;18410.27;96.46
2021-07-07T07:00+02:00;6622.82;23882.93;19361.31;104.78
2021-07-07T08:00+02:00;6622.05;24101.74;20528.72;108.31
2021-07-07T09:00+02:00;6613.98;24529.47;23307.37;104.93
2021-07-07T10:00+02:00;6468.53;24206.99;27008.49;100.23
2021-07-07T11:00+02:00;6450.13;24203.19;29739.27;99.59
2021-07-07T12:00+02:00;6447;24148.84;32071.55;97.65
2021-07-07T13:00+02:00;6544.85;23766.79;33813.36;97.36
2021-07-07T14:00+02:00;6553.48;22663.54;34667.63;96.98
2021-07-07T15:00+02:00;6053.08;22054.83;33791.32;96.87
2021-07-07T16:00+02:00;6026.12;22266.01;30771.41;96.37
2021-07-07T17:00+02:00;6053.24;23102.67;26653.82;100.29
2021-07-07T18:00+02:00;6029.29;24138.73;21380.31;113.57
2021-07-07T19:00+02:00;6407.76;24432.8;15938.94;133.48
2021-07-07T20:00+02:00;6588.32;24622.87;12348.02;130.13
2021-07-07T21:00+02:00;6596.7;24518.56;11362.08;120.61
2021-07-07T22:00+02:00;6598.71;24444.42;11815.23;114.91
2021-07-07T23:00+02:00;6594.19;23953.21;12001.81;103.65
2021-07-08T00:00+02:00;6597.53;23188.81;12189.5;89.34
2021-07-08T01:00+02:00;6600.78;22377.86;11987.5;83.08
2021-07-08T02:00+02:00;6606.11;21827.07;12067.97;80.38
2021-07-08T03:00+02:00;6604.77;22005.45;11797.44;79.62
2021-07-08T04:00+02:00;6608.69;22224.17;11621.58;79.49
2021-07-08T05:00+02:00;6615.12;22840.57;11478.16;82.46
2021-07-08T06:00+02:00;6396.96;24115.51;12274.07;105.92
2021-07-08T07:00+02:00;6484.91;24971.15;14267.78;120.46
2021-07-08T08:00+02:00;6627.5;25117.26;16694.81;121.69
2021-07-08T09:00+02:00;6617.7;25103.89;19513.1;117.93
2021-07-08T10:00+02:00;6609.38;25051.56;22102.11;110.01
2021-07-08T11:00+02:00;6599.73;25132.58;23528.38;108.36
2021-07-08T12:00+02:00;6596.98;25216.98;23926.99;105.07
2021-07-08T13:00+02:00;6595.04;25388.07;23080.81;102.8
2021-07-08T14:00+02:00;6592.41;25520.49;22405.9;106.99
2021-07-08T15:00+02:00;6288.18;25649.14;20908.75;115.69
2021-07-08T16:00+02:00;6479.84;25414.3;20188.34;117.6
2021-07-08T17:00+02:00;6589.02;25081.44;19088.55;123.29
2021-07-08T18:00+02:00;6587.8;25181.87;16882.57;137.99
2021-07-08T19:00+02:00;6584.63;25317.94;14646.49;150
2021-07-08T20:00+02:00;6607.04;25353.05;12568.08;147
2021-07-08T21:00+02:00;6608.05;24974.21;11362.77;124.1
2021-07-08T22:00+02:00;6604.54;24572.22;10873.83;111.04
2021-07-08T23:00+02:00;6598.86;24216.68;10818.71;96.7
2021-07-09T00:00+02:00;6610.73;22788.37;11380.82;87.97
2021-07-09T01:00+02:00;6620.28;21790.75;12075.07;78.07
2021-07-09T02:00+02:00;6623.19;20915.54;12529.28;76.84
2021-07-09T03:00+02:00;6624.81;20946.25;12659.91;75.15
2021-07-09T04:00+02:00;6623.88;21300.74;12785.06;75.24
2021-07-09T05:00+02:00;6631.07;22302.19;13529.74;77.81
2021-07-09T06:00+02:00;6630.4;23356.2;15036.01;92.88
2021-07-09T07:00+02:00;6629.34;23820.49;16270.48;104.49
2021-07-09T08:00+02:00;6632.18;23990.59;18031.67;107.97
2021-07-09T09:00+02:00;6499.48;23763.2;20974.83;104.62
2021-07-09T10:00+02:00;6610.19;23528.83;24697.68;105.46
2021-07-09T11:00+02:00;6621.37;22965.64;27057.28;102.38
2021-07-09T12:00+02:00;6615.8;23015.11;29327.88;95
2021-07-09T13:00+02:00;6615.41;22507.01;31457.13;91.92
2021-07-09T14:00+02:00;6610.32;22035.96;31974.5;87
2021-07-09T15:00+02:00;6906.39;21499.69;31329.67;83.21
2021-07-09T16:00+02:00;7090.26;21668.41;29712.74;82.5
2021-07-09T17:00+02:00;7141.09;21971;27385.05;88.15
2021-07-09T18:00+02:00;7137.38;22304.73;24055.46;94.47
2021-07-09T19:00+02:00;7344.16;22698.66;20046.09;97.68
2021-07-09T20:00+02:00;7465.11;22642.38;17473.13;98.25
2021-07-09T21:00+02:00;7568.22;22268.78;16503.51;98.43
2021-07-09T22:00+02:00;7687.22;22184.17;16494.21;96.69
2021-07-09T23:00+02:00;7731.44;21548.96;16976.02;91.98
2021-07-10T00:00+02:00;7770.34;19048.3;16940.76;84.73
2021-07-10T01:00+02:00;7815.8;17923.67;17196.18;80.86
2021-07-10T02:00+02:00;7853.83;17480.29;16765.95;75.75
2021-07-10T03:00+02:00;7859.9;17202;16567.73;74.04
2021-07-10T04:00+02:00;7885.15;16993.24;16625.32;72.87
2021-07-10T05:00+02:00;7891.31;16599.98;17160.19;72.45
2021-07-10T06:00+02:00;7901.79;16900.63;18269.87;74.02
2021-07-10T07:00+02:00;7912.04;17684.24;20417.03;80.02
2021-07-10T08:00+02:00;7899.95;17810.66;24813.72;80.41
2021-07-10T09:00+02:00;7887.98;17761.53;30794.39;79.22
2021-07-10T10:00+02:00;7741.52;17120.54;36297.97;74.73
2021-07-10T11:00+02:00;7687.04;16438.37;39612.33;68.5
2021-07-10T12:00+02:00;7701.49;16120.44;40618.78;70.03
2021-07-10T13:00+02:00;7696.08;15814.21;39920.78;65.81
2021-07-10T14:00+02:00;7697.69;16021.25;37897.2;68.83
2021-07-10T15:00+02:00;7706.13;16538.05;34640.88;70.4
2021-07-10T16:00+02:00;7706.75;17094.82;30404.52;73
2021-07-10T17:00+02:00;7740.15;17926.43;24958.54;81.31
2021-07-10T18:00+02:00;7874.88;18704.06;19277.74;93.16
2021-07-10T19:00+02:00;7878.31;18975.88;14028.91;97.91
2021-07-10T20:00+02:00;7877.66;19290.24;11550.49;99.19
2021-07-10T21:00+02:00;7879.15;19370.25;10932.88;100.05
2021-07-10T22:00+02:00;7882.84;19370.46;11074.47;98.5
2021-07-10T23:00+02:00;7885.1;19141.09;11256.72;95
2021-07-11T00:00+02:00;7888.55;18286.82;11943.59;87.4
2021-07-11T01:00+02:00;7909.66;17538.67;12340.22;79.09
2021-07-11T02:00+02:00;7900.93;16872.13;12383.47;75.14
2021-07-11T03:00+02:00;7897.53;16750.08;12205.51;70.13
2021-07-11T04:00+02:00;7905.22;16563.96;12121.03;68.72
2021-07-11T05:00+02:00;7925.09;16461.08;12567.71;68.69
2021-07-11T06:00+02:00;7939.31;16515.01;13594.81;68.63
2021-07-11T07:00+02:00;7942.18;16850.19;15101.02;70.02
2021-07-11T08:00+02:00;7937.45;16942.06;17865.33;71.56
2021-07-11T09:00+02:00;7932.76;16625.39;21986.92;72
2021-07-11T10:00+02:00;7923.08;16108.67;26330.76;71.28
2021-07-11T11:00+02:00;7907.85;16383.55;29071.65;73.45
2021-07-11T12:00+02:00;7899.34;16343.48;30302.83;73
2021-07-11T13:00+02:00;7896.45;16217.02;30285.69;68.09
2021-07-11T14:00+02:00;7880.72;15750.48;30167.8;64
2021-07-11T15:00+02:00;7885.3;15257.71;30150.49;65.22
2021-07-11T16:00+02:00;7881.96;15331.12;29455.56;67.98
2021-07-11T17:00+02:00;7882.2;16838.71;26476.31;73.75
2021-07-11T18:00+02:00;7879.74;17660.11;21973.05;80.85
2021-07-11T19:00+02:00;7879.08;18482.25;17159.02;94.25
2021-07-11T20:00+02:00;7880.38;19180.73;14193.47;99.76
2021-07-11T21:00+02:00;7880.72;19598.98;13546.18;103.1
2021-07-11T22:00+02:00;7881.03;19678.41;14232.31;103.63
2021-07-11T23:00+02:00;7880.44;19464.2;14506.03;96.02
2021-07-12T00:00+02:00;7890.35;19261.09;14240.91;83.4
2021-07-12T01:00+02:00;7822.77;18748.84;13966.54;76.04
2021-07-12T02:00+02:00;7775.75;18246.73;13962.64;74
2021-07-12T03:00+02:00;7829.12;18409.56;13594.82;72.92
2021-07-12T04:00+02:00;7837.82;19028.69;13426.71;73.06
2021-07-12T05:00+02:00;7877.44;19593.95;13390.3;76.12
2021-07-12T06:00+02:00;7892.29;21071.57;14726.97;94.83
2021-07-12T07:00+02:00;7901.86;22082.66;17896.38;105.62
2021-07-12T08:00+02:00;7905.5;22587.91;22501.09;106.01
2021-07-12T09:00+02:00;7878.94;22744.26;28611.04;101.8
2021-07-12T10:00+02:00;7863.7;22309.78;34084.27;95.94
2021-07-12T11:00+02:00;7809.3;21982.11;37669.17;94.99
2021-07-12T12:00+02:00;7802.85;21976.78;39139.65;91.16
2021-07-12T13:00+02:00;7804.03;21399.75;39375.21;87
2021-07-12T14:00+02:00;7789.38;21530.78;37626.37;86.47
2021-07-12T15:00+02:00;7794.45;21779.83;34745.2;88.89
2021-07-12T16:00+02:00;7827.46;22217.97;30866.59;91.7
2021-07-12T17:00+02:00;7820.21;22518.93;26304.53;99.93
2021-07-12T18:00+02:00;7823.19;22919.59;21485.09;108.45
2021-07-12T19:00+02:00;7820.36;23068.46;17328.71;120.49
2021-07-12T20:00+02:00;7820.58;23137.57;14624.94;112.41
2021-07-12T21:00+02:00;7816.86;23187.25;13804.39;103.9
2021-07-12T22:00+02:00;7819.87;23070.36;13647.61;102.26
2021-07-12T23:00+02:00;7819.1;21848.21;13496.81;95.44
2021-07-13T00:00+02:00;7825.02;20918.53;12594.25;88.61
2021-07-13T01:00+02:00;7830.09;20274.51;11936.15;83.4
2021-07-13T02:00+02:00;7837.79;19834.67;11209.22;81.02
2021-07-13T03:00+02:00;7847.31;19944.78;10533.73;76.96
2021-07-13T04:00+02:00;7853.41;20365.21;9995.04;76.95
2021-07-13T05:00+02:00;7854.39;21199.26;10572.16;84.47
2021-07-13T06:00+02:00;7856.92;23451.49;12216.99;98.01
2021-07-13T07:00+02:00;7860.05;24339.9;15194.92;104.03
2021-07-13T08:00+02:00;7861.97;24622.26;18426.47;109.88
2021-07-13T09:00+02:00;7860.91;24652.63;22305.17;106
2021-07-13T10:00+02:00;7848.64;24604.27;25466.23;102.51
2021-07-13T11:00+02:00;7835.55;24671.7;27739.65;104.31
2021-07-13T12:00+02:00;7848.47;24558.74;28484.15;99.39
2021-07-13T13:00+02:00;7867.49;24579.31;27783.81;97.96
2021-07-13T14:00+02:00;7869.68;24331.41;26883.31;95.28
2021-07-13T15:00+02:00;7867.06;24263.75;26491.36;92.17
2021-07-13T16:00+02:00;7883.85;23850.66;24428.23;91.92
2021-07-13T17:00+02:00;7882.07;24168.97;22477.29;98.79
2021-07-13T18:00+02:00;7875.04;24102.29;19521.36;103.76
2021-07-13T19:00+02:00;7878.67;24479.06;17167.91;105
2021-07-13T20:00+02:00;7881.48;24195.6;15861.28;100.29
2021-07-13T21:00+02:00;7883.26;24125.83;15957.31;98.52
2021-07-13T22:00+02:00;7877.26;23343.94;16189.32;95.03
2021-07-13T23:00+02:00;7876.51;21407.07;15871.25;86.1
2021-07-14T00:00+02:00;7882.99;20334.33;14836.24;78
2021-07-14T01:00+02:00;7884.7;20086.14;14416.27;75.2
2021-07-14T02:00+02:00;7888.25;19254.29;13916.8;72.86
2021-07-14T03:00+02:00;7893.7;19359.6;13657.02;72.67
2021-07-14T04:00+02:00;7895.1;19948.07;13670.24;74.38
2021-07-14T05:00+02:00;7892.09;20725.66;14140.89;78.85
2021-07-14T06:00+02:00;7905.99;22961.74;15054.48;95.34
2021-07-14T07:00+02:00;7911.39;23931.84;16698.47;104.98
2021-07-14T08:00+02:00;7907.73;24083.17;18605.59;111.11
2021-07-14T09:00+02:00;7905.28;24136.25;20003;110.07
2021-07-14T10:00+02:00;7900.68;23904.13;21710.16;103.32
2021-07-14T11:00+02:00;7899.52;24041.29;24711.51;101.15
2021-07-14T12:00+02:00;7886.76;23687.72;27781.31;95.41
2021-07-14T13:00+02:00;7787.33;21871.07;31556.32;88.55
2021-07-14T14:00+02:00;7778.33;21008.8;34619.99;79.05
2021-07-14T15:00+02:00;7774.26;21138.86;34612.13;74.44
2021-07-14T16:00+02:00;7774.37;21290.91;33119.24;71.18
2021-07-14T17:00+02:00;7759.07;22027.67;30908.34;81.87
2021-07-14T18:00+02:00;7874.88;22467.34;26697.92;91.83
2021-07-14T19:00+02:00;7884.32;23100.13;22733.91;93.46
2021-07-14T20:00+02:00;7884.89;23323.12;20063;94.33
2021-07-14T21:00+02:00;7899.98;22486.16;17965.2;88.11
2021-07-14T22:00+02:00;7902.62;22094.99;16975.23;85.5
2021-07-14T23:00+02:00;7906.55;19519.72;16577.23;75.68
2021-07-15T00:00+02:00;7913.77;18102.27;16078.63;77.95
2021-07-15T01:00+02:00;7914.63;17825.12;15349.52;76.83
2021-07-15T02:00+02:00;7914.64;17391.67;15064.48;75.81
2021-07-15T03:00+02:00;7925.91;17103.9;14985.77;75.72
2021-07-15T04:00+02:00;7930.47;17509.54;15290.51;78
2021-07-15T05:00+02:00;7928.86;18218.04;15622.74;81.44
2021-07-15T06:00+02:00;7924.43;20121.19;16821.4;97.74
2021-07-15T07:00+02:00;7921.04;21221.06;19266.61;105
2021-07-15T08:00+02:00;7919.56;21291.2;22812.01;105
2021-07-15T09:00+02:00;7925.12;21076.52;27038.97;103.17
2021-07-15T10:00+02:00;7912.43;20973.43;30906.8;101.23
2021-07-15T11:00+02:00;7913.47;20260.27;33392.1;100.83
2021-07-15T12:00+02:00;7911.63;20381.4;34025.79;94.79
2021-07-15T13:00+02:00;7899.25;20310.34;34306.72;90.86
2021-07-15T14:00+02:00;7893.06;20322.5;34391.6;85
2021-07-15T15:00+02:00;7887.49;19637.09;33773.4;79.98
2021-07-15T16:00+02:00;7887.14;19920.65;31600.06;78.12
2021-07-15T17:00+02:00;7881.58;20386.37;28532.46;90.61
2021-07-15T18:00+02:00;7881.8;20250.63;24989.8;94.64
2021-07-15T19:00+02:00;7881.87;20705.61;21462.49;96.7
2021-07-15T20:00+02:00;7882.96;20724.9;19213.46;96.3
2021-07-15T21:00+02:00;7887.79;20690.46;18191.32;91.91
2021-07-15T22:00+02:00;7895.72;20495.43;17682.75;90.86
2021-07-15T23:00+02:00;7895;19452.48;17376.52;85.17
2021-07-16T00:00+02:00;7897.26;17498.02;16707.46;79.14
2021-07-16T01:00+02:00;7900.89;17054.44;16238.85;74.91
2021-07-16T02:00+02:00;7899.62;16603.22;15582.89;73.13
2021-07-16T03:00+02:00;7899.06;16322.4;15368.42;71.81
2021-07-16T04:00+02:00;7915;16937.48;15393.25;72.62
2021-07-16T05:00+02:00;7925.01;17718.94;15610.85;76.73
2021-07-16T06:00+02:00;7924.38;19383.68;16656.14;93.88
2021-07-16T07:00+02:00;7928.86;20020.22;19198.4;101.87
2021-07-16T08:00+02:00;7936.88;20367.11;22509.74;101.59
2021-07-16T09:00+02:00;7928.47;20518.87;26435.93;97.91
2021-07-16T10:00+02:00;7925.38;20573.51;30093.1;93.37
2021-07-16T11:00+02:00;7911.44;20386.1;32946.64;90.42
2021-07-16T12:00+02:00;7905.41;19718.25;34987.75;89.06
2021-07-16T13:00+02:00;7901.45;19331.63;36825.51;78.01
2021-07-16T14:00+02:00;7894.48;18723.6;37196.48;74.15
2021-07-16T15:00+02:00;7881.41;18354.68;35726.35;70.28
2021-07-16T16:00+02:00;7729.43;18480.17;33814.23;71.26
2021-07-16T17:00+02:00;7830.77;18767.21;30978.03;77.91
2021-07-16T18:00+02:00;7847.88;19359.89;27000.36;90
2021-07-16T19:00+02:00;7841.07;19559.39;22862.66;96.93
2021-07-16T20:00+02:00;7842.26;19503.86;20295.35;96.93
2021-07-16T21:00+02:00;7840.79;19495.52;19540.53;94.9
2021-07-16T22:00+02:00;7837.25;19160.69;19727.47;91.17
2021-07-16T23:00+02:00;7817.88;18454.04;20016.04;81.17
2021-07-17T00:00+02:00;7727.64;15461.23;19611.94;72.87
2021-07-17T01:00+02:00;7728.4;14337.1;20033.84;70.01
2021-07-17T02:00+02:00;7742.43;12603.11;19640.4;66.02
2021-07-17T03:00+02:00;7749.2;12158.34;19766.53;60.38
2021-07-17T04:00+02:00;7726.73;11948.02;19937;57.48
2021-07-17T05:00+02:00;7727.04;11934.84;19938.5;56.86
2021-07-17T06:00+02:00;7741.28;11745.5;20081.88;62.27
2021-07-17T07:00+02:00;7748.29;11866.86;21285.38;70.08
2021-07-17T08:00+02:00;7749.23;12097.8;23560.37;75.56
2021-07-17T09:00+02:00;7747.41;11886.04;25841.33;73.84
2021-07-17T10:00+02:00;7732.17;11513.98;29630.19;70.1
2021-07-17T11:00+02:00;7730.55;11437.11;33534.4;66.72
2021-07-17T12:00+02:00;7727.07;11155.25;37108.61;55.65
2021-07-17T13:00+02:00;7469.41;10162.1;40164.06;48.23
2021-07-17T14:00+02:00;7226.26;9286.98;41751.21;30.08
2021-07-17T15:00+02:00;7227.19;8839.62;41873.79;16.92
2021-07-17T16:00+02:00;7508.97;9402.79;40671.72;29.01
2021-07-17T17:00+02:00;7618.72;10575.49;37877.58;51.07
2021-07-17T18:00+02:00;7607.56;11758.13;33375.86;68.03
2021-07-17T19:00+02:00;7637.22;12014.85;27870.14;77.56
2021-07-17T20:00+02:00;7710.77;12008.03;22947.76;81.06
2021-07-17T21:00+02:00;7688.45;12120.54;22393.21;78.11
2021-07-17T22:00+02:00;7675.96;12073.26;23231.64;75.62
2021-07-17T23:00+02:00;7702.29;11582.66;24085.57;67.03
2021-07-18T00:00+02:00;7784.36;10862.71;23450.45;62.3
2021-07-18T01:00+02:00;7820.22;10324.96;22405.38;55.75
2021-07-18T02:00+02:00;7839.08;9279.86;20808.56;50.86
2021-07-18T03:00+02:00;7840.38;8893.68;19971.2;50.17
2021-07-18T04:00+02:00;7842.84;8734.41;19282.81;45.49
2021-07-18T05:00+02:00;7825.37;8683;18497.57;46.33
2021-07-18T06:00+02:00;7708.28;8781.03;18309.32;50.83
2021-07-18T07:00+02:00;7674.13;9203.01;20022.84;55.49
2021-07-18T08:00+02:00;7675.54;8584.96;24488.73;54.82
2021-07-18T09:00+02:00;7670.54;8238.87;29963.4;46.57
2021-07-18T10:00+02:00;7480.61;8118.44;35395.13;35.33
2021-07-18T11:00+02:00;7377.4;8037.27;40262.6;25.78
2021-07-18T12:00+02:00;7020.72;7924.46;43599;19.56
2021-07-18T13:00+02:00;6730.1;7917.67;44628.2;0.1
2021-07-18T14:00+02:00;6375.07;7976.3;44263.2;-1.04
2021-07-18T15:00+02:00;6411.7;7986.17;43390.11;-5
2021-07-18T16:00+02:00;6448.75;8012.97;41411.68;0.01
2021-07-18T17:00+02:00;7202.39;8249.83;38915.66;22.5
2021-07-18T18:00+02:00;7704.83;10040.45;33604.07;58.02
2021-07-18T19:00+02:00;7764.61;11881.47;27154.33;74.62
2021-07-18T20:00+02:00;7815.79;12744.81;22482.93;79.92
2021-07-18T21:00+02:00;7828.18;13102.57;20619.43;85.03
2021-07-18T22:00+02:00;7832.32;13063.41;20072.89;94.19
2021-07-18T23:00+02:00;7824.18;13000.48;19486.33;91.13
2021-07-19T00:00+02:00;7836.84;12726.1;18770.55;73.1
2021-07-19T01:00+02:00;7852.44;12579.39;18017.89;67.2
2021-07-19T02:00+02:00;7860.03;12586.12;17640.56;64.4
2021-07-19T03:00+02:00;7878.47;12790.3;16566.4;64.83
2021-07-19T04:00+02:00;7880.55;13328.35;15507.38;65.72
2021-07-19T05:00+02:00;7871.42;14483.87;15272.97;73.48
2021-07-19T06:00+02:00;7882.43;16611.56;16077.29;95.3
2021-07-19T07:00+02:00;7896.47;18018.74;18798.72;100
2021-07-19T08:00+02:00;7841.57;18610.68;23452.14;105.05
2021-07-19T09:00+02:00;7807.1;18627.78;28948.17;98.99
2021-07-19T10:00+02:00;7803.8;18547.93;32736;95
2021-07-19T11:00+02:00;7796.36;18613.62;34714.29;93.1
2021-07-19T12:00+02:00;7789.85;18545.38;36398.81;89.36
2021-07-19T13:00+02:00;7785.15;18097.9;37076.55;83.48
2021-07-19T14:00+02:00;7782.38;17598.97;36531.36;78.4
2021-07-19T15:00+02:00;7795.74;17745.23;34840.77;77.95
2021-07-19T16:00+02:00;7801.4;18475.78;31892.24;85.11
2021-07-19T17:00+02:00;7829.28;18977.08;27705.47;93.7
2021-07-19T18:00+02:00;7874.78;19233.02;22951.75;100
2021-07-19T19:00+02:00;7877.34;19445.54;18175.04;110
2021-07-19T20:00+02:00;7879.7;19768.68;14657.42;115.2
2021-07-19T21:00+02:00;7885.59;19853.2;13676.45;110.02
2021-07-19T22:00+02:00;7898.68;19784.67;13489.89;103.86
2021-07-19T23:00+02:00;7903.12;19234.7;12886.27;97.78
2021-07-20T00:00+02:00;7904.21;18472.08;12295.92;85.7
2021-07-20T01:00+02:00;7909.01;18284.44;11728.59;81.31
2021-07-20T02:00+02:00;7907.89;17163.59;11016.56;79.7
2021-07-20T03:00+02:00;7869.26;17694.75;10320.74;77.38
2021-07-20T04:00+02:00;7875.86;18333.68;10137.72;77.93
2021-07-20T05:00+02:00;7878.01;19256.16;10415.88;80.9
2021-07-20T06:00+02:00;7910.75;20084.03;11965.89;99.03
2021-07-20T07:00+02:00;7957.56;20237.48;15191.84;114.85
2021-07-20T08:00+02:00;7956.42;20332.03;20779.69;111.36
2021-07-20T09:00+02:00;7943.5;19724.52;27197.86;102.11
2021-07-20T10:00+02:00;7935.68;19288.19;31782.75;93.01
2021-07-20T11:00+02:00;7933.95;19269.95;33839.49;88.92
2021-07-20T12:00+02:00;7926.94;19251.72;35371.16;85
2021-07-20T13:00+02:00;7920.76;18757.2;36963.5;78.3
2021-07-20T14:00+02:00;7917.13;18212.39;37838.29;75.87
2021-07-20T15:00+02:00;7904.26;18306.44;37326.36;78.45
2021-07-20T16:00+02:00;7900.3;18552.5;34610.12;80.3
2021-07-20T17:00+02:00;7895.77;18941.54;29833.18;86.52
2021-07-20T18:00+02:00;7892.4;19561.95;23602.81;98.34
2021-07-20T19:00+02:00;7895.9;20259.71;17640.11;106
2021-07-20T20:00+02:00;7901.14;20249.64;14041.78;112.7
2021-07-20T21:00+02:00;7907.48;20296.09;12962.01;109.97
2021-07-20T22:00+02:00;7916.66;20210.75;13011.36;106
2021-07-20T23:00+02:00;7911.72;19725.4;13090.19;91
2021-07-21T00:00+02:00;7917.7;18872.61;13179.48;82.01
2021-07-21T01:00+02:00;7929.14;18715.33;12915.95;78.18
2021-07-21T02:00+02:00;7937.2;18187.6;12792.61;76.15
2021-07-21T03:00+02:00;7944.13;17922.71;12429.16;76.5
2021-07-21T04:00+02:00;7952.84;17882.68;12322.97;76.3
2021-07-21T05:00+02:00;7956.6;18858.44;12221.19;80
2021-07-21T06:00+02:00;7954.14;19942.36;13564.73;93.26
2021-07-21T07:00+02:00;7958.72;20579.43;16685.76;106.56
2021-07-21T08:00+02:00;7948.21;20824.98;21503.78;108.45
2021-07-21T09:00+02:00;7937.93;20787.86;26764.31;95.91
2021-07-21T10:00+02:00;7927.84;20546.89;31178.76;87.07
2021-07-21T11:00+02:00;7926.06;20477.19;34044.37;79.98
2021-07-21T12:00+02:00;7915.61;19930.91;35336.41;79.61
2021-07-21T13:00+02:00;7905.01;19326.15;35549.52;76.44
2021-07-21T14:00+02:00;7901.19;18861.7;35266.54;75.93
2021-07-21T15:00+02:00;7897.13;19120.94;33250.68;77.04
2021-07-21T16:00+02:00;7885.32;19638.42;30103.7;82.63
2021-07-21T17:00+02:00;7888.13;20540.79;25270.94;90.73
2021-07-21T18:00+02:00;7875.65;21035.74;19944.81;101.78
2021-07-21T19:00+02:00;7870.75;21165.99;14823.28;113.59
2021-07-21T20:00+02:00;7879.48;20962.61;11752.63;111.44
2021-07-21T21:00+02:00;7885.01;20824.94;10857.35;110
2021-07-21T22:00+02:00;7885.03;20642.87;10764.02;104.59
2021-07-21T23:00+02:00;7881.5;20119.9;10812.02;95.5
2021-07-22T00:00+02:00;7861.16;19520.17;10446.64;83.01
2021-07-22T01:00+02:00;7871.71;19034.26;10059.88;77.36
2021-07-22T02:00+02:00;7879.2;18473.04;9764.67;75.99
2021-07-22T03:00+02:00;7858.07;18744.97;9760.46;75.01
2021-07-22T04:00+02:00;7903.44;18886.48;9804.54;74.12
2021-07-22T05:00+02:00;7903.96;20011.75;10141.65;78.1
2021-07-22T06:00+02:00;7909.02;20978.03;11804.82;95.06
2021-07-22T07:00+02:00;7933.62;21389.01;14973.05;103.77
2021-07-22T08:00+02:00;7935.23;21841.69;19871;105.25
2021-07-22T09:00+02:00;7925.88;21895.29;25567.45;96.92
2021-07-22T10:00+02:00;7911.34;20616.99;30505.81;88.08
2021-07-22T11:00+02:00;7897.48;20018.75;33985.97;85.37
2021-07-22T12:00+02:00;7892.08;19925.72;35707.74;81.32
2021-07-22T13:00+02:00;7889.03;20106.63;36075.81;78.59
2021-07-22T14:00+02:00;7884.44;20001.36;35194.64;75.64
2021-07-22T15:00+02:00;7873.01;20319.27;33482.37;74
2021-07-22T16:00+02:00;7863.83;20862.12;30071.79;79.92
2021-07-22T17:00+02:00;7859.55;21411.99;26117.93;87.98
2021-07-22T18:00+02:00;7848.05;21749.16;21020.03;95.96
2021-07-22T19:00+02:00;7858.93;22097.4;16178.43;102
2021-07-22T20:00+02:00;7865.61;21902.58;13248.87;105
2021-07-22T21:00+02:00;7872.86;21946.02;12407.6;102.03
2021-07-22T22:00+02:00;7880.23;21652.77;12468.2;97.06
2021-07-22T23:00+02:00;7882.1;20611.15;11934.36;83.94
2021-07-23T00:00+02:00;7849.56;19867.2;11432.25;86.03
2021-07-23T01:00+02:00;7864.73;19456.99;10970.56;80.1
2021-07-23T02:00+02:00;7874.35;18693.78;10736.54;76.49
2021-07-23T03:00+02:00;7884.97;18679.79;10414.13;75.1
2021-07-23T04:00+02:00;7903.97;19134.12;10287.92;76.67
2021-07-23T05:00+02:00;7942.01;19847.5;10487.14;83.03
2021-07-23T06:00+02:00;7950.93;21150.22;11868.87;94.42
2021-07-23T07:00+02:00;7951.67;21686.49;15325.63;105.63
2021-07-23T08:00+02:00;7944.7;21952.94;20701.3;106.91
2021-07-23T09:00+02:00;7926.38;21523.32;26699.05;98.06
2021-07-23T10:00+02:00;7909.24;20924.79;31797.01;93.01
2021-07-23T11:00+02:00;7896.19;20335.56;35363.61;89.95
2021-07-23T12:00+02:00;7885.21;20066.12;36663.2;88.09
2021-07-23T13:00+02:00;7877.56;19584.22;36362.06;79.19
2021-07-23T14:00+02:00;7870.32;19118.7;35454.15;74.51
2021-07-23T15:00+02:00;7871.48;19048.73;33432.84;75.01
2021-07-23T16:00+02:00;7863.09;19563.1;29980.42;75.8
2021-07-23T17:00+02:00;7862.37;20635.5;25032.45;85.45
2021-07-23T18:00+02:00;7858.34;22043.22;19089.12;93.55
2021-07-23T19:00+02:00;7854.61;22531.39;13926.01;103.42
2021-07-23T20:00+02:00;7854.13;22218.17;11691.77;106.01
2021-07-23T21:00+02:00;7855.05;21905.43;12017.73;99.72
2021-07-23T22:00+02:00;7863.68;21410.36;13278.6;95.15
2021-07-23T23:00+02:00;7867.65;19857.13;14193.92;89.92
2021-07-24T00:00+02:00;7875.25;17169.1;14746.51;85
2021-07-24T01:00+02:00;7880.71;15895.19;14794.41;80.42
2021-07-24T02:00+02:00;7883.03;15007.6;14902.46;76.3
2021-07-24T03:00+02:00;7890.9;14762.03;15151.1;71.28
2021-07-24T04:00+02:00;7893.83;14286.27;15226.65;70.33
2021-07-24T05:00+02:00;7893.75;14250.63;15880.66;69.87
2021-07-24T06:00+02:00;7900.95;14353.75;17882.81;71.3
2021-07-24T07:00+02:00;7893.12;14481.29;20904.05;75.86
2021-07-24T08:00+02:00;7893.51;14768.59;24463.92;78.3
2021-07-24T09:00+02:00;7887.26;14878.03;28912.17;78.81
2021-07-24T10:00+02:00;7864.4;14608.2;33453.21;75.53
2021-07-24T11:00+02:00;7860.41;14233.37;37868.56;72.03
2021-07-24T12:00+02:00;7845.58;14059.4;39003.83;70.3
2021-07-24T13:00+02:00;7831.74;14224.63;37851.11;64.04
2021-07-24T14:00+02:00;7822.88;14194.85;35920.39;63.1
2021-07-24T15:00+02:00;7821.69;14248.45;32753.62;65.01
2021-07-24T16:00+02:00;7811.53;14585.75;29134.17;68.91
2021-07-24T17:00+02:00;7814.56;14989.62;25950.72;77.72
2021-07-24T18:00+02:00;7810.3;15489.05;22779.41;85.07
2021-07-24T19:00+02:00;7819.15;15664.52;21310.83;90.21
2021-07-24T20:00+02:00;7837.79;15778.3;21141.06;90.04
2021-07-24T21:00+02:00;7837.59;15716.36;21657.82;87
2021-07-24T22:00+02:00;7836.65;15428.43;22047.86;79.5
2021-07-24T23:00+02:00;7837.55;15007.6;21931.57;72.4
2021-07-25T00:00+02:00;7848.35;14595.21;20878.06;59.06
2021-07-25T01:00+02:00;7855.85;14071.91;19844.79;54.24
2021-07-25T02:00+02:00;7872.82;13791.73;19339.85;53.51
2021-07-25T03:00+02:00;7881.46;13091.86;18931.09;49.06
2021-07-25T04:00+02:00;7875.38;12574.78;18182.73;49.09
2021-07-25T05:00+02:00;7867.02;12532.9;18506.86;49.1
2021-07-25T06:00+02:00;7881.92;12431.73;19456.99;49.08
2021-07-25T07:00+02:00;7878.86;12340.25;21629.95;49.15
2021-07-25T08:00+02:00;7880.28;12705.93;24524.61;53.58
2021-07-25T09:00+02:00;7868.52;12431.65;29271.87;52.41
2021-07-25T10:00+02:00;7748.99;11903.82;34088.32;49.23
2021-07-25T11:00+02:00;7612.56;11266.12;37566.93;50.3
2021-07-25T12:00+02:00;7631.86;10787.42;38822.01;49.9
2021-07-25T13:00+02:00;7373.03;10476.17;38639.9;48.56
2021-07-25T14:00+02:00;7293.29;10515.91;36771.14;46.74
2021-07-25T15:00+02:00;7331.83;11302.19;33740.24;47.85
2021-07-25T16:00+02:00;7492.85;12950.63;29482.21;49.65
2021-07-25T17:00+02:00;7813.73;15619.68;25282.91;67.17
2021-07-25T18:00+02:00;7829.42;17158;20486.77;80.4
2021-07-25T19:00+02:00;7833.53;17769.57;16355.42;87.77
2021-07-25T20:00+02:00;7838.68;18106.13;13835.76;91.46
2021-07-25T21:00+02:00;7841.39;18242.16;12811.36;91.85
2021-07-25T22:00+02:00;7846.65;18221.43;12556.63;91.86
2021-07-25T23:00+02:00;7853.46;18055.17;12101.18;85.93
2021-07-26T00:00+02:00;7866.28;17522.07;11590.91;75.4
2021-07-26T01:00+02:00;7881.67;16896.62;11725.76;72.6
2021-07-26T02:00+02:00;7888.23;16514.91;11194.51;69.94
2021-07-26T03:00+02:00;7896.9;16759.79;11115.36;69.07
2021-07-26T04:00+02:00;7898.04;17368.02;11301.21;72.44
2021-07-26T05:00+02:00;7897.78;18723.5;11565.22;76.44
2021-07-26T06:00+02:00;7898.18;20890.04;12900.79;90.54
2021-07-26T07:00+02:00;7900.1;22326.51;15824.44;99.96
2021-07-26T08:00+02:00;7898.34;22617.67;19612.78;102
2021-07-26T09:00+02:00;7882.49;22453.91;24246;99.06
2021-07-26T10:00+02:00;7871.99;22527.4;29124.48;91.68
2021-07-26T11:00+02:00;7863.11;22309.47;33163.88;89.98
2021-07-26T12:00+02:00;7851.76;22087.53;35127.78;86.83
2021-07-26T13:00+02:00;7853.39;21916.12;35670.76;82.4
2021-07-26T14:00+02:00;7852.84;21843.52;34625.24;81.99
2021-07-26T15:00+02:00;7849.54;21554.79;32494.07;83.43
2021-07-26T16:00+02:00;7852.11;22259.69;28236.36;83.41
2021-07-26T17:00+02:00;7848.22;22552.55;24211.01;91.73
2021-07-26T18:00+02:00;7858.61;22916.57;20038.84;103.41
2021-07-26T19:00+02:00;7861.25;23499.59;16407.11;109
2021-07-26T20:00+02:00;7858.16;23582.05;13493.47;109
2021-07-26T21:00+02:00;7867.04;23414.45;13042.07;104.82
2021-07-26T22:00+02:00;7886.43;22949.25;13285.12;95
2021-07-26T23:00+02:00;7886.97;21649.24;13823.63;83.94
2021-07-27T00:00+02:00;7878.68;20500.75;13799.87;80.08
2021-07-27T01:00+02:00;7883.46;19765.73;14331.39;75.3
2021-07-27T02:00+02:00;7888.92;19065.66;14632.5;72.55
2021-07-27T03:00+02:00;7892.81;18986.61;15004.43;72.17
2021-07-27T04:00+02:00;7894.64;19170.41;14942.55;71.02
2021-07-27T05:00+02:00;7894.41;20456.18;15031.25;76.02
2021-07-27T06:00+02:00;7899.35;21932.27;16270.79;91.15
2021-07-27T07:00+02:00;7892.72;22561.08;18924.27;99.92
2021-07-27T08:00+02:00;7892.81;22725.13;23665.18;100.98
2021-07-27T09:00+02:00;7885.48;22453.02;29782.36;89.27
2021-07-27T10:00+02:00;7868.66;22250.01;35763.83;84.08
2021-07-27T11:00+02:00;7856.84;21792.2;39694.55;83.67
2021-07-27T12:00+02:00;7849.19;21574.9;41073.4;83
2021-07-27T13:00+02:00;7839.21;21119.94;40819.34;79.43
2021-07-27T14:00+02:00;7836.24;20704.27;39254.9;78
2021-07-27T15:00+02:00;7819.63;20266.66;37090.2;79.8
2021-07-27T16:00+02:00;7836.38;20107.32;33096.93;82.86
2021-07-27T17:00+02:00;7840.14;20889.33;27445.93;92.75
2021-07-27T18:00+02:00;7839.3;21645.33;21286.33;101.44
2021-07-27T19:00+02:00;7838.63;22455.8;16441.16;111.94
2021-07-27T20:00+02:00;7843.05;22795.23;13883.41;107.79
2021-07-27T21:00+02:00;7852.49;22255.64;13666.19;104.74
2021-07-27T22:00+02:00;7861.03;22001.84;13501.33;93.99
2021-07-27T23:00+02:00;7856.36;20438.13;14396.2;81.42
2021-07-28T00:00+02:00;7868.44;18335.86;14969.43;82.59
2021-07-28T01:00+02:00;7874.69;17812.56;14997.39;75.41
2021-07-28T02:00+02:00;7874;17127.83;15420.32;71.1
2021-07-28T03:00+02:00;7883.71;17131.3;15452.59;74.04
2021-07-28T04:00+02:00;7889.16;17550.57;16005.57;74.41
2021-07-28T05:00+02:00;7888.64;17817.42;17082.69;76.81
2021-07-28T06:00+02:00;7896.05;18634.72;18793.93;94.92
2021-07-28T07:00+02:00;7899.03;19165.93;21589.03;109.29
2021-07-28T08:00+02:00;7888.6;19143.59;25751.44;111.86
2021-07-28T09:00+02:00;7877.37;18699.69;31304.8;94.95
2021-07-28T10:00+02:00;7850.3;18731.13;35746.45;85.08
2021-07-28T11:00+02:00;7842.24;18210.57;39480.87;80.01
2021-07-28T12:00+02:00;7838.34;17407.99;41897.14;71.03
2021-07-28T13:00+02:00;7846.18;15841.25;42731.87;60.79
2021-07-28T14:00+02:00;7804.72;15197.86;43541.53;58.62
2021-07-28T15:00+02:00;7779.6;14679.53;43375.5;56.36
2021-07-28T16:00+02:00;7756.6;14261.2;41990.68;54.6
2021-07-28T17:00+02:00;7763.52;15198.22;40367.07;64.14
2021-07-28T18:00+02:00;7754.34;16170.89;36322.61;81.29
2021-07-28T19:00+02:00;7761.66;16793.32;30612.07;91.13
2021-07-28T20:00+02:00;7779.48;17166.33;26745.46;94.93
2021-07-28T21:00+02:00;7855.29;17020.95;26206.15;88.26
2021-07-28T22:00+02:00;7823.62;16192.57;27616.62;83.02
2021-07-28T23:00+02:00;7712.46;13985.31;29106.75;71.49
2021-07-29T00:00+02:00;7549.14;11476.79;29959.49;55.58
2021-07-29T01:00+02:00;7306.65;9486.85;30881.42;50.1
2021-07-29T02:00+02:00;7266.37;9025.83;31948.74;45.98
2021-07-29T03:00+02:00;7246.66;8843.63;32222.83;43.43
2021-07-29T04:00+02:00;7306.91;8897.96;32308.35;44.71
2021-07-29T05:00+02:00;7455.85;9644.16;33635.02;50.85
2021-07-29T06:00+02:00;7623.6;10599.74;35537.29;59.67
2021-07-29T07:00+02:00;7615.55;11449;38964.64;69.23
2021-07-29T08:00+02:00;7587.84;10996.98;45621.03;65.94
2021-07-29T09:00+02:00;7173.49;9408.37;54525.56;48.59
2021-07-29T10:00+02:00;6739.26;9148.17;59668.83;9.83
2021-07-29T11:00+02:00;6253.05;9159.98;62169.44;0.07
2021-07-29T12:00+02:00;5990.47;8979.26;63104.57;0
2021-07-29T13:00+02:00;5740.92;8764.16;62586.11;-4.95
2021-07-29T14:00+02:00;5800.8;8519.83;61510.45;-8.86
2021-07-29T15:00+02:00;5743.7;8260.33;59350.55;-1.09
2021-07-29T16:00+02:00;6051.12;8429;57168.32;0.09
2021-07-29T17:00+02:00;6801.84;9544.46;52977.97;44.69
2021-07-29T18:00+02:00;7590.78;11123.34;45563.65;74.98
2021-07-29T19:00+02:00;7837.28;11852.97;36179.57;91.35
2021-07-29T20:00+02:00;7854.29;12463.07;28624.03;94.26
2021-07-29T21:00+02:00;7859.07;12655.48;26212.89;95.98
2021-07-29T22:00+02:00;7871.79;12432.14;26065.07;92.95
2021-07-29T23:00+02:00;7882.19;12256.61;26607.68;82.95
2021-07-30T00:00+02:00;7660.55;12529.1;25943.38;62.13
2021-07-30T01:00+02:00;7663.13;12707.95;26307.01;52.94
2021-07-30T02:00+02:00;7648.78;12698.56;26668.39;50.07
2021-07-30T03:00+02:00;7695.91;12970.37;26673.91;46.86
2021-07-30T04:00+02:00;7787.84;12799.34;27013.51;46.21
2021-07-30T05:00+02:00;7805.96;13212.14;27369.23;56.89
2021-07-30T06:00+02:00;7801.22;13475.59;27648.23;72.1
2021-07-30T07:00+02:00;7810.26;13735.41;29984.01;78.73
2021-07-30T08:00+02:00;7643.06;13620.92;34312.81;80.14
2021-07-30T09:00+02:00;7254.42;13341.53;41909.39;63.11
2021-07-30T10:00+02:00;7057.5;12345.68;49224.8;56.18
2021-07-30T11:00+02:00;6772.13;10753.52;53899.44;50.31
2021-07-30T12:00+02:00;6727.82;10138.45;54276.05;48.7
2021-07-30T13:00+02:00;6729.12;9937.66;53250.13;43.48
2021-07-30T14:00+02:00;6741.66;10003.04;50481.37;40.27
2021-07-30T15:00+02:00;6892.02;10142.68;47440.36;43.5
2021-07-30T16:00+02:00;7480.99;10851.05;41845.8;46.86
2021-07-30T17:00+02:00;7808.97;13249.23;34584.52;63.81
2021-07-30T18:00+02:00;7806.97;14304.09;26815.38;75.26
2021-07-30T19:00+02:00;7838.95;15026.43;20482.39;106
2021-07-30T20:00+02:00;7855.25;14941.6;17503.44;116.17
2021-07-30T21:00+02:00;7867.54;14709.15;17314.24;101
2021-07-30T22:00+02:00;7879.48;14084.07;17073.98;85
2021-07-30T23:00+02:00;7866.39;13345.58;17737.95;69.62
2021-07-31T00:00+02:00;7797.77;11768.57;19468.78;59
2021-07-31T01:00+02:00;7767.38;9663.96;22691.17;53.63
2021-07-31T02:00+02:00;7405.24;8298.72;26170.1;41.76
2021-07-31T03:00+02:00;7292.85;8065.43;29026.02;38.95
2021-07-31T04:00+02:00;7293.41;7934.52;30997.26;35.92
2021-07-31T05:00+02:00;7305.14;7898.82;31713.96;33.37
2021-07-31T06:00+02:00;7306.68;8109.09;33374.22;40.43
2021-07-31T07:00+02:00;7326.58;7965.57;37154.97;40.57
2021-07-31T08:00+02:00;7288.18;7886.07;45543.29;36.21
2021-07-31T09:00+02:00;7157.73;7851.86;54181.54;14.76
2021-07-31T10:00+02:00;6782.14;7887.73;57448.39;0.01
2021-07-31T11:00+02:00;6477.26;7733.99;57853.38;-0.07
2021-07-31T12:00+02:00;6260.59;7682.08;57494.14;-9.94
2021-07-31T13:00+02:00;6081.14;7648.6;55714.44;-20.03
2021-07-31T14:00+02:00;6066.45;7630.82;54523.53;-20.06
2021-07-31T15:00+02:00;6072.91;7570.14;52704.96;-18.96
2021-07-31T16:00+02:00;6386.38;7722.03;51654.68;-1.38
2021-07-31T17:00+02:00;7056.29;8015.14;47811.56;9.44
2021-07-31T18:00+02:00;7585.64;8685.51;39978.63;50.61
2021-07-31T19:00+02:00;7561.12;9475.58;32430.53;65.53
2021-07-31T20:00+02:00;7753.54;10220.07;25601;69.93
2021-07-31T21:00+02:00;7886.79;10898.92;22844.61;70.91
2021-07-31T22:00+02:00;7859.02;10869.11;22459.36;65.56
2021-07-31T23:00+02:00;7673.26;9859.06;22444.25;59.6
2021-08-01T00:00+02:00;7586.03;9795.98;20867.52;52.82
2021-08-01T01:00+02:00;7600.42;9802.97;19581.65;49.33
2021-08-01T02:00+02:00;7601.37;9933.2;18510.55;49.42
2021-08-01T03:00+02:00;7597.05;9910.85;17508.1;49.79
2021-08-01T04:00+02:00;7617.72;10066.72;16337.63;50
2021-08-01T05:00+02:00;7827.33;10337.33;15825.86;52.35
2021-08-01T06:00+02:00;7718.35;10474.21;15999.77;50.02
2021-08-01T07:00+02:00;7818.87;11230.79;16692.43;56.89
2021-08-01T08:00+02:00;7896.73;11190.07;18755.12;57.79
2021-08-01T09:00+02:00;7898.24;11070.99;22118.1;57.76
2021-08-01T10:00+02:00;7898.93;10609.12;25908.86;59.16
2021-08-01T11:00+02:00;7892.3;10193.35;29080.26;59.25
2021-08-01T12:00+02:00;7918.98;9756.36;31426.04;60.1
2021-08-01T13:00+02:00;7610.07;9117.29;33739.04;56.03
2021-08-01T14:00+02:00;7421.44;8811.5;34338.29;50.06
2021-08-01T15:00+02:00;7398.92;8839.26;33688.3;48.94
2021-08-01T16:00+02:00;7666.45;9310.62;31959.25;50.87
2021-08-01T17:00+02:00;7867.86;10546.25;28636.91;60.59
2021-08-01T18:00+02:00;7867.11;12632.64;25258.32;68.52
2021-08-01T19:00+02:00;7850.37;13659.39;21661.81;75.92
2021-08-01T20:00+02:00;7905.45;14232.6;18798.2;80
2021-08-01T21:00+02:00;7916.44;14835.17;18541.85;76.01
2021-08-01T22:00+02:00;7915.23;14943.8;18655.24;72.93
2021-08-01T23:00+02:00;7912.95;14601.48;19327;60.3
2021-08-02T00:00+02:00;7861.91;13224.1;19889.2;61.56
2021-08-02T01:00+02:00;7612.54;12469.1;21061;56.05
2021-08-02T02:00+02:00;7445.51;11206.96;21300.07;54.71
2021-08-02T03:00+02:00;7461.1;10957.33;21320.65;51.24
2021-08-02T04:00+02:00;7803.02;11706;20940.57;51.26
2021-08-02T05:00+02:00;7921.67;13239.66;20845.33;59.24
2021-08-02T06:00+02:00;7933.4;15571.72;21435.29;82.18
2021-08-02T07:00+02:00;7945.44;16112.65;23233.55;89.92
2021-08-02T08:00+02:00;7941.25;16256.01;26380.67;97.47
2021-08-02T09:00+02:00;7937.19;16129.9;32197.92;87.74
2021-08-02T10:00+02:00;7929.58;15982.27;37599.3;82.8
2021-08-02T11:00+02:00;7928.49;15475.69;41898.87;79.95
2021-08-02T12:00+02:00;7868.28;15272.67;44116.67;76.83
2021-08-02T13:00+02:00;7862.7;15372.83;44263.64;70.08
2021-08-02T14:00+02:00;7854.58;15753.78;43323.78;64.2
2021-08-02T15:00+02:00;7838.45;15655.7;41837.65;68.67
2021-08-02T16:00+02:00;7916.43;15942.5;37612.31;69.97
2021-08-02T17:00+02:00;7916.9;17847.31;31798.17;82.35
2021-08-02T18:00+02:00;7919.29;19070.61;25458.42;95.6
2021-08-02T19:00+02:00;7918.96;19850.27;18855.94;108.41
2021-08-02T20:00+02:00;7924.68;19840.34;14676.73;116.7
2021-08-02T21:00+02:00;7929.33;19700.89;13357.41;117.52
2021-08-02T22:00+02:00;7935.28;19439.67;12990.4;104.97
2021-08-02T23:00+02:00;7939.52;18647.72;12875.75;92.91
2021-08-03T00:00+02:00;7949.74;17891.29;12066.32;85.42
2021-08-03T01:00+02:00;7950.34;17989.39;11645.04;78.59
2021-08-03T02:00+02:00;7955.1;17828.75;11434.47;77.79
2021-08-03T03:00+02:00;7949.21;17971.07;11065.98;75.03
2021-08-03T04:00+02:00;7954.03;18571.63;10907.06;75.01
2021-08-03T05:00+02:00;7953.33;19207.6;10752.05;78.78
2021-08-03T06:00+02:00;7969.89;20566.4;11747.85;100.82
2021-08-03T07:00+02:00;7975.36;21838.93;14780.98;130
2021-08-03T08:00+02:00;7974.72;22702.87;19343.72;118.52
2021-08-03T09:00+02:00;7966.77;22463.83;23991.58;104.06
2021-08-03T10:00+02:00;7953.81;21942.81;27179.42;96.23
2021-08-03T11:00+02:00;7941.56;21928.87;28600.84;95.21
2021-08-03T12:00+02:00;7933.8;21600.13;29458.81;94.79
2021-08-03T13:00+02:00;7922.61;21001.68;29481.74;88.96
2021-08-03T14:00+02:00;7927.65;20722.64;29452.4;85.48
2021-08-03T15:00+02:00;7917.44;20677.11;28006.69;85.42
2021-08-03T16:00+02:00;7912.8;21577.01;24527.77;87.93
2021-08-03T17:00+02:00;7912.9;22747.2;20396.09;99.79
2021-08-03T18:00+02:00;7916.15;23291;16666.99;115.42
2021-08-03T19:00+02:00;7920.4;23192.87;13417.78;119.52
2021-08-03T20:00+02:00;7923.91;23147.94;11425.86;117.76
2021-08-03T21:00+02:00;7918.31;22998.87;10941.34;110
2021-08-03T22:00+02:00;7924.06;22152.97;10942.8;104.9
2021-08-03T23:00+02:00;7927.83;20772.75;11035.38;90.82
2021-08-04T00:00+02:00;7928.85;19928.54;10932.54;86.1
2021-08-04T01:00+02:00;7932.85;19557.72;10815.04;80.23
2021-08-04T02:00+02:00;7931.71;18803.31;10574.62;77.02
2021-08-04T03:00+02:00;7934.53;18552.14;10302.81;76.65
2021-08-04T04:00+02:00;7939.25;19185.44;9994.32;77.8
2021-08-04T05:00+02:00;7939.22;20255.51;9949.88;83.48
2021-08-04T06:00+02:00;7941.81;22309.62;10853.12;96.25
2021-08-04T07:00+02:00;7936.07;23324.01;13360.18;108.23
2021-08-04T08:00+02:00;7936.55;23184.4;16966.57;123.04
2021-08-04T09:00+02:00;7928.92;23148.76;21616.9;114.68
2021-08-04T10:00+02:00;7928.71;22575.47;25479.9;110.77
2021-08-04T11:00+02:00;7927.48;22302.47;27936.15;101.98
2021-08-04T12:00+02:00;7925.67;22084.5;28786.77;98.44
2021-08-04T13:00+02:00;7917.48;21813.46;28560.02;95.91
2021-08-04T14:00+02:00;7915.02;21675.36;27601.32;90.83
2021-08-04T15:00+02:00;7910.98;21627.47;25351.55;90.02
2021-08-04T16:00+02:00;7912.42;22333.53;22540.49;88.91
2021-08-04T17:00+02:00;7909.03;23455.97;19151.33;95.97
2021-08-04T18:00+02:00;7851.47;23945.82;16309.35;107.46
2021-08-04T19:00+02:00;7904.62;24468.3;13630.88;128.94
2021-08-04T20:00+02:00;7907.32;24072.82;11626.07;124
2021-08-04T21:00+02:00;7909.08;24063.02;11387.57;110.1
2021-08-04T22:00+02:00;7917.53;22816.63;11482.01;99.22
2021-08-04T23:00+02:00;7916.43;20642.7;11202.81;90.03
2021-08-05T00:00+02:00;7920.67;19721.05;10976.58;85.53
2021-08-05T01:00+02:00;7928.04;19485.29;10598.36;80.99
2021-08-05T02:00+02:00;7937.49;19083.81;10769.9;78.15
2021-08-05T03:00+02:00;7947.69;18866.51;10867.44;78.15
2021-08-05T04:00+02:00;7951.21;19473.88;11116.71;78.76
2021-08-05T05:00+02:00;7952.04;20172.94;11208.28;82.95
2021-08-05T06:00+02:00;7951.88;21923;11930.13;98.04
2021-08-05T07:00+02:00;7954.47;23131.51;14125.44;125.1
2021-08-05T08:00+02:00;7949.75;23357.54;17142.83;126.2
2021-08-05T09:00+02:00;7944.81;23036.34;21417.13;115.29
2021-08-05T10:00+02:00;7932.46;22184.4;26276.72;108.14
2021-08-05T11:00+02:00;7924.46;21717.61;29768.11;101
2021-08-05T12:00+02:00;7911.22;21274.09;31452.08;99
2021-08-05T13:00+02:00;7898.1;20319.17;32215.36;88.79
2021-08-05T14:00+02:00;7888.89;19769.14;32076.02;82.99
2021-08-05T15:00+02:00;7886.09;19495.12;30881.94;81.48
2021-08-05T16:00+02:00;7883.67;19645.83;28505.49;85.11
2021-08-05T17:00+02:00;7885.86;20693.32;24780.1;91.66
2021-08-05T18:00+02:00;7888.21;21526.02;21459.52;107.48
2021-08-05T19:00+02:00;7891.95;21665.58;17539.86;110.95
2021-08-05T20:00+02:00;7889.48;21726.41;15919.44;111.74
2021-08-05T21:00+02:00;7893.23;21086.25;16337.85;97.13
2021-08-05T22:00+02:00;7889.87;19779.32;16288.76;83
2021-08-05T23:00+02:00;7885.87;17244.12;17768.01;70.6
2021-08-06T00:00+02:00;7887.17;14467.78;18440.33;65.03
2021-08-06T01:00+02:00;7897.99;13831.96;18803.05;63.5
2021-08-06T02:00+02:00;7899.79;13738.85;18867.66;62.97
2021-08-06T03:00+02:00;7907.55;14025.04;18780.94;64.07
2021-08-06T04:00+02:00;7909.82;14853.88;18701.03;64.23
2021-08-06T05:00+02:00;7911.05;15391.47;19241.12;66.45
2021-08-06T06:00+02:00;7906.75;16665.85;20830.4;81.43
2021-08-06T07:00+02:00;7909.4;16991.34;23594.08;90
2021-08-06T08:00+02:00;7906.74;16992.58;26895.91;94.98
2021-08-06T09:00+02:00;7900.88;16797.76;30654.14;86.13
2021-08-06T10:00+02:00;7893.95;16720.4;35294.15;77.52
2021-08-06T11:00+02:00;7880.87;14722.21;40604.35;69.08
2021-08-06T12:00+02:00;7832.45;13088.08;44486.79;64.74
2021-08-06T13:00+02:00;7823.94;12233.96;45993.42;59.15
2021-08-06T14:00+02:00;7835.37;11535.18;44804.93;54.64
2021-08-06T15:00+02:00;7811.16;12309.88;43099.7;55.28
2021-08-06T16:00+02:00;7833.4;13141.28;39770.78;58.93
2021-08-06T17:00+02:00;7877.14;14070.7;34961.77;65.21
2021-08-06T18:00+02:00;7885.77;15542.28;28993.34;77.96
2021-08-06T19:00+02:00;7884.2;15773.56;22859.98;85
2021-08-06T20:00+02:00;7884.18;15952.21;19264.76;84.27
2021-08-06T21:00+02:00;7881.6;15916.13;18837.7;80.98
2021-08-06T22:00+02:00;7883.21;15775.78;19715.54;79.24
2021-08-06T23:00+02:00;7874.6;15523.19;20402.54;67.55
2021-08-07T00:00+02:00;7862.55;13697.08;20392.39;64.53
2021-08-07T01:00+02:00;7867.28;12917.04;20659.98;59.03
2021-08-07T02:00+02:00;7878.08;12467.71;20426.31;57.78
2021-08-07T03:00+02:00;7885.77;12341.81;19499.46;57.01
2021-08-07T04:00+02:00;7889.65;12359.96;18569.28;58.07
2021-08-07T05:00+02:00;7886.68;12746.57;18607.36;60.76
2021-08-07T06:00+02:00;7897.21;12449.2;19135.23;60.84
2021-08-07T07:00+02:00;7883.75;12247.15;21452.29;62.83
2021-08-07T08:00+02:00;7883.45;12307.8;25392.4;64.14
2021-08-07T09:00+02:00;7878.84;12139.97;29819.92;59.9
2021-08-07T10:00+02:00;7854.1;11827.31;33984.73;56.14
2021-08-07T11:00+02:00;7830.84;11498.03;36483.28;53.7
2021-08-07T12:00+02:00;7838.18;11205.62;36347.35;53.53
2021-08-07T13:00+02:00;7835.51;11345.27;35729.13;51.56
2021-08-07T14:00+02:00;7860.31;11475.24;33729.58;53.54
2021-08-07T15:00+02:00;7849.82;11840.6;30555.17;53.52
2021-08-07T16:00+02:00;7819.46;12658.19;27675.34;57.01
2021-08-07T17:00+02:00;7814.39;13162.26;24850.46;69.08
2021-08-07T18:00+02:00;7835.51;13484.27;22436.34;77
2021-08-07T19:00+02:00;7858.39;13301.9;20608.27;80.08
2021-08-07T20:00+02:00;7873.59;12905.96;20635.35;75.1
2021-08-07T21:00+02:00;7876.69;12777.24;21794.33;69
2021-08-07T22:00+02:00;7858.51;12201.45;22322.55;64.19
2021-08-07T23:00+02:00;7875.1;10518.58;23367.31;58.02
2021-08-08T00:00+02:00;7830.7;8891.69;23639.43;16.02
2021-08-08T01:00+02:00;7385.33;8417.26;25271.27;1.27
2021-08-08T02:00+02:00;7056.94;8237.91;26662;0.67
2021-08-08T03:00+02:00;6913.24;8260.61;27263.98;0.59
2021-08-08T04:00+02:00;7001.1;8160.76;28373.48;0.07
2021-08-08T05:00+02:00;6943.25;8110.77;29305.36;0.04
2021-08-08T06:00+02:00;7034.75;8045.04;30151.16;0.04
2021-08-08T07:00+02:00;7041.87;8003.64;31432.58;-0.29
2021-08-08T08:00+02:00;7201.8;7942.98;37395.98;-0.17
2021-08-08T09:00+02:00;7044.84;7901.92;44186.22;-4.37
2021-08-08T10:00+02:00;6839.17;7714.22;48839.56;-9.96
2021-08-08T11:00+02:00;6739.85;7773.67;51298.9;-14
2021-08-08T12:00+02:00;6296.45;7629.21;50306.02;-20.08
2021-08-08T13:00+02:00;6097.47;7549.91;48086.47;-43.3
2021-08-08T14:00+02:00;6140.58;7529.73;45463.54;-63.03
2021-08-08T15:00+02:00;6168.21;7529.95;42890.78;-52.43
2021-08-08T16:00+02:00;6244.36;7598.35;42266.83;-28.59
2021-08-08T17:00+02:00;6680.47;7790.53;40623.93;-4.34
2021-08-08T18:00+02:00;7601.85;8777.47;36123.53;40.74
2021-08-08T19:00+02:00;7766.99;9878.22;29428.66;62
2021-08-08T20:00+02:00;7813.83;10091.38;26262.43;68.05
2021-08-08T21:00+02:00;7807.25;9850.57;26892.83;65.9
2021-08-08T22:00+02:00;7753.84;9931.19;27738.47;63.73
2021-08-08T23:00+02:00;7623.99;9516.44;28441.07;56.58
2021-08-09T00:00+02:00;7363.58;8779.66;28745.65;44.04
2021-08-09T01:00+02:00;7132.93;8914.71;29212.77;39.2
2021-08-09T02:00+02:00;7342.6;8998.89;29059.09;38.27
2021-08-09T03:00+02:00;7380.12;9261.46;28680.43;31.92
2021-08-09T04:00+02:00;7446.11;9807.16;27878.66;37.5
2021-08-09T05:00+02:00;7892.53;10863.06;26931.69;50.88
2021-08-09T06:00+02:00;7943.28;13744.08;26885.8;72.23
2021-08-09T07:00+02:00;7948.39;14642.08;27991.86;82.39
2021-08-09T08:00+02:00;7943.2;14829.53;31590.98;86.9
2021-08-09T09:00+02:00;7930.15;14800.79;36920.32;79.13
2021-08-09T10:00+02:00;7917.01;14653.67;42237.36;65.49
2021-08-09T11:00+02:00;7884;13944.82;47098.11;58.02
2021-08-09T12:00+02:00;7724.9;12535.88;49601.75;59.32
2021-08-09T13:00+02:00;7613.15;12083.64;49581.78;54.24
2021-08-09T14:00+02:00;7604.85;12244.83;46716.4;50.85
2021-08-09T15:00+02:00;7662.62;12867.3;42559.59;54.97
2021-08-09T16:00+02:00;7882.62;14757.51;37482.17;56.95
2021-08-09T17:00+02:00;7883.79;15915.89;31842.88;74.96
2021-08-09T18:00+02:00;7877.78;16262.38;25540.54;91.37
2021-08-09T19:00+02:00;7876.07;16805.78;19952.08;102.91
2021-08-09T20:00+02:00;7881.97;17195.17;17578.56;107.61
2021-08-09T21:00+02:00;7887.28;17345.99;17895.42;103
2021-08-09T22:00+02:00;7882.02;17212.81;18280.81;96.34
2021-08-09T23:00+02:00;7879.53;16639.04;19092.46;83.65
2021-08-10T00:00+02:00;7900.06;16419.68;18791.58;73.65
2021-08-10T01:00+02:00;7910.17;16225.46;18719.71;70.96
2021-08-10T02:00+02:00;7918.81;16184.08;18460.03;67.29
2021-08-10T03:00+02:00;7931.59;16054.04;17983.81;65.06
2021-08-10T04:00+02:00;7927.62;16594.01;17352.03;67.24
2021-08-10T05:00+02:00;7930.56;16909.77;16761.64;70.51
2021-08-10T06:00+02:00;7926.94;17594.47;17315.61;85.96
2021-08-10T07:00+02:00;7939.32;18075.84;19875.09;105.23
2021-08-10T08:00+02:00;7934.89;18331.37;22738.45;115
2021-08-10T09:00+02:00;7919.5;18360.14;27287.89;106.35
2021-08-10T10:00+02:00;7909.44;18292.68;31833.54;97.28
2021-08-10T11:00+02:00;7895.31;18378.01;36734.88;88.12
2021-08-10T12:00+02:00;7880.02;18175.08;40426.58;84.6
2021-08-10T13:00+02:00;7870.04;17766.95;41532.11;79.91
2021-08-10T14:00+02:00;7867.54;17393.53;41477.57;74.07
2021-08-10T15:00+02:00;7864.21;17542.49;39079.96;75.49
2021-08-10T16:00+02:00;7860.67;18199.87;35356.07;80.35
2021-08-10T17:00+02:00;7857.65;19322.62;29154.34;89.51
2021-08-10T18:00+02:00;7864.28;20614.23;22854.19;104.54
2021-08-10T19:00+02:00;7870.73;21451.89;16805.63;116.29
2021-08-10T20:00+02:00;7881.28;21433.66;13597.3;137.17
2021-08-10T21:00+02:00;7878.37;21202.13;12685.1;120
2021-08-10T22:00+02:00;7880.33;21207.73;12493.57;111.6
2021-08-10T23:00+02:00;7891.84;20577.99;12244.05;92.25
2021-08-11T00:00+02:00;7899.33;19705.48;11739.91;91.07
2021-08-11T01:00+02:00;7901.55;19414.85;11762.33;85.1
2021-08-11T02:00+02:00;7906.56;18974.57;12155.69;83.93
2021-08-11T03:00+02:00;7913.92;18630.24;12269.87;82.1
2021-08-11T04:00+02:00;7896.01;19072.93;12059.85;82.32
2021-08-11T05:00+02:00;7925.22;19324.65;11601.56;88.51
2021-08-11T06:00+02:00;7920.69;20036.04;12073.75;107.96
2021-08-11T07:00+02:00;7939.76;20574.44;15070.89;134.04
2021-08-11T08:00+02:00;7933.2;20328.57;20447.14;121.61
2021-08-11T09:00+02:00;7918.45;20115.92;27197.85;108.98
2021-08-11T10:00+02:00;7898.09;19450.31;33293.24;92.97
2021-08-11T11:00+02:00;7882.76;18768.88;36953.64;88.63
2021-08-11T12:00+02:00;7875.5;18650.52;38202.82;84.6
2021-08-11T13:00+02:00;7869.85;18226.85;38644.53;82.21
2021-08-11T14:00+02:00;7856.74;17726.97;37964.63;80.29
2021-08-11T15:00+02:00;7852.26;18131.59;35494.57;82.96
2021-08-11T16:00+02:00;7846.03;18148.14;31453.99;88.05
2021-08-11T17:00+02:00;7843.39;19737.23;25516.15;104.47
2021-08-11T18:00+02:00;7840.31;21661.34;18883.73;115
2021-08-11T19:00+02:00;7840.33;21974.29;13033.25;128.46
2021-08-11T20:00+02:00;7845.46;21929.73;10308.86;140.02
2021-08-11T21:00+02:00;7854.96;22009.11;9696.57;125.01
2021-08-11T22:00+02:00;7858.44;21952.68;9629.27;117
2021-08-11T23:00+02:00;7862.27;21108.53;9544.55;103
2021-08-12T00:00+02:00;7876.17;19451.32;9484.74;96.67
2021-08-12T01:00+02:00;7889.8;18866.28;9685.72;91.7
2021-08-12T02:00+02:00;7896.03;18665.07;10077.18;90.05
2021-08-12T03:00+02:00;7905.67;18488.52;10494.99;87
2021-08-12T04:00+02:00;7911.43;18590.19;10945.33;84.64
2021-08-12T05:00+02:00;7912.91;19148.67;11374.31;87.02
2021-08-12T06:00+02:00;7920.14;20127.91;12719.44;106.92
2021-08-12T07:00+02:00;7929.55;21225.81;16747.66;120
2021-08-12T08:00+02:00;7925.13;21329.46;22576.69;120.77
2021-08-12T09:00+02:00;7895.42;21128.85;28597.58;109
2021-08-12T10:00+02:00;7870.07;20470.18;34590.77;102.72
2021-08-12T11:00+02:00;7846.67;19489.2;38485.18;98.06
2021-08-12T12:00+02:00;7828.27;19363.91;39741.83;95
2021-08-12T13:00+02:00;7813.81;19160.1;39331.18;91.94
2021-08-12T14:00+02:00;7811.56;19206.62;37508.11;92.99
2021-08-12T15:00+02:00;7809.72;19204.3;34381;94.95
2021-08-12T16:00+02:00;7808.89;20076.53;30530.02;100.91
2021-08-12T17:00+02:00;7801.7;21286.1;24989.26;111.4
2021-08-12T18:00+02:00;7798.51;22237.65;18518.22;126.79
2021-08-12T19:00+02:00;7804.85;22437.17;13235.52;145
2021-08-12T20:00+02:00;7812.85;22476.43;11051.19;144
2021-08-12T21:00+02:00;7815.7;22443.39;11207.71;133.37
2021-08-12T22:00+02:00;7828.02;22006.83;11588.59;119
2021-08-12T23:00+02:00;7824.41;20755.6;11981.67;107.12
2021-08-13T00:00+02:00;7834.41;18874.13;12129.37;94.87
2021-08-13T01:00+02:00;7844.14;17832.03;11614.06;85.37
2021-08-13T02:00+02:00;7855.63;17647.79;11212.49;81.01
2021-08-13T03:00+02:00;7861.85;17595.07;11038.64;79.96
2021-08-13T04:00+02:00;7871.02;17872.78;11269.97;81.3
2021-08-13T05:00+02:00;7880.12;18944.56;11909.33;85.26
2021-08-13T06:00+02:00;7888.75;19915.84;13373.88;113
2021-08-13T07:00+02:00;7867.89;20147.61;17156.15;124
2021-08-13T08:00+02:00;7616.16;20682.32;22602.89;121.93
2021-08-13T09:00+02:00;7652.44;20916.53;28663.69;109.66
2021-08-13T10:00+02:00;7834.58;20129.88;35352.19;99.98
2021-08-13T11:00+02:00;7817.08;19323.21;40740.78;88.02
2021-08-13T12:00+02:00;7799.9;18526.89;45568.7;83.75
2021-08-13T13:00+02:00;7778.75;17541.73;47878.14;74.05
2021-08-13T14:00+02:00;7755.93;17234.01;47977.88;72.04
2021-08-13T15:00+02:00;7752.17;17054.12;46222.83;71.86
2021-08-13T16:00+02:00;7752.04;17331.22;42803.38;72.58
2021-08-13T17:00+02:00;7758.62;18727.07;37005.75;86.13
2021-08-13T18:00+02:00;7771.82;20338.27;30509.6;104.91
2021-08-13T19:00+02:00;7771.62;20696.21;25245.95;117.48
2021-08-13T20:00+02:00;7782.27;20769.61;22077.9;115.68
2021-08-13T21:00+02:00;7793.45;20506.16;20958.56;115.77
2021-08-13T22:00+02:00;7802.04;19861.33;20748.9;106.91
2021-08-13T23:00+02:00;7801.75;18103.27;21006.38;92.19
2021-08-14T00:00+02:00;7826.56;16647.86;19816.68;78.02
2021-08-14T01:00+02:00;7845.28;15391.54;18840.28;75.66
2021-08-14T02:00+02:00;7831.97;14982.5;17989.12;71.55
2021-08-14T03:00+02:00;7861.16;14562.06;17589.66;69.45
2021-08-14T04:00+02:00;7869.95;14289.04;17527.96;69.06
2021-08-14T05:00+02:00;7875.71;14697.95;17491.54;69.2
2021-08-14T06:00+02:00;7879.99;14371.12;18057.8;69.7
2021-08-14T07:00+02:00;7877.79;14356.53;21419.59;73.51
2021-08-14T08:00+02:00;7867.38;14032.84;27193.12;75.02
2021-08-14T09:00+02:00;7851.24;13459.14;34707.18;73.86
2021-08-14T10:00+02:00;7840.83;12367.5;43219.55;63.26
2021-08-14T11:00+02:00;7797.95;10799.6;49982.58;58.08
2021-08-14T12:00+02:00;7057.83;9733.91;53360.78;50.44
2021-08-14T13:00+02:00;6261.52;9141.52;54315.09;1.48
2021-08-14T14:00+02:00;6222.02;8852.55;53524.14;0
2021-08-14T15:00+02:00;6638.85;9267.5;51822.21;9.89
2021-08-14T16:00+02:00;7180.37;10084.38;47844.64;50.35
2021-08-14T17:00+02:00;7484.25;12629.25;41240.1;58.85
2021-08-14T18:00+02:00;7522.36;14496.99;32729.93;76.96
2021-08-14T19:00+02:00;7679.12;14742.25;24530.22;86.94
2021-08-14T20:00+02:00;7780.7;14904.38;19795.7;88.56
2021-08-14T21:00+02:00;7802.82;14861.88;19031.06;87.9
2021-08-14T22:00+02:00;7808.47;14860.26;18449.46;85.03
2021-08-14T23:00+02:00;7822.26;14889.99;17473.33;78.08
2021-08-15T00:00+02:00;7833.85;14621.74;16238.28;73.7
2021-08-15T01:00+02:00;7842.13;14642.5;15737.41;69.88
2021-08-15T02:00+02:00;7852.6;14466.52;15714.14;64.92
2021-08-15T03:00+02:00;7861.99;14299.89;16340.77;62.43
2021-08-15T04:00+02:00;7863.2;13853.39;16273.16;59.72
2021-08-15T05:00+02:00;7869.74;13569.72;16186.25;59.98
2021-08-15T06:00+02:00;7875.25;13342.38;16144.36;59.01
2021-08-15T07:00+02:00;7886.05;13330.38;18748.45;58.34
2021-08-15T08:00+02:00;7849.13;13149.08;23626.9;57.53
2021-08-15T09:00+02:00;7864.44;12956.96;29660.34;53.54
2021-08-15T10:00+02:00;7779.96;12624.03;34941.54;53.67
2021-08-15T11:00+02:00;7650.09;11664.71;38856.15;53.05
2021-08-15T12:00+02:00;7470.78;10972.32;41001.81;52.95
2021-08-15T13:00+02:00;7066.56;9757.27;41604.48;30.06
2021-08-15T14:00+02:00;7072.79;9654.62;40159.47;12.5
2021-08-15T15:00+02:00;7177.8;10009.29;36583;20.41
2021-08-15T16:00+02:00;7476.22;11607.1;33053.66;51.32
2021-08-15T17:00+02:00;7798.26;13565.95;29051.41;67.05
2021-08-15T18:00+02:00;7797.81;15057.14;23993.42;82.5
2021-08-15T19:00+02:00;7800.87;15869.81;19823.05;91.99
2021-08-15T20:00+02:00;7806.36;16188;17746.31;94.95
2021-08-15T21:00+02:00;7806.3;16314.06;17729.76;93.45
2021-08-15T22:00+02:00;7807.42;16463.82;18670.62;86.77
2021-08-15T23:00+02:00;7811.95;16217.06;18967.51;76.95
2021-08-16T00:00+02:00;7826.61;16080.19;19439.31;68.19
2021-08-16T01:00+02:00;7846;15660.37;19756.78;65.03
2021-08-16T02:00+02:00;7868.3;15328.52;20215.46;62.08
2021-08-16T03:00+02:00;7873.19;15033.99;21276.94;60.13
2021-08-16T04:00+02:00;7874.97;14999.87;22053.08;60.82
2021-08-16T05:00+02:00;7862.11;15379.55;23571.55;68.06
2021-08-16T06:00+02:00;7879.37;15694;25096.51;90.25
2021-08-16T07:00+02:00;7882.72;16126.54;28039.56;100.48
2021-08-16T08:00+02:00;7885.89;16164.35;34261.04;96.73
2021-08-16T09:00+02:00;7873.61;15974.44;42627.47;80
2021-08-16T10:00+02:00;7788.09;15558.6;49020.32;69.84
2021-08-16T11:00+02:00;7688.77;13974.97;53141.28;53.13
2021-08-16T12:00+02:00;7646.17;12881.01;55619.4;58.1
2021-08-16T13:00+02:00;7627.54;12319.92;55887.14;48.89
2021-08-16T14:00+02:00;7525.6;12302.45;55504.77;42.74
2021-08-16T15:00+02:00;7382.74;12578.89;51827.09;53.07
2021-08-16T16:00+02:00;7612.39;13797.3;49328.64;53.15
2021-08-16T17:00+02:00;7783.59;14769;45817.08;58.15
2021-08-16T18:00+02:00;7853.01;15750.28;42872.08;71
2021-08-16T19:00+02:00;7851.77;15791.92;40176.68;78.13
2021-08-16T20:00+02:00;7854.72;15729.37;38238.23;79.12
2021-08-16T21:00+02:00;7859.79;15370.64;38455.82;76.9
2021-08-16T22:00+02:00;7880.83;14655.49;38442.43;68.4
2021-08-16T23:00+02:00;7648.27;12245.56;39790.5;60.02
2021-08-17T00:00+02:00;7407.52;11048.27;40995.46;59.64
2021-08-17T01:00+02:00;7336.97;10466.52;41284;49.93
2021-08-17T02:00+02:00;7113.06;10362.98;41047.52;39.94
2021-08-17T03:00+02:00;6978.3;10211.01;41152.52;14.47
2021-08-17T04:00+02:00;7038.06;10343.31;41459.6;33.88
2021-08-17T05:00+02:00;7352.11;10640.86;41734.66;50.06
2021-08-17T06:00+02:00;7452.2;11563.92;41618.33;64.35
2021-08-17T07:00+02:00;7629.81;13230.87;42300.68;73.49
2021-08-17T08:00+02:00;7566.3;13279.17;45690.7;69.09
2021-08-17T09:00+02:00;6608.89;13184.83;49748.94;54.34
2021-08-17T10:00+02:00;6206.77;13282.95;54125.72;46.62
2021-08-17T11:00+02:00;6206.62;12897.49;56895.38;30.52
2021-08-17T12:00+02:00;6334.85;12442.48;57930.24;28.91
2021-08-17T13:00+02:00;6260.21;12155.79;57678.08;41.15
2021-08-17T14:00+02:00;6157.26;12195.61;55319.69;39.99
2021-08-17T15:00+02:00;6260.65;12839.28;51889.7;49.08
2021-08-17T16:00+02:00;6293.29;14550.73;47416.48;54.18
2021-08-17T17:00+02:00;6839.22;16237.19;41979.25;69.09
2021-08-17T18:00+02:00;7428.84;16260.81;36766.72;85.36
2021-08-17T19:00+02:00;7728.75;16148.34;31680.53;92.39
2021-08-17T20:00+02:00;7850.77;16064.9;29528.24;92.71
2021-08-17T21:00+02:00;7857.59;15943.63;28850.07;88.97
2021-08-17T22:00+02:00;7883.65;15947.08;28463.11;81.03
2021-08-17T23:00+02:00;7889.79;14774.34;28298.11;68.22
2021-08-18T00:00+02:00;7842;13661.42;28047.84;61.65
2021-08-18T01:00+02:00;7822.26;13028.81;28374.33;60.62
2021-08-18T02:00+02:00;7831.88;12357.54;27934.69;61.83
2021-08-18T03:00+02:00;7813.6;12614.42;28343.41;63.28
2021-08-18T04:00+02:00;7698.38;12483.83;28579.14;62.83
2021-08-18T05:00+02:00;7608.18;13874.79;29131.3;65.85
2021-08-18T06:00+02:00;7613.57;15689.58;29642.9;80.05
2021-08-18T07:00+02:00;7565.47;16445.67;30758.57;95.97
2021-08-18T08:00+02:00;7483.81;16816.01;33323.26;98.1
2021-08-18T09:00+02:00;7395.41;17199.17;36788.85;96.52
2021-08-18T10:00+02:00;7413.5;17214.6;40225.48;97.2
2021-08-18T11:00+02:00;7370.77;17065.93;42994.02;95.92
2021-08-18T12:00+02:00;7362.67;16756.13;44998.12;83.69
2021-08-18T13:00+02:00;7402.07;16677.42;46487.88;72.54
2021-08-18T14:00+02:00;7434.67;16688.26;47038.02;68.01
2021-08-18T15:00+02:00;7588.62;16560.81;45718.44;66.75
2021-08-18T16:00+02:00;7669.78;16648.78;43647.05;66.77
2021-08-18T17:00+02:00;7673.92;17010.2;40220.93;75.04
2021-08-18T18:00+02:00;7732.54;17554.31;35301.9;88.38
2021-08-18T19:00+02:00;7763.96;17888.57;31885.32;96
2021-08-18T20:00+02:00;7826.31;17500.54;30100.88;95.74
2021-08-18T21:00+02:00;7847.36;17062.59;30590.84;87.71
2021-08-18T22:00+02:00;7850.53;16076.39;31292.53;80
2021-08-18T23:00+02:00;7849.76;15406.54;31630.35;66.99
2021-08-19T00:00+02:00;7849.19;14813.64;31229.29;65.6
2021-08-19T01:00+02:00;7855.86;14451.88;31063.34;64.69
2021-08-19T02:00+02:00;7854.1;14168.53;30112.6;62.69
2021-08-19T03:00+02:00;7859.51;14009.98;29121.06;61.01
2021-08-19T04:00+02:00;7858.01;14605.38;27784.54;60.54
2021-08-19T05:00+02:00;7858.46;16283.35;26233.12;66.01
2021-08-19T06:00+02:00;7863.31;18098.22;25390.43;83.9
2021-08-19T07:00+02:00;7863.15;19431.2;25139.62;99.03
2021-08-19T08:00+02:00;7869.78;20208.88;26219.17;102.02
2021-08-19T09:00+02:00;7871.37;21158.33;28251.04;94.27
2021-08-19T10:00+02:00;7867.6;21524.36;31284.07;89.91
2021-08-19T11:00+02:00;7858.24;21944.28;33511.81;90.74
2021-08-19T12:00+02:00;7845.85;22164.52;34614.33;92.65
2021-08-19T13:00+02:00;7844.66;22200.47;34957.64;94.13
2021-08-19T14:00+02:00;7841.63;21813.03;33786.31;89.9
2021-08-19T15:00+02:00;7838.61;22457.24;32207.83;89.91
2021-08-19T16:00+02:00;7836.13;22244.36;29616.84;91.93
2021-08-19T17:00+02:00;7832.23;23242.26;25892.05;100.51
2021-08-19T18:00+02:00;7828.48;24005.34;20890.5;114.94
2021-08-19T19:00+02:00;7832.62;24424.12;16734.92;126.78
2021-08-19T20:00+02:00;7848.83;24681.37;14533.4;128.12
2021-08-19T21:00+02:00;7852.32;24619.11;13749.7;119.61
2021-08-19T22:00+02:00;7855.94;23286.27;13239.16;110.07
2021-08-19T23:00+02:00;7859.15;21747.75;12992.87;100
2021-08-20T00:00+02:00;7850.44;20919.61;12784.98;95
2021-08-20T01:00+02:00;7854.93;20325.81;12626.79;86.22
2021-08-20T02:00+02:00;7861.09;19636.29;12313.94;83.73
2021-08-20T03:00+02:00;7864.05;19482.13;11986.12;83.2
2021-08-20T04:00+02:00;7867.37;19857.04;11863.77;83.96
2021-08-20T05:00+02:00;7869.2;20953.77;12101.28;88.7
2021-08-20T06:00+02:00;7878.56;22655.43;12560.09;103.11
2021-08-20T07:00+02:00;7881.88;23532.89;14072.2;119
2021-08-20T08:00+02:00;7884.45;23699.03;16606.57;124.74
2021-08-20T09:00+02:00;7887.72;23820.75;20785.24;114
2021-08-20T10:00+02:00;7885.51;23507.41;25795.99;106.99
2021-08-20T11:00+02:00;7870.54;23139.87;29897.82;105
2021-08-20T12:00+02:00;7866.08;22389.94;32469.08;99.11
2021-08-20T13:00+02:00;7859.47;21473.22;33941.8;90
2021-08-20T14:00+02:00;7851.64;21449.4;33842.82;85.18
2021-08-20T15:00+02:00;7845.86;21928.76;32072.46;84.81
2021-08-20T16:00+02:00;7840.18;22269.31;28890.91;90.01
2021-08-20T17:00+02:00;7835.83;23204.93;24031.2;103.31
2021-08-20T18:00+02:00;7840.15;23808.87;17668.49;113.27
2021-08-20T19:00+02:00;7852.79;24076.21;12339.59;125.22
2021-08-20T20:00+02:00;7862.09;23884.18;10200.32;126.14
2021-08-20T21:00+02:00;7863.25;23610.93;10030.42;124.93
2021-08-20T22:00+02:00;7864.73;22688.1;9920.06;110.69
2021-08-20T23:00+02:00;7869.53;21330.13;9872.65;106
2021-08-21T00:00+02:00;7869.34;19912.83;9603.09;102.51
2021-08-21T01:00+02:00;7874.44;18825.24;9364.26;95.2
2021-08-21T02:00+02:00;7867.66;18424.98;9235.65;88.52
2021-08-21T03:00+02:00;7869.3;18075.61;9100.88;83.31
2021-08-21T04:00+02:00;7876.05;17993.95;9017.52;81.41
2021-08-21T05:00+02:00;7889.84;18341.01;9135.58;82.17
2021-08-21T06:00+02:00;7898.61;18359.15;9642.22;90.2
2021-08-21T07:00+02:00;7905.86;18460.75;12784.14;93.11
2021-08-21T08:00+02:00;7909.15;18547.63;18257.26;96.43
2021-08-21T09:00+02:00;7895.63;18246.26;24819.78;92.4
2021-08-21T10:00+02:00;7885.35;17579.06;30575.33;81.95
2021-08-21T11:00+02:00;7864.01;17157.52;34891.68;79.11
2021-08-21T12:00+02:00;7857.47;16878.42;36921.23;78.79
2021-08-21T13:00+02:00;7841.42;16870.06;36495.36;77.06
2021-08-21T14:00+02:00;7824.94;16904.54;34511.15;76.59
2021-08-21T15:00+02:00;7807.59;17062.23;31458.1;78.06
2021-08-21T16:00+02:00;7796.27;17537.7;26931.97;79.99
2021-08-21T17:00+02:00;7790.87;18236.32;21279.24;95.27
2021-08-21T18:00+02:00;7801.22;18940.71;15385.62;107.92
2021-08-21T19:00+02:00;7822.48;19469.22;11366.86;112.08
2021-08-21T20:00+02:00;7831.19;19784.89;10528.37;112.17
2021-08-21T21:00+02:00;7840.95;19674.48;11837.42;108
2021-08-21T22:00+02:00;7848.22;19286.02;13517.36;106
2021-08-21T23:00+02:00;7833.7;18446.85;14851.34;96.86
2021-08-22T00:00+02:00;7833.26;16856.38;15760.14;84.91
2021-08-22T01:00+02:00;7841.03;16063.9;16357.38;78.9
2021-08-22T02:00+02:00;7836.23;15442.33;17070.45;74.99
2021-08-22T03:00+02:00;7831.1;15271.39;17930.19;72.18
2021-08-22T04:00+02:00;7835.75;15417.86;17946.78;70.05
2021-08-22T05:00+02:00;7846.37;15537.49;17748.69;67.34
2021-08-22T06:00+02:00;7832.24;15383.02;18357.45;67.9
2021-08-22T07:00+02:00;7845.22;15300.2;19738.75;70.37
2021-08-22T08:00+02:00;7833.71;15224.45;22145.23;74.47
2021-08-22T09:00+02:00;7836.15;15150.75;24113.67;76.84
2021-08-22T10:00+02:00;7820.61;15247.07;26883.75;76.16
2021-08-22T11:00+02:00;7816.99;15089.78;29720.07;77.31
2021-08-22T12:00+02:00;7804.6;15105.17;30963.82;76.44
2021-08-22T13:00+02:00;7806.35;15309.7;30704.2;71.2
2021-08-22T14:00+02:00;7804.63;15082.35;30733.95;68.8
2021-08-22T15:00+02:00;7802.61;15057.7;29039.46;66.75
2021-08-22T16:00+02:00;7809.77;15290.93;27225.76;68.6
2021-08-22T17:00+02:00;7799.35;15916.49;24933.32;81.59
2021-08-22T18:00+02:00;7815.04;16391.03;22271.57;88.02
2021-08-22T19:00+02:00;7823.07;16691.81;19330.33;95
2021-08-22T20:00+02:00;7859.7;16889.51;17683.95;97.96
2021-08-22T21:00+02:00;7874.22;17121.04;16954.06;95.48
2021-08-22T22:00+02:00;7879.78;17002.35;16993.61;90.1
2021-08-22T23:00+02:00;7889.16;16612.36;17244.08;81.95
2021-08-23T00:00+02:00;7871;15992.5;16497.34;76.15
2021-08-23T01:00+02:00;7885.99;16238.2;16290.96;75.93
2021-08-23T02:00+02:00;7880.22;16314.79;16103.08;75.7
2021-08-23T03:00+02:00;7859.99;16332.14;16503.77;73.52
2021-08-23T04:00+02:00;7838.53;16820;17113.22;75.85
2021-08-23T05:00+02:00;7841.88;17996.68;17962.22;78.44
2021-08-23T06:00+02:00;7866.43;19332.4;19115.53;94.39
2021-08-23T07:00+02:00;7872.53;20742.35;20949.12;111.29
2021-08-23T08:00+02:00;7867.74;21735.06;23936.02;115.94
2021-08-23T09:00+02:00;7865.89;22398.75;27440.2;114.18
2021-08-23T10:00+02:00;7862.05;22526.63;31235.65;106.98
2021-08-23T11:00+02:00;7862.71;22634.73;34393.77;103.47
2021-08-23T12:00+02:00;7878;22439.64;36650.63;99.44
2021-08-23T13:00+02:00;7889.57;22183.56;38289.53;94
2021-08-23T14:00+02:00;7884.49;21406.2;37578.72;85.69
2021-08-23T15:00+02:00;7875.87;21494.04;35986.15;83.95
2021-08-23T16:00+02:00;7860.72;21917.65;33430.99;83.95
2021-08-23T17:00+02:00;7839.53;22237.03;30145.87;94.96
2021-08-23T18:00+02:00;7857.59;22488.57;26064.66;105
2021-08-23T19:00+02:00;7860.1;22508.09;22212.25;114.18
2021-08-23T20:00+02:00;7865.08;22462.86;21098.95;110.99
2021-08-23T21:00+02:00;7867.95;22331.48;21780.21;102.08
2021-08-23T22:00+02:00;7875.75;21485.95;21590.94;93.92
2021-08-23T23:00+02:00;7878.2;20188.03;21336.6;83.1
2021-08-24T00:00+02:00;7885.95;18854.12;20821.57;80.75
2021-08-24T01:00+02:00;7894.84;18057.36;20224.06;78.71
2021-08-24T02:00+02:00;7901.37;18026.66;19255.55;78.4
2021-08-24T03:00+02:00;7904.24;18189.9;18560.12;79.21
2021-08-24T04:00+02:00;7908.62;18579.89;18298.64;80.77
2021-08-24T05:00+02:00;7918.09;19724.26;18035.21;85.01
2021-08-24T06:00+02:00;7925.58;21670.04;18149.54;100.2
2021-08-24T07:00+02:00;7935.22;23170.5;19087.74;110.45
2021-08-24T08:00+02:00;7934.45;23260.42;21604.85;122
2021-08-24T09:00+02:00;7935.77;23067.75;25888.4;106.97
2021-08-24T10:00+02:00;7935.14;22851.21;31332.22;101
2021-08-24T11:00+02:00;7917.69;22245.91;35368.71;96
2021-08-24T12:00+02:00;7910.51;21564.35;37130.79;88
2021-08-24T13:00+02:00;7694.88;20960.04;37136.75;81.72
2021-08-24T14:00+02:00;7553.14;20731.72;36169.08;80.43
2021-08-24T15:00+02:00;7662.8;20958.95;33977.23;81.68
2021-08-24T16:00+02:00;7887.44;21580.37;30966.64;88.09
2021-08-24T17:00+02:00;7879.37;22773.79;26274.84;102.85
2021-08-24T18:00+02:00;7881.65;23128.62;20173.52;109.52
2021-08-24T19:00+02:00;7877.87;23543.29;15355.32;122.5
2021-08-24T20:00+02:00;7879.04;23576.78;14262.29;119.44
2021-08-24T21:00+02:00;7888.8;23141.15;15130.67;106.3
2021-08-24T22:00+02:00;7897.31;22317.08;15839.92;100
2021-08-24T23:00+02:00;7834.09;20629.43;15684.08;89.59
2021-08-25T00:00+02:00;7889.19;19034.28;14464.99;82.89
2021-08-25T01:00+02:00;7922.17;18424.31;13513.38;81.7
2021-08-25T02:00+02:00;7917.88;18379.19;13073.43;81.36
2021-08-25T03:00+02:00;7921.91;18504.64;12985.86;81.26
2021-08-25T04:00+02:00;7930.22;18950.62;13202.14;80.45
2021-08-25T05:00+02:00;7937.42;19772.53;14329.47;86.17
2021-08-25T06:00+02:00;7939.75;20812.02;16238.56;101.31
2021-08-25T07:00+02:00;7943.53;21124.39;20211.65;107.28
2021-08-25T08:00+02:00;7935.28;21231.29;26300.56;106.94
2021-08-25T09:00+02:00;7858.84;21021.49;33881.22;95.12
2021-08-25T10:00+02:00;7616.24;20007.19;40761.88;84.46
2021-08-25T11:00+02:00;7380.52;18335.04;46412.37;81.73
2021-08-25T12:00+02:00;7314.47;16676.71;50297.45;74.03
2021-08-25T13:00+02:00;7337.48;15904.11;52521.45;69.4
2021-08-25T14:00+02:00;7314.97;15324.19;53808.96;63.34
2021-08-25T15:00+02:00;7325.08;15199.55;52707.27;64.64
2021-08-25T16:00+02:00;7571.92;15482.21;48431.25;71.84
2021-08-25T17:00+02:00;7821.73;16621.92;43601.42;80.95
2021-08-25T18:00+02:00;7841.22;18103.52;37090.34;90.79
2021-08-25T19:00+02:00;7843.7;17981.77;32116.5;94.24
2021-08-25T20:00+02:00;7842.26;18113.25;30904.59;96
2021-08-25T21:00+02:00;7850.45;17695.58;30044.04;91.91
2021-08-25T22:00+02:00;7860.69;17031.77;29540.93;81.73
2021-08-25T23:00+02:00;7862.43;16157.48;29496.49;73.89
2021-08-26T00:00+02:00;7844.17;15679.07;28790.82;74.1
2021-08-26T01:00+02:00;7846.51;15601.73;28592.59;71.05
2021-08-26T02:00+02:00;7858.1;15770.27;27243.31;70.98
2021-08-26T03:00+02:00;7885.35;16017.42;25524.04;69.95
2021-08-26T04:00+02:00;7896.27;16601.46;23706.55;71.95
2021-08-26T05:00+02:00;7889.71;17318.12;22190.32;78.1
2021-08-26T06:00+02:00;7890.32;19259.49;21037.59;96.07
2021-08-26T07:00+02:00;7911.23;20504.5;21838.45;112
2021-08-26T08:00+02:00;7908.59;20735.39;23604.43;124.65
2021-08-26T09:00+02:00;7909.21;21046.54;27566.99;113.35
2021-08-26T10:00+02:00;7912.55;20989.94;32168.26;104.23
2021-08-26T11:00+02:00;7906.85;20798.77;36273.38;102.35
2021-08-26T12:00+02:00;7907.02;20430.71;39499.18;100.15
2021-08-26T13:00+02:00;7790.46;19856.96;43006.76;91.62
2021-08-26T14:00+02:00;7665.93;19120.5;43579.15;85.56
2021-08-26T15:00+02:00;7666.01;18573.61;42884.09;82.22
2021-08-26T16:00+02:00;7666.21;18912.39;40096.95;79.85
2021-08-26T17:00+02:00;7746.8;19944;36136.96;91.21
2021-08-26T18:00+02:00;7842.28;20631.56;30933.61;100.91
2021-08-26T19:00+02:00;7887.07;20928.95;26220.36;107.63
2021-08-26T20:00+02:00;7896.31;20919.56;24385.09;109
2021-08-26T21:00+02:00;7900.71;20628.74;24177.4;102.91
2021-08-26T22:00+02:00;7904.25;19774.5;23979.41;95.92
2021-08-26T23:00+02:00;7901.95;19137.88;23813.3;87
2021-08-27T00:00+02:00;7885.68;18376.13;23501.17;87.12
2021-08-27T01:00+02:00;7846.32;17863.14;23469.29;80.72
2021-08-27T02:00+02:00;7865.35;17514.13;23498.43;79.74
2021-08-27T03:00+02:00;7899.2;17654.12;23438.76;78.48
2021-08-27T04:00+02:00;7909.81;17421.6;23632.87;78.09
2021-08-27T05:00+02:00;7907.84;18075.26;23860.25;83.98
2021-08-27T06:00+02:00;7839.39;20256.49;24704.96;101.63
2021-08-27T07:00+02:00;7723.27;20987.38;26744.8;113
2021-08-27T08:00+02:00;7675.09;21414.45;29704.81;117.19
2021-08-27T09:00+02:00;7659.51;21376.6;33280.9;108.97
2021-08-27T10:00+02:00;7689.74;21389.94;36599.94;104.82
2021-08-27T11:00+02:00;7735.22;21034.06;38627.03;102.54
2021-08-27T12:00+02:00;7766.06;20182.66;39371.25;99.59
2021-08-27T13:00+02:00;7781.55;19818.56;40179.9;91.9
2021-08-27T14:00+02:00;7889.34;19142.63;40533.62;84.31
2021-08-27T15:00+02:00;7906.14;19032.79;39462.82;82.32
2021-08-27T16:00+02:00;7905.26;18888.55;36623.84;84.8
2021-08-27T17:00+02:00;7903.8;19270.87;32535.68;96.6
2021-08-27T18:00+02:00;7908.91;19539.24;27400.82;104.8
2021-08-27T19:00+02:00;7903.62;19948.54;22765.43;113.74
2021-08-27T20:00+02:00;7906.94;19802.98;21359.47;113.07
2021-08-27T21:00+02:00;7911.94;19669.33;21347.89;104.8
2021-08-27T22:00+02:00;7917.51;19017.96;20792.51;99.9
2021-08-27T23:00+02:00;7922.92;17812.82;20280.98;89.67
2021-08-28T00:00+02:00;7918.07;16359.98;19671.31;88.75
2021-08-28T01:00+02:00;7930.55;15573.03;19286.93;81.31
2021-08-28T02:00+02:00;7928.82;15090.99;19287.83;77.7
2021-08-28T03:00+02:00;7931.86;15142.19;19395.42;76.12
2021-08-28T04:00+02:00;7932.78;15206.61;19551.77;77.3
2021-08-28T05:00+02:00;7931.48;15241.07;20168.15;76.62
2021-08-28T06:00+02:00;7929.66;15281.79;21141.45;78.03
2021-08-28T07:00+02:00;7919.73;15580.46;22437.64;85
2021-08-28T08:00+02:00;7914;15566.02;24859.99;90.01
2021-08-28T09:00+02:00;7917.75;15530.4;27799.33;91.55
2021-08-28T10:00+02:00;7912.97;15378.95;30764.28;87.98
2021-08-28T11:00+02:00;7919.46;15232.36;33253.96;86.08
2021-08-28T12:00+02:00;7913.25;15014.2;34233.96;81.01
2021-08-28T13:00+02:00;7911.74;14858.72;34188.95;75.27
2021-08-28T14:00+02:00;7921.31;14770.7;33819.42;70.28
2021-08-28T15:00+02:00;7916.39;14943.43;31753;68.22
2021-08-28T16:00+02:00;7917.82;15159.57;29116.64;74.56
2021-08-28T17:00+02:00;7921.72;15442.29;26052.26;92.96
2021-08-28T18:00+02:00;7917;15758.18;22667.83;98.1
2021-08-28T19:00+02:00;7918.91;15870.98;19851.44;100.49
2021-08-28T20:00+02:00;7921.19;16010.26;18886.18;101.32
2021-08-28T21:00+02:00;7923.55;16018.44;18864.63;96.09
2021-08-28T22:00+02:00;7920.12;15863.35;18857.73;94.08
2021-08-28T23:00+02:00;7932.81;15626.18;18783;84.44
2021-08-29T00:00+02:00;7942.73;15270.37;18774.53;78.06
2021-08-29T01:00+02:00;7961.71;15126.68;18574.46;73.57
2021-08-29T02:00+02:00;7963.21;14963.07;18454.65;70.54
2021-08-29T03:00+02:00;7973.38;15014.16;18365.15;68.75
2021-08-29T04:00+02:00;7964;15107.42;18450;67.3
2021-08-29T05:00+02:00;7959.35;15097.31;19109.81;69.38
2021-08-29T06:00+02:00;7959.7;14941.78;19371.95;70.72
2021-08-29T07:00+02:00;7940.37;15091.23;19932.89;73.35
2021-08-29T08:00+02:00;7937.15;15502.39;21205.86;77.04
2021-08-29T09:00+02:00;7940.86;15633.54;22741.92;80.72
2021-08-29T10:00+02:00;7929.57;15730.39;24532.46;80.65
2021-08-29T11:00+02:00;7925.63;16017.32;26506.92;83.61
2021-08-29T12:00+02:00;7919.58;16112;28606.62;82.84
2021-08-29T13:00+02:00;7925.45;15953.51;29787.91;78.24
2021-08-29T14:00+02:00;7922.28;15989.96;28756.67;74.91
2021-08-29T15:00+02:00;7924.99;16577.68;27287.21;73.83
2021-08-29T16:00+02:00;7910.52;16732.98;25918.55;74.78
2021-08-29T17:00+02:00;7910.3;17129.21;24210.03;88.75
2021-08-29T18:00+02:00;7904.75;17789.99;22118.68;95.98
2021-08-29T19:00+02:00;7904.33;18011.69;20737.34;101.06
2021-08-29T20:00+02:00;7904.15;18059.04;20221.17;101.66
2021-08-29T21:00+02:00;7909.27;18145.15;20234.08;93.86
2021-08-29T22:00+02:00;7909.84;18126.85;20246.34;91.65
2021-08-29T23:00+02:00;7908.19;17913.07;20023.45;86.57
2021-08-30T00:00+02:00;7916.02;17519.47;19943.45;79.7
2021-08-30T01:00+02:00;7908.57;17429.66;19477.48;78.42
2021-08-30T02:00+02:00;7912.9;17509.38;19323.43;76.57
2021-08-30T03:00+02:00;7914.09;17733.05;19335.91;72.8
2021-08-30T04:00+02:00;7907.71;17835.16;19553.02;73.95
2021-08-30T05:00+02:00;7904.68;19013.22;20079.12;79.64
2021-08-30T06:00+02:00;7904.27;20410.07;20552.71;110.17
2021-08-30T07:00+02:00;7900.03;21480.45;21107.17;126
2021-08-30T08:00+02:00;7906.82;22195.16;22861.28;131.92
2021-08-30T09:00+02:00;7903.59;22697.24;25294.51;132.92
2021-08-30T10:00+02:00;7897.26;22695.2;28386.64;128.53
2021-08-30T11:00+02:00;7897.52;22687.69;31127.79;126.1
2021-08-30T12:00+02:00;7898.01;22675.15;32933.92;122
2021-08-30T13:00+02:00;7900.35;22952.44;33722.04;112.6
2021-08-30T14:00+02:00;7901.62;23045.51;33410.5;104.94
2021-08-30T15:00+02:00;7903.06;22988.11;32436.12;101
2021-08-30T16:00+02:00;7901.35;23203.26;30242.35;100.99
2021-08-30T17:00+02:00;7900.02;23266.41;27208.42;109.58
2021-08-30T18:00+02:00;7900.56;23404.96;23209.86;116.74
2021-08-30T19:00+02:00;7903.81;23793.64;20037.27;128.48
2021-08-30T20:00+02:00;7905.26;23948.76;19315.97;130.04
2021-08-30T21:00+02:00;7905.67;23327.63;19761.92;114.47
2021-08-30T22:00+02:00;7906.86;22586.86;19711.68;106.64
2021-08-30T23:00+02:00;7907.57;21127.27;19589.09;93.6
2021-08-31T00:00+02:00;7892.96;20528.43;19356.57;94.87
2021-08-31T01:00+02:00;7890.47;20043.45;19433.75;90.02
2021-08-31T02:00+02:00;7899.15;19546.5;19209.21;87.54
2021-08-31T03:00+02:00;7901.82;19695.32;18752.1;87.09
2021-08-31T04:00+02:00;7928.17;20030.56;18703.1;88.78
2021-08-31T05:00+02:00;7928.23;21332.85;19259.16;93.11
2021-08-31T06:00+02:00;7926.46;23108.42;19242.02;115
2021-08-31T07:00+02:00;7927.01;24499.52;20130.72;134.46
2021-08-31T08:00+02:00;7917.81;25264.65;22330.5;137.02
2021-08-31T09:00+02:00;7929.86;25241.56;25555.99;135.84
2021-08-31T10:00+02:00;7927.6;25281.4;29421.1;125.13
2021-08-31T11:00+02:00;7930.22;25188.37;33024.27;116.19
2021-08-31T12:00+02:00;7924.82;25021.02;35230.68;113.61
2021-08-31T13:00+02:00;7917.68;24869.87;36403.79;104.66
2021-08-31T14:00+02:00;7911.8;23989.28;36868.6;97.2
2021-08-31T15:00+02:00;7906.78;23650.11;36505.95;95.24
2021-08-31T16:00+02:00;7899.13;23698.01;34451.51;95.51
2021-08-31T17:00+02:00;7894.07;23722.03;30442.29;110.45
2021-08-31T18:00+02:00;7892.48;24140.16;24570.9;123.81
2021-08-31T19:00+02:00;7894.51;24484.18;19452.83;134.07
2021-08-31T20:00+02:00;7895.45;24617.49;17719.96;134.9
2021-08-31T21:00+02:00;7896.65;24415.4;17714.09;121.58
2021-08-31T22:00+02:00;7900.84;23382.84;17330.41;106.12
2021-08-31T23:00+02:00;7902.12;22239.37;16420.68;99.1
2021-09-01T00:00+02:00;7900.5;21937.65;15480.05;94.78
2021-09-01T01:00+02:00;7911.26;21450.06;14924.39;92.91
2021-09-01T02:00+02:00;7920.36;21735.21;14704.72;91.21
2021-09-01T03:00+02:00;7926.01;21743.92;14775.49;90.09
2021-09-01T04:00+02:00;7934.09;21930.61;14557.72;93.12
2021-09-01T05:00+02:00;7931.73;23363.3;14023.11;100.54
2021-09-01T06:00+02:00;7937.79;26424.45;13700.39;118.7
2021-09-01T07:00+02:00;7943.87;27470.28;15399.04;135.44
2021-09-01T08:00+02:00;7949.96;27747.21;18995.87;140.72
2021-09-01T09:00+02:00;7943.67;27803.63;23640.36;130
2021-09-01T10:00+02:00;7940.13;27718.9;28381.28;116.99
2021-09-01T11:00+02:00;7928.79;27378.05;32190.97;109.75
2021-09-01T12:00+02:00;7935.9;26211.42;35064.91;103.88
2021-09-01T13:00+02:00;7926.73;25135.28;36266.26;98
2021-09-01T14:00+02:00;7922.85;25096.64;35797.63;94.98
2021-09-01T15:00+02:00;7911.55;24886.3;33494.2;95.06
2021-09-01T16:00+02:00;7907.31;25211.47;29469.84;97.61
2021-09-01T17:00+02:00;7911.39;26311.19;23990.53;116.12
2021-09-01T18:00+02:00;7898.68;26990.1;17529.59;131
2021-09-01T19:00+02:00;7900.2;27467.07;13073.82;145.91
2021-09-01T20:00+02:00;7900.48;27638;13531.13;144.93
2021-09-01T21:00+02:00;7905.01;27220.8;14744.62;125.76
2021-09-01T22:00+02:00;7912.61;25468.86;15176.53;114.39
2021-09-01T23:00+02:00;7919.61;23358.28;15116.01;102.73
2021-09-02T00:00+02:00;7932.8;22848.42;14770.5;98.41
2021-09-02T01:00+02:00;7948.83;22218.4;14037.49;96.84
2021-09-02T02:00+02:00;7955.72;22432.83;13073.68;95.25
2021-09-02T03:00+02:00;7963.98;22582.03;12454.22;95.71
2021-09-02T04:00+02:00;7969.94;23018.95;12159.42;96.64
2021-09-02T05:00+02:00;7976.71;24435.19;12045.86;105.01
2021-09-02T06:00+02:00;7978.51;26435.11;12105.9;128.94
2021-09-02T07:00+02:00;7983.46;27577.9;14038.35;150
2021-09-02T08:00+02:00;7977.85;28033.76;18831.34;146.38
2021-09-02T09:00+02:00;7969.05;27941.38;24426.39;130.8
2021-09-02T10:00+02:00;7946.51;27264.05;29966.76;118.92
2021-09-02T11:00+02:00;7927.81;25754.69;34218.76;113
2021-09-02T12:00+02:00;7877.66;25124.06;36827.79;107.84
2021-09-02T13:00+02:00;7668.74;23936.53;37829.07;100.99
2021-09-02T14:00+02:00;7673.77;23918.7;37057.39;97.97
2021-09-02T15:00+02:00;7857.31;23636.88;34357.11;105.05
2021-09-02T16:00+02:00;7884.64;24671.6;29680.52;112.44
2021-09-02T17:00+02:00;7875.24;26397.11;23248.55;122.66
2021-09-02T18:00+02:00;7876.97;27296.42;16270.37;138
2021-09-02T19:00+02:00;7877.21;27648.96;12111.12;158.51
2021-09-02T20:00+02:00;7881.28;27653.21;12465.29;154.94
2021-09-02T21:00+02:00;7888.08;27002.67;13597.34;130.43
2021-09-02T22:00+02:00;7898.93;25651.54;13882.89;118.69
2021-09-02T23:00+02:00;7905.27;23739.3;13631.05;113.25
2021-09-03T00:00+02:00;7911.68;22031.66;13186.25;101
2021-09-03T01:00+02:00;7921.42;21841.13;12805.5;96.63
2021-09-03T02:00+02:00;7929.62;21436.91;12609.72;95.6
2021-09-03T03:00+02:00;7938.64;21449.64;12949.54;91.53
2021-09-03T04:00+02:00;7947.83;21687.72;13522.51;90.89
2021-09-03T05:00+02:00;7951.12;22933.38;14254.62;95.8
2021-09-03T06:00+02:00;7943.25;24917.47;15434.54;122.46
2021-09-03T07:00+02:00;7849.1;26222.47;18399.91;137.44
2021-09-03T08:00+02:00;7683.02;26156.4;24177.88;134.7
2021-09-03T09:00+02:00;7682.52;25284.02;30629.67;123.13
2021-09-03T10:00+02:00;7693.24;24124.13;36862.16;109.03
2021-09-03T11:00+02:00;7581.27;22673.7;41493.83;99.02
2021-09-03T12:00+02:00;7522.59;21760.87;44036.97;89.62
2021-09-03T13:00+02:00;7564.17;21420.04;44703.05;88.48
2021-09-03T14:00+02:00;7579.45;20939.18;43292.8;88.39
2021-09-03T15:00+02:00;7710.82;20875.54;39752.88;89.92
2021-09-03T16:00+02:00;7846.52;21834.43;34101.34;92.32
2021-09-03T17:00+02:00;7853.02;24002.51;26824.57;119.01
2021-09-03T18:00+02:00;7856.16;25445.77;18886.78;131.57
2021-09-03T19:00+02:00;7861.07;25911.69;14363.69;143.93
2021-09-03T20:00+02:00;7872.17;25798.85;14011.33;143.38
2021-09-03T21:00+02:00;7884.03;25844.12;13988.67;129.94
2021-09-03T22:00+02:00;7904.33;25309.68;13368.63;120.96
2021-09-03T23:00+02:00;7906.92;24323.74;12420.66;117.86
2021-09-04T00:00+02:00;7911.82;22385.14;11773.38;114.15
2021-09-04T01:00+02:00;7921.82;21536.89;11354.92;105.98
2021-09-04T02:00+02:00;7936.69;20940.29;10949.94;98.05
2021-09-04T03:00+02:00;7944.76;20889.17;10520.03;95.71
2021-09-04T04:00+02:00;7951.95;20822.84;10399.02;95.66
2021-09-04T05:00+02:00;7952.74;21391.99;10489.28;96.2
2021-09-04T06:00+02:00;7971.77;21357.7;10648.72;103.8
2021-09-04T07:00+02:00;7976.32;21600.92;12705.62;120.98
2021-09-04T08:00+02:00;7980.55;21496.31;17495.15;122
2021-09-04T09:00+02:00;7974.84;21462.9;23595.61;115.99
2021-09-04T10:00+02:00;7973.16;20765.98;28588.85;95.66
2021-09-04T11:00+02:00;7827.55;20336.29;31909.21;89.47
2021-09-04T12:00+02:00;7765.37;19994.64;34315.45;89.51
2021-09-04T13:00+02:00;7745.81;19434.43;35321.76;87.06
2021-09-04T14:00+02:00;7786.08;19125.97;35151.43;84.16
2021-09-04T15:00+02:00;7722.27;18703.98;33369;86.46
2021-09-04T16:00+02:00;7774.3;19195.55;29091.56;89.27
2021-09-04T17:00+02:00;7812.01;20853.27;22813.89;107.54
2021-09-04T18:00+02:00;7885.3;22299.69;16222.55;127.33
2021-09-04T19:00+02:00;7888.55;22618.54;12302.63;142.55
2021-09-04T20:00+02:00;7902.82;22672.6;12788.92;142.4
2021-09-04T21:00+02:00;7912.1;22529.93;13864.07;127.92
2021-09-04T22:00+02:00;7917.56;22094.81;14459.52;122.81
2021-09-04T23:00+02:00;7926.68;20042.21;14947.62;104.36
2021-09-05T00:00+02:00;7934.89;18261.44;15157.74;109.21
2021-09-05T01:00+02:00;7940.17;17041.56;15445.08;99.88
2021-09-05T02:00+02:00;7932.32;16580.85;15387.56;95.35
2021-09-05T03:00+02:00;7934.12;16712.29;15161.12;92.54
2021-09-05T04:00+02:00;7938.55;16807.49;14971.87;92.04
2021-09-05T05:00+02:00;7774.87;16916.17;14633.08;92.56
2021-09-05T06:00+02:00;7558.8;17273.18;14621.23;93.81
2021-09-05T07:00+02:00;7534.45;17337.87;16329.16;92.88
2021-09-05T08:00+02:00;7530.66;17004.54;20824.42;93.44
2021-09-05T09:00+02:00;7544.3;16886.89;26833.91;92.04
2021-09-05T10:00+02:00;7632.33;16654.25;33050.76;88.68
2021-09-05T11:00+02:00;7745.31;16463.37;37350.93;84.01
2021-09-05T12:00+02:00;7732.95;15995.6;39774.43;81.47
2021-09-05T13:00+02:00;7708.62;14075.29;40038.59;65.66
2021-09-05T14:00+02:00;7648.94;12924.41;38415.58;60.06
2021-09-05T15:00+02:00;7711.97;13904.27;35531.73;69.09
2021-09-05T16:00+02:00;7696.21;17262.15;30256.84;84.9
2021-09-05T17:00+02:00;7709.31;19983.5;23262.98;95.18
2021-09-05T18:00+02:00;7713.98;22697.53;15974.48;127.45
2021-09-05T19:00+02:00;7731.89;23695.13;12458.9;138.69
2021-09-05T20:00+02:00;7745.93;23837.59;12809.36;139.07
2021-09-05T21:00+02:00;7762.04;23891.41;13328.96;129
2021-09-05T22:00+02:00;7776.34;23538.5;12973.4;121.99
2021-09-05T23:00+02:00;7803.72;22865.58;12294.82;104.1
2021-09-06T00:00+02:00;7821.81;23109.27;11593.74;105.32
2021-09-06T01:00+02:00;7841.17;23077.91;11096.38;104.79
2021-09-06T02:00+02:00;7860.06;23097.21;10349.57;101.85
2021-09-06T03:00+02:00;7876.98;23335.25;9775.3;97.97
2021-09-06T04:00+02:00;7895.29;23882.99;9357.67;100
2021-09-06T05:00+02:00;7897.53;25212.54;9234.99;110
2021-09-06T06:00+02:00;7900.52;26499.34;9354.55;135.97
2021-09-06T07:00+02:00;7914.99;27287.96;11477.59;165
2021-09-06T08:00+02:00;7927.38;27080.77;17349.18;160
2021-09-06T09:00+02:00;7925.71;27034.59;24688.79;139.26
2021-09-06T10:00+02:00;7919.69;26856.64;31439.82;128.04
2021-09-06T11:00+02:00;7902.66;25909.81;36097.03;110.7
2021-09-06T12:00+02:00;7889.44;25192.9;38293.49;105.57
2021-09-06T13:00+02:00;7883.6;25256.41;37926.77;103.26
2021-09-06T14:00+02:00;7886.13;25449.34;35211.39;105.49
2021-09-06T15:00+02:00;7887.4;26371.63;31169.75;115.08
2021-09-06T16:00+02:00;7881.89;27088.76;25730.86;128.67
2021-09-06T17:00+02:00;7891.69;27973.82;19119.04;137.73
2021-09-06T18:00+02:00;7886.46;28317.67;13192.76;150
2021-09-06T19:00+02:00;7883.12;28946.31;10030.36;190.68
2021-09-06T20:00+02:00;7890.02;29033.55;9449.62;181.72
2021-09-06T21:00+02:00;7901.75;28704.59;9367.53;147.22
2021-09-06T22:00+02:00;7903.77;28178.95;9294.1;132.66
2021-09-06T23:00+02:00;7911.7;27384.67;9076.85;110.79
2021-09-07T00:00+02:00;7926.62;26413.12;8832.81;110.72
2021-09-07T01:00+02:00;7939.36;26004.76;8725.8;112
2021-09-07T02:00+02:00;7954.06;25820.42;8634.8;108.52
2021-09-07T03:00+02:00;7958.53;25727.57;8586.83;107.87
2021-09-07T04:00+02:00;7939.58;26022.72;8668.6;107.98
2021-09-07T05:00+02:00;7939.6;26890.08;8756.94;110.82
2021-09-07T06:00+02:00;7951.65;28334.32;9165.7;141.96
2021-09-07T07:00+02:00;7962.46;28757.08;10950.92;160.87
2021-09-07T08:00+02:00;7972.84;28636.28;14639.86;164.44
2021-09-07T09:00+02:00;7969.4;28620.56;20456.8;142.5
2021-09-07T10:00+02:00;7951.16;28071.22;27183.54;134.51
2021-09-07T11:00+02:00;7928.72;27475.37;31975.53;120.04
2021-09-07T12:00+02:00;7914.42;26938.79;34416.09;108.63
2021-09-07T13:00+02:00;7899.58;26956.27;34301.85;108.73
2021-09-07T14:00+02:00;7898.82;26783.89;32584.2;108.28
2021-09-07T15:00+02:00;7889.2;26564.81;29344.38;107.98
2021-09-07T16:00+02:00;7879.33;27673.79;24711.79;113.07
2021-09-07T17:00+02:00;7866.5;28664.22;18808.38;135.83
2021-09-07T18:00+02:00;7864.27;29039.96;13011.34;145.9
2021-09-07T19:00+02:00;7870.09;29150.52;10325.96;180
2021-09-07T20:00+02:00;7892.76;29126.08;10407.32;164.01
2021-09-07T21:00+02:00;7896.83;29282.33;11055.72;141.32
2021-09-07T22:00+02:00;7902.92;28894.11;11683.79;126.5
2021-09-07T23:00+02:00;7905.94;27397.52;12048.37;109.1
2021-09-08T00:00+02:00;7917.32;26139.72;12315.08;115
2021-09-08T01:00+02:00;7931.66;25650.24;12392.98;110
2021-09-08T02:00+02:00;7933.86;25220.14;12269.5;106.62
2021-09-08T03:00+02:00;7900.28;25248.85;12077.92;104.8
2021-09-08T04:00+02:00;7931.09;25670.44;11869.74;109.44
2021-09-08T05:00+02:00;7927.4;27144.43;11696.52;114.94
2021-09-08T06:00+02:00;7937.22;28768.63;11994.81;145
2021-09-08T07:00+02:00;7960.09;29319.28;14599.08;151.16
2021-09-08T08:00+02:00;7969.69;29038.71;20510.4;149.96
2021-09-08T09:00+02:00;7934.77;28849.8;26744.04;138
2021-09-08T10:00+02:00;7900.98;28204.62;32393.12;124.17
2021-09-08T11:00+02:00;7877.21;26876.07;37366.68;109.46
2021-09-08T12:00+02:00;7867.22;25456.68;40303.61;106.03
2021-09-08T13:00+02:00;7856.95;25160.61;40661.67;103.01
2021-09-08T14:00+02:00;7839.92;25568.6;39050.63;103.93
2021-09-08T15:00+02:00;7863.3;25999.88;35364.72;109.08
2021-09-08T16:00+02:00;7872.13;27135.56;29898.79;117.52
2021-09-08T17:00+02:00;7846.5;28276.77;23080.31;136.03
2021-09-08T18:00+02:00;7831.5;28526.28;16406.67;149.75
2021-09-08T19:00+02:00;7858.03;28804.34;14020.98;165.78
2021-09-08T20:00+02:00;7863.87;28881.72;16223.96;152.36
2021-09-08T21:00+02:00;7881.68;28803.6;18095.08;137.11
2021-09-08T22:00+02:00;7887.8;28330.57;18535.17;125.01
2021-09-08T23:00+02:00;7898.61;26879.64;18461.11;110.54
2021-09-09T00:00+02:00;7888.05;25891.62;17321.42;107.73
2021-09-09T01:00+02:00;7902.04;25809.89;16201.15;107.72
2021-09-09T02:00+02:00;7915.49;25776.19;14980.94;105.03
2021-09-09T03:00+02:00;7924.65;25562.49;14393.6;101.88
2021-09-09T04:00+02:00;7924.5;25926.34;14118.27;103.16
2021-09-09T05:00+02:00;7922.13;27146.96;14196.88;109.02
2021-09-09T06:00+02:00;7925.73;28965.25;14719.26;138.38
2021-09-09T07:00+02:00;7939.56;29444.42;17126.8;148.05
2021-09-09T08:00+02:00;7935.71;29373.58;21965.57;149.43
2021-09-09T09:00+02:00;7924.74;29384.73;26933.47;144.99
2021-09-09T10:00+02:00;7909.51;28908.54;31844.66;137.64
2021-09-09T11:00+02:00;7885.19;28230.69;35990.16;118.7
2021-09-09T12:00+02:00;7864.96;27372.69;38489.7;110.06
2021-09-09T13:00+02:00;7854.37;27435.9;39045.27;111.32
2021-09-09T14:00+02:00;7851.8;27258.81;37268;113.3
2021-09-09T15:00+02:00;7846.19;27876.43;33466.25;123.83
2021-09-09T16:00+02:00;7840.8;28291.78;27678.74;137
2021-09-09T17:00+02:00;7833.44;28659.79;20767.64;145.98
2021-09-09T18:00+02:00;7825.67;29109.49;14633.09;157.7
2021-09-09T19:00+02:00;7823.41;29508.8;12483.52;174.23
2021-09-09T20:00+02:00;7824.96;29373.94;13156.06;168.48
2021-09-09T21:00+02:00;7828.55;29198.91;14143.26;148
2021-09-09T22:00+02:00;7840.67;28879.44;14638.85;139.86
2021-09-09T23:00+02:00;7850.71;28302.7;14439.33;124.11
2021-09-10T00:00+02:00;7854.49;27409.47;14216.54;119.01
2021-09-10T01:00+02:00;7855.9;27566.2;13622.09;114.43
2021-09-10T02:00+02:00;7856.38;27629.55;13072.13;113.88
2021-09-10T03:00+02:00;7862.33;27701.87;12568.12;111.67
2021-09-10T04:00+02:00;7855.07;27710.78;12341.28;113.82
2021-09-10T05:00+02:00;7857.36;28704.94;12258.09;117.58
2021-09-10T06:00+02:00;7861;29832;12320.25;145.45
2021-09-10T07:00+02:00;7871.28;30337.92;13875.62;158.07
2021-09-10T08:00+02:00;7876.33;30252.91;17840.2;162.27
2021-09-10T09:00+02:00;7872.33;30410.36;22256.79;156.66
2021-09-10T10:00+02:00;7863.56;30441.02;26829.8;149.22
2021-09-10T11:00+02:00;7853.26;30672.6;30688.88;144.22
2021-09-10T12:00+02:00;7836.85;30179.42;32859.2;140
2021-09-10T13:00+02:00;7830.44;29516.61;33077.44;128
2021-09-10T14:00+02:00;7858.11;28617.17;31502.94;120.52
2021-09-10T15:00+02:00;7860.87;29973.23;27955.06;130.61
2021-09-10T16:00+02:00;7862.61;30727.18;23277.17;140.09
2021-09-10T17:00+02:00;7845.1;30809.52;17969.85;152.48
2021-09-10T18:00+02:00;7843.14;30965.73;13277.49;159.18
2021-09-10T19:00+02:00;7842.1;31022.64;10992.13;159.58
2021-09-10T20:00+02:00;7846.23;31159.39;10831.31;159.31
2021-09-10T21:00+02:00;7851.15;31239.99;10991.71;148.64
2021-09-10T22:00+02:00;7862.66;30796.19;11549.44;141.52
2021-09-10T23:00+02:00;7862.43;28890.28;11739.16;132.66
2021-09-11T00:00+02:00;7866.04;26628.76;12033.62;140.16
2021-09-11T01:00+02:00;7867.16;25375.54;12299.28;129.77
2021-09-11T02:00+02:00;7867.44;24695;12889.44;115.96
2021-09-11T03:00+02:00;7871.92;24243.89;13282.49;109.82
2021-09-11T04:00+02:00;7875.26;24302.69;13140.06;110.02
2021-09-11T05:00+02:00;7880.05;25072.41;13367.37;111.21
2021-09-11T06:00+02:00;7885.46;25456.6;13863.15;130.06
2021-09-11T07:00+02:00;7878.46;25983.16;15209.57;136.12
2021-09-11T08:00+02:00;7880.05;25921.97;17524.48;143.46
2021-09-11T09:00+02:00;7878.19;25969.82;20588.99;145.03
2021-09-11T10:00+02:00;7883.2;25776.37;24541.36;141.32
2021-09-11T11:00+02:00;7879.98;25605.54;28352.9;133.68
2021-09-11T12:00+02:00;7873.01;24801.83;31424.04;122.02
2021-09-11T13:00+02:00;7869.12;24150.3;32413.11;111.59
2021-09-11T14:00+02:00;7874.23;24249.52;31970.2;106.08
2021-09-11T15:00+02:00;7887.94;24324.58;30130.4;107.81
2021-09-11T16:00+02:00;7873.3;24585.92;26864.24;112.36
2021-09-11T17:00+02:00;7867.98;25986.15;21953.38;129.2
2021-09-11T18:00+02:00;7851.72;26714.78;17088.69;146.98
2021-09-11T19:00+02:00;7851.5;26824;14078.77;155.09
2021-09-11T20:00+02:00;7864.66;27089.52;13704.52;153.9
2021-09-11T21:00+02:00;7865.86;26980.51;13810.59;145.03
2021-09-11T22:00+02:00;7877.97;25933.35;14139.62;138.68
2021-09-11T23:00+02:00;7874.92;24332.11;14556.09;121.08
2021-09-12T00:00+02:00;7874.98;22278.04;14627.8;105.05
2021-09-12T01:00+02:00;7885;21206.51;14723.01;99.17
2021-09-12T02:00+02:00;7882.24;21012.58;14708.14;99.02
2021-09-12T03:00+02:00;7893.47;21058.08;14599.53;95.38
2021-09-12T04:00+02:00;7898.3;21060.36;14262.32;97.57
2021-09-12T05:00+02:00;7905.31;21081.69;14368.11;97.64
2021-09-12T06:00+02:00;7905.61;21245.22;14496.88;95.59
2021-09-12T07:00+02:00;7904.47;21432.5;15845.05;101.34
2021-09-12T08:00+02:00;7898.39;21478.44;19126.97;106.41
2021-09-12T09:00+02:00;7896.44;21207.92;24282.75;107.17
2021-09-12T10:00+02:00;7883.39;20469.65;30710.99;101.92
2021-09-12T11:00+02:00;7882.49;18598.95;35937.64;99.72
2021-09-12T12:00+02:00;7884.95;17565.98;38349.88;93.94
2021-09-12T13:00+02:00;7881.65;15814.58;38665.59;81.07
2021-09-12T14:00+02:00;7881.39;15601.59;37452.15;69.68
2021-09-12T15:00+02:00;7896.58;16620.39;34484.62;72.44
2021-09-12T16:00+02:00;7885.01;19531.37;30520.35;87.13
2021-09-12T17:00+02:00;7883.93;22483.55;24631.54;99.94
2021-09-12T18:00+02:00;7875.39;25219.41;18083.21;136.37
2021-09-12T19:00+02:00;7865.6;26422.07;14974.39;150
2021-09-12T20:00+02:00;7872.24;26671.5;14562.14;154.17
2021-09-12T21:00+02:00;7870.88;26589.03;14540.58;138.01
2021-09-12T22:00+02:00;7873.79;26670.52;14390.99;129.07
2021-09-12T23:00+02:00;7869.8;25715.79;14407.14;107.54
2021-09-13T00:00+02:00;7883.8;24707.66;14431.4;113.01
2021-09-13T01:00+02:00;7893.4;24323.41;14609.26;108.2
2021-09-13T02:00+02:00;7903.3;24601.48;14156.98;103.92
2021-09-13T03:00+02:00;7916.62;25009.15;13594.86;103.79
2021-09-13T04:00+02:00;7937.68;25410.54;12661.31;104.85
2021-09-13T05:00+02:00;7937.03;26779.11;12108.58;110.01
2021-09-13T06:00+02:00;7941.85;29216.55;12082.96;152.08
2021-09-13T07:00+02:00;7949.82;30601.72;13461.63;160.93
2021-09-13T08:00+02:00;7937.74;30797.29;17214.09;166.71
2021-09-13T09:00+02:00;7929.24;30983.84;22657.96;157
2021-09-13T10:00+02:00;7921.99;31089.57;28351.01;147.93
2021-09-13T11:00+02:00;7907.75;30822.01;32190.01;140.06
2021-09-13T12:00+02:00;7897.05;29710.64;33356.96;118.84
2021-09-13T13:00+02:00;7892.68;29947.24;32687.27;116.9
2021-09-13T14:00+02:00;7889.28;29924.91;30856.79;119
2021-09-13T15:00+02:00;7889.14;30452.16;27767.9;141.63
2021-09-13T16:00+02:00;7881.22;30881.88;23094.71;150.93
2021-09-13T17:00+02:00;7882.49;30636.29;17190.77;159.09
2021-09-13T18:00+02:00;7893.59;30814.52;11718.59;183.45
2021-09-13T19:00+02:00;7897.68;30989.53;9421.48;200.88
2021-09-13T20:00+02:00;7889.82;30906.85;9672.15;193.21
2021-09-13T21:00+02:00;7891.93;30665.98;10020.94;160.91
2021-09-13T22:00+02:00;7901.78;30700.48;9976.29;147.15
2021-09-13T23:00+02:00;7910.24;29064.56;10017.28;131.18
2021-09-14T00:00+02:00;7930.93;27630.46;10221.47;122.23
2021-09-14T01:00+02:00;7934.04;27311.46;10453.2;121.59
2021-09-14T02:00+02:00;7939.34;26847.42;10465.12;113.83
2021-09-14T03:00+02:00;7946.16;26536.34;10143.64;107.84
2021-09-14T04:00+02:00;7952.27;26815.88;9953.06;110.03
2021-09-14T05:00+02:00;7961.88;27897.27;10009.72;122.03
2021-09-14T06:00+02:00;7979.74;28537.71;10583.01;155.51
2021-09-14T07:00+02:00;7968.48;29285.12;12510.63;166.24
2021-09-14T08:00+02:00;7967.51;29282.31;17714.04;172.69
2021-09-14T09:00+02:00;7957.19;29001.21;23928.28;162.9
2021-09-14T10:00+02:00;7925.7;28050.02;30021.14;152.15
2021-09-14T11:00+02:00;7894.42;27387.32;34290.37;124.01
2021-09-14T12:00+02:00;7890.37;26871.68;36319.22;121.06
2021-09-14T13:00+02:00;7879.16;27070.59;35497.09;117.27
2021-09-14T14:00+02:00;7868.63;28045.08;33704.54;125.43
2021-09-14T15:00+02:00;7858.81;29000.88;29928.79;151.16
2021-09-14T16:00+02:00;7851.24;29773.95;24584.06;158.72
2021-09-14T17:00+02:00;7849.87;30599.87;18665.46;168
2021-09-14T18:00+02:00;7842.46;31117.67;13993.47;184.55
2021-09-14T19:00+02:00;7846.14;31230.94;13875.37;188.2
2021-09-14T20:00+02:00;7856.4;30970.47;16526.51;174.25
2021-09-14T21:00+02:00;7855.06;30397.2;19108.94;155.4
2021-09-14T22:00+02:00;7837.6;29529.74;20230.13;144.65
2021-09-14T23:00+02:00;7847.73;28019.28;19763.54;117.98
2021-09-15T00:00+02:00;7850.85;26896.37;18118;135.08
2021-09-15T01:00+02:00;7866.24;26703.47;17391.22;133.4
2021-09-15T02:00+02:00;7866.57;26294.28;17021.47;128.95
2021-09-15T03:00+02:00;7875.04;26301.28;16647.81;123.1
2021-09-15T04:00+02:00;7882.34;26748.41;15796.7;128.01
2021-09-15T05:00+02:00;7882.8;27910.55;15586.86;137.01
2021-09-15T06:00+02:00;7893.36;29242.67;16004.13;166.94
2021-09-15T07:00+02:00;7899.99;29726.09;17135.72;180.24
2021-09-15T08:00+02:00;7908.58;29892.58;19040.61;192.11
2021-09-15T09:00+02:00;7905.57;29843.45;20584.98;191.32
2021-09-15T10:00+02:00;7878.44;29982.82;22204.69;187.42
2021-09-15T11:00+02:00;7874.73;29694.02;23147.9;180.8
2021-09-15T12:00+02:00;7871.56;29389.48;23071.39;180
2021-09-15T13:00+02:00;7857.43;29267.09;23304.76;175.74
2021-09-15T14:00+02:00;7858.22;29278.23;23096.9;175.76
2021-09-15T15:00+02:00;7853.9;29553.56;21754.36;179.09
2021-09-15T16:00+02:00;7852.96;29807.59;20310.51;179.97
2021-09-15T17:00+02:00;7845.57;29836.89;19360.95;190
2021-09-15T18:00+02:00;7846.7;29777.14;18336.26;192.78
2021-09-15T19:00+02:00;7855.4;29868.45;18605.99;196.58
2021-09-15T20:00+02:00;7868.18;29958.16;19266.55;190
2021-09-15T21:00+02:00;7867.79;29787.23;19898.48;176.78
2021-09-15T22:00+02:00;7867.97;28691.12;20686.85;162.98
2021-09-15T23:00+02:00;7861.54;26968.94;20405.22;153.02
2021-09-16T00:00+02:00;7869.09;27144.23;19635.74;131.45
2021-09-16T01:00+02:00;7869.88;27343.75;19843.73;129.4
2021-09-16T02:00+02:00;7874.27;27130.62;20057.14;117.17
2021-09-16T03:00+02:00;7883.6;26756.13;20246.64;115.96
2021-09-16T04:00+02:00;7886.4;26963.13;20911.94;115.19
2021-09-16T05:00+02:00;7891.11;27947.39;21606.11;135.03
2021-09-16T06:00+02:00;7896.76;29830.42;21792.53;169.72
2021-09-16T07:00+02:00;7905.21;30867.81;22674.86;194
2021-09-16T08:00+02:00;7922.83;30783.09;24283.75;197.81
2021-09-16T09:00+02:00;7914.66;30853.71;27583.9;193.91
2021-09-16T10:00+02:00;7903.23;29996.3;31403.41;186.68
2021-09-16T11:00+02:00;7890.57;29280.08;34344.92;181
2021-09-16T12:00+02:00;7869.37;29034.41;35751.77;155.36
2021-09-16T13:00+02:00;7868.68;29120.7;36153.91;145.06
2021-09-16T14:00+02:00;7867.07;28868.62;35684.97;130.94
2021-09-16T15:00+02:00;7867;29236.59;34436.57;131.4
2021-09-16T16:00+02:00;7864.61;29546.6;31576.68;133.82
2021-09-16T17:00+02:00;7862.21;29838.71;28045.06;178.71
2021-09-16T18:00+02:00;7880.8;30059.58;24318.7;188.11
2021-09-16T19:00+02:00;7895.38;30501.44;22298.75;197.59
2021-09-16T20:00+02:00;7902.25;30456.13;21668.49;198.02
2021-09-16T21:00+02:00;7916.54;29843.27;20840.44;179.78
2021-09-16T22:00+02:00;7919.17;29027.53;20009.84;170.42
2021-09-16T23:00+02:00;7922.7;27596.23;19397.6;138.1
2021-09-17T00:00+02:00;7913.25;26437.17;18720.18;127.33
2021-09-17T01:00+02:00;7915.64;26423.76;18091.45;125.43
2021-09-17T02:00+02:00;7915.25;26405.16;17724.66;123.11
2021-09-17T03:00+02:00;7926.09;26105.37;17160.95;117.89
2021-09-17T04:00+02:00;7946.98;26560.18;16845.49;125.92
2021-09-17T05:00+02:00;7952.92;26907.23;16380.57;134.87
2021-09-17T06:00+02:00;7962.92;29369.47;15962.23;169.27
2021-09-17T07:00+02:00;7974.64;30332.27;15877.44;181.97
2021-09-17T08:00+02:00;7974.43;30336.12;18030.3;188.17
2021-09-17T09:00+02:00;7967.87;30397.55;21537.16;182.86
2021-09-17T10:00+02:00;7963.2;30222.04;25621.88;175.33
2021-09-17T11:00+02:00;7961.5;30354.69;28343.15;167.13
2021-09-17T12:00+02:00;7929.69;29693.45;29768.51;160.3
2021-09-17T13:00+02:00;7934.8;29464.7;29152.35;140.66
2021-09-17T14:00+02:00;7924.66;29479.81;27908.66;140.66
2021-09-17T15:00+02:00;7919.17;29473.76;25898.4;140.66
2021-09-17T16:00+02:00;7923.63;29388.41;22497.14;140.66
2021-09-17T17:00+02:00;7924.91;30083.92;18241.99;165.53
2021-09-17T18:00+02:00;7932.8;30433.12;13935.66;181.94
2021-09-17T19:00+02:00;7939.56;30477.43;12007.39;187.9
2021-09-17T20:00+02:00;7947.31;30121.84;12010.49;185.2
2021-09-17T21:00+02:00;7947.76;29225.18;11730.01;179.04
2021-09-17T22:00+02:00;7952.02;28709.93;11374.56;171.27
2021-09-17T23:00+02:00;7952.43;27316.81;10825.11;153.92
2021-09-18T00:00+02:00;7955.08;26092.86;10505.55;149.59
2021-09-18T01:00+02:00;7947.25;25721.05;10432.88;130.64
2021-09-18T02:00+02:00;7946.1;25274.97;10401.31;125.43
2021-09-18T03:00+02:00;7952.07;25065.47;10506.47;120.62
2021-09-18T04:00+02:00;7959.45;25058.4;10511.17;115.02
2021-09-18T05:00+02:00;7970.63;25182.25;10694.38;117.01
2021-09-18T06:00+02:00;7973.47;25522.87;11114.54;127.06
2021-09-18T07:00+02:00;7978.88;25528.68;12433.15;149.09
2021-09-18T08:00+02:00;7994.16;25439.81;16198.95;162.5
2021-09-18T09:00+02:00;7991.87;25156.39;21455.17;155.09
2021-09-18T10:00+02:00;7978.79;24803.2;26788.16;132.88
2021-09-18T11:00+02:00;7968.38;24098.13;29851.06;124.84
2021-09-18T12:00+02:00;7960.72;23569.02;30651.02;115.96
2021-09-18T13:00+02:00;7944.19;22834.51;30461.72;105.11
2021-09-18T14:00+02:00;7944.44;22661.7;28695.27;105.1
2021-09-18T15:00+02:00;7925.59;23869.11;26208.63;110.09
2021-09-18T16:00+02:00;7919.71;24973.35;22562.76;125.94
2021-09-18T17:00+02:00;7922.95;25805.9;18696.79;136.81
2021-09-18T18:00+02:00;7928.94;26152.51;14673.31;169.97
2021-09-18T19:00+02:00;7926.47;26142.16;13715.33;179.91
2021-09-18T20:00+02:00;7934.82;26076.9;14782.31;178.97
2021-09-18T21:00+02:00;7941.97;26086.7;16120.36;151.32
2021-09-18T22:00+02:00;7947.17;25530.66;17026.44;123.73
2021-09-18T23:00+02:00;7949.95;24078.67;17891.52;97.63
2021-09-19T00:00+02:00;7950.6;21408.15;18366.36;81.71
2021-09-19T01:00+02:00;7686.47;20210.36;18875.66;80.05
2021-09-19T02:00+02:00;7472.38;19896.43;19102.21;77.6
2021-09-19T03:00+02:00;7477.17;19549.73;18824.08;76.95
2021-09-19T04:00+02:00;7478.75;18949.19;18996.35;72.82
2021-09-19T05:00+02:00;7480.53;19152.5;18829.33;75.77
2021-09-19T06:00+02:00;7592.3;20096.6;18720.07;76.61
2021-09-19T07:00+02:00;7725.41;20402.05;19779.85;77.35
2021-09-19T08:00+02:00;7890.81;20728.33;22580.22;81.58
2021-09-19T09:00+02:00;7999.11;21783.59;25788.44;82.86
2021-09-19T10:00+02:00;8005.51;22247;29321.85;80.17
2021-09-19T11:00+02:00;7993.95;22200.62;31718.67;80.65
2021-09-19T12:00+02:00;7989.83;21982.55;31547.78;82.83
2021-09-19T13:00+02:00;7984.01;21583.91;29326.06;79.12
2021-09-19T14:00+02:00;7973.03;21555.07;26880.98;74.16
2021-09-19T15:00+02:00;7946.55;21658.99;24465.65;78.1
2021-09-19T16:00+02:00;7946.33;22566.92;21232.85;83.75
2021-09-19T17:00+02:00;7941.07;23810.04;18247.7;105.07
2021-09-19T18:00+02:00;7945.24;24387.42;15451.64;149
2021-09-19T19:00+02:00;7948.84;24598.71;14343.41;167.63
2021-09-19T20:00+02:00;7954.84;24679.28;14582.52;170.63
2021-09-19T21:00+02:00;7965.39;24851.56;14851.76;119.63
2021-09-19T22:00+02:00;7970;24923.71;14115.36;108.76
2021-09-19T23:00+02:00;7978.28;24733.27;13314.5;95.68
2021-09-20T00:00+02:00;7978.56;23873.54;12232.14;101.79
2021-09-20T01:00+02:00;7987.67;24288.75;11492.06;96.04
2021-09-20T02:00+02:00;7985.75;23560.94;11067.12;98.74
2021-09-20T03:00+02:00;7981.78;23953.49;11036.44;98.56
2021-09-20T04:00+02:00;7888.85;24725.2;11491.88;93.87
2021-09-20T05:00+02:00;7903.4;26098.59;12002.95;118.2
2021-09-20T06:00+02:00;7977.55;28838.45;12306.59;161.33
2021-09-20T07:00+02:00;7989.59;30582.16;12672.02;179.52
2021-09-20T08:00+02:00;8002.02;30989.46;14188.02;188.64
2021-09-20T09:00+02:00;8022.35;31017.57;16044.12;180
2021-09-20T10:00+02:00;8020.38;30804.89;19416.03;172.67
2021-09-20T11:00+02:00;8024.92;30671.02;22835.83;164
2021-09-20T12:00+02:00;8022.99;30410.26;23541.05;155
2021-09-20T13:00+02:00;8014.08;30655.18;23035.38;149.76
2021-09-20T14:00+02:00;8011.11;30150.37;21927.15;142.28
2021-09-20T15:00+02:00;8000.37;30031.6;19486.16;151.22
2021-09-20T16:00+02:00;7985.5;30477.62;16893.31;162.88
2021-09-20T17:00+02:00;7990.43;30570.49;13665.64;172.33
2021-09-20T18:00+02:00;7989.72;30897.86;11006.21;179.98
2021-09-20T19:00+02:00;8003.71;31168.44;10138.76;205
2021-09-20T20:00+02:00;8024.53;31407.35;9925.56;185.8
2021-09-20T21:00+02:00;8032.83;31387.62;9835.27;171.15
2021-09-20T22:00+02:00;8037.29;30558.42;9520.33;154.53
2021-09-20T23:00+02:00;8028.56;28552.18;9020.36;133.48
2021-09-21T00:00+02:00;8012.93;27395.19;8858.3;130.12
2021-09-21T01:00+02:00;8014.8;26957.75;8853.82;128.01
2021-09-21T02:00+02:00;8015.42;26580.04;9236.29;121.34
2021-09-21T03:00+02:00;8008.36;26465.58;10083.22;114.94
2021-09-21T04:00+02:00;7997.89;26809.18;10848.33;119.04
2021-09-21T05:00+02:00;7980.46;27507.74;11622.66;131.46
2021-09-21T06:00+02:00;7984.73;29068.06;12711.24;170
2021-09-21T07:00+02:00;7977.61;29852.32;13976.56;189.59
2021-09-21T08:00+02:00;8000.75;29963.15;16725.95;190
2021-09-21T09:00+02:00;8014.59;29852.35;21137.03;176.92
2021-09-21T10:00+02:00;8002.39;29307.92;26560.87;160.1
2021-09-21T11:00+02:00;7991.42;28456.71;32183.16;151.8
2021-09-21T12:00+02:00;7983.56;28442.17;34471.23;145.06
2021-09-21T13:00+02:00;7990.02;27468.9;34559.6;132.5
2021-09-21T14:00+02:00;7991.22;27514.56;33818.22;129.71
2021-09-21T15:00+02:00;7979.34;27464.04;31449.58;128.53
2021-09-21T16:00+02:00;7979.97;28120.57;27205.64;132.5
2021-09-21T17:00+02:00;7956.52;29413.66;22443.36;162.48
2021-09-21T18:00+02:00;7959.02;30321.85;18361.99;174.88
2021-09-21T19:00+02:00;7964.31;30590.99;17162.55;190
2021-09-21T20:00+02:00;7980.32;30837.32;17536.9;182.87
2021-09-21T21:00+02:00;7987.99;30236.42;18222.84;163.08
2021-09-21T22:00+02:00;8001.47;29242.86;18756.37;141.3
2021-09-21T23:00+02:00;8003.18;27812.6;18781.5;131.18
2021-09-22T00:00+02:00;8013.66;26443.01;18076.88;105.21
2021-09-22T01:00+02:00;8015.21;25853.82;17700.62;100.98
2021-09-22T02:00+02:00;8030.31;25127.59;16965.69;97.25
2021-09-22T03:00+02:00;8026.68;25067.73;16052.96;94.6
2021-09-22T04:00+02:00;8024.61;26728.56;15371.9;100.04
2021-09-22T05:00+02:00;8002.75;28104.68;14800.9;119.09
2021-09-22T06:00+02:00;8004.81;29821.53;14075.35;174.51
2021-09-22T07:00+02:00;8008.75;30497.65;14242.67;200
2021-09-22T08:00+02:00;8011.58;30436.95;17075.5;213.81
2021-09-22T09:00+02:00;8003.79;29945.58;21190.84;185.26
2021-09-22T10:00+02:00;7988.78;29769.89;25646.52;170.15
2021-09-22T11:00+02:00;7978.59;29377.65;29932.93;159.93
2021-09-22T12:00+02:00;7954.7;28578.17;32824.18;151
2021-09-22T13:00+02:00;7910.4;28408.81;34241.56;139.69
2021-09-22T14:00+02:00;7952.07;27635.81;34151.04;132.32
2021-09-22T15:00+02:00;7945.07;28258.66;32278.7;132.33
2021-09-22T16:00+02:00;7937.64;28828.17;28691.34;139.97
2021-09-22T17:00+02:00;7936.08;29337.04;23333;165.9
2021-09-22T18:00+02:00;7935.96;29627.22;18421.56;183.79
2021-09-22T19:00+02:00;7940.43;29601.16;18738.52;199.78
2021-09-22T20:00+02:00;7943.32;29537.42;20310.04;176.82
2021-09-22T21:00+02:00;7956.12;29326.84;21650.21;157.65
2021-09-22T22:00+02:00;7957.1;27313.85;22224.27;113.35
2021-09-22T23:00+02:00;7955.67;25142.92;22930.32;90.01
2021-09-23T00:00+02:00;7965.98;21622.83;22801.58;95.52
2021-09-23T01:00+02:00;7944.97;20701.12;23306.41;97.05
2021-09-23T02:00+02:00;7921.7;19641.82;24389.85;84.23
2021-09-23T03:00+02:00;7854.72;18789.36;25436.03;75.32
2021-09-23T04:00+02:00;7866.32;18697.33;26956.79;70.06
2021-09-23T05:00+02:00;7940.14;20540.96;28922.54;78.91
2021-09-23T06:00+02:00;7947.33;22700.32;31014.15;120.02
2021-09-23T07:00+02:00;7954.34;22997.61;32390.06;153.86
2021-09-23T08:00+02:00;7951.41;22860.09;36290.15;139.44
2021-09-23T09:00+02:00;7945.1;21219.54;42280.4;96.52
2021-09-23T10:00+02:00;7686.95;18841.02;49666.51;68.35
2021-09-23T11:00+02:00;7410.43;15622.88;56348.62;54.25
2021-09-23T12:00+02:00;7379.34;13519.96;59675.46;23.57
2021-09-23T13:00+02:00;7123.48;13406.57;59598.48;0.12
2021-09-23T14:00+02:00;6743.98;13304.48;58044.17;0.08
2021-09-23T15:00+02:00;6917.78;13373.16;56691.02;10.05
2021-09-23T16:00+02:00;7085.98;14596.98;52009.89;53.17
2021-09-23T17:00+02:00;7618.78;17501.2;46065.61;59.79
2021-09-23T18:00+02:00;7705;18903.11;41488.19;92.01
2021-09-23T19:00+02:00;7703.09;18861.23;40882.37;97.86
2021-09-23T20:00+02:00;7705.29;18375.15;41013.32;92.16
2021-09-23T21:00+02:00;7698.37;17830.18;40398.31;67.47
2021-09-23T22:00+02:00;7355.98;17644.4;37858.98;68.61
2021-09-23T23:00+02:00;7245.31;16860.67;36053.59;57.41
2021-09-24T00:00+02:00;7544.06;18027.7;34358.17;63.36
2021-09-24T01:00+02:00;7609.42;17020;33325.23;57.82
2021-09-24T02:00+02:00;7609.49;17038.12;32301.87;57.83
2021-09-24T03:00+02:00;7437.96;16956.25;31104.77;60.45
2021-09-24T04:00+02:00;7401.72;17534.47;29573.81;67.86
2021-09-24T05:00+02:00;7744.02;20246.88;28185.95;87.85
2021-09-24T06:00+02:00;7856.35;21947.9;26632.84;150.1
2021-09-24T07:00+02:00;7869.36;22340.67;26451.01;170.95
2021-09-24T08:00+02:00;7872.78;22726.44;29201.53;176.95
2021-09-24T09:00+02:00;7867.86;22454.63;33182.34;149.57
2021-09-24T10:00+02:00;7848.83;22382.04;37297.88;137.54
2021-09-24T11:00+02:00;7821.37;21785.29;39940.24;107.01
2021-09-24T12:00+02:00;7745.02;21972.91;42345.22;89.26
2021-09-24T13:00+02:00;7730.77;22350.63;42799.21;87.14
2021-09-24T14:00+02:00;7662.24;22118.99;42295.65;82.1
2021-09-24T15:00+02:00;7600.25;22216.85;39987.37;82.94
2021-09-24T16:00+02:00;7719.38;22906.95;35999.44;88.23
2021-09-24T17:00+02:00;7610.25;23642.87;31191.35;119.23
2021-09-24T18:00+02:00;7019.27;23869.85;26720.02;166.3
2021-09-24T19:00+02:00;6552.48;23878.56;25980.67;181.21
2021-09-24T20:00+02:00;6476.26;23921.11;27142.16;148.84
2021-09-24T21:00+02:00;6425.24;23814.82;27471.82;109.54
2021-09-24T22:00+02:00;6431.03;23393.87;27575.61;90.43
2021-09-24T23:00+02:00;6440.8;22374.63;26874.58;83.03
2021-09-25T00:00+02:00;6397.85;21918.64;25865.12;99.59
2021-09-25T01:00+02:00;6305.77;22285.31;24604.19;103.67
2021-09-25T02:00+02:00;6381.95;22081.18;23449.17;102.09
2021-09-25T03:00+02:00;6542.02;21676.08;21996.87;102.01
2021-09-25T04:00+02:00;6564.47;22374.95;20037.36;107.61
2021-09-25T05:00+02:00;6563.83;22597.64;18006.93;99.49
2021-09-25T06:00+02:00;6535.63;23192.38;17106.22;107.5
2021-09-25T07:00+02:00;6324.01;24427.81;17200.6;116.34
2021-09-25T08:00+02:00;6291.07;24953.89;19923.31;128.58
2021-09-25T09:00+02:00;6291.01;24860.29;24212.57;123.21
2021-09-25T10:00+02:00;6455.3;23930.7;28546.09;109.42
2021-09-25T11:00+02:00;6536.23;23079.25;31603.07;102.62
2021-09-25T12:00+02:00;6520.45;22801.33;32751.61;94.09
2021-09-25T13:00+02:00;6512.49;22597.14;32277.58;97.04
2021-09-25T14:00+02:00;6503.44;22479.22;30451.52;100.75
2021-09-25T15:00+02:00;6501.56;23284.37;26585.07;112.07
2021-09-25T16:00+02:00;6501.36;24251.76;20622.19;125.99
2021-09-25T17:00+02:00;6496.14;25388.31;14153.26;162.78
2021-09-25T18:00+02:00;6501.19;25821.29;9348.32;177.96
2021-09-25T19:00+02:00;6498.42;26203.12;8206.85;208.01
2021-09-25T20:00+02:00;6501.53;26634.9;8306.66;188.17
2021-09-25T21:00+02:00;6506.85;27019.19;8627.43;169.9
2021-09-25T22:00+02:00;6511.77;26897.81;9022.88;164.91
2021-09-25T23:00+02:00;6509.84;25909.04;9400.48;158.3
2021-09-26T00:00+02:00;6512.52;24701.3;9807.35;145.28
2021-09-26T01:00+02:00;6514.1;24369.83;10537.69;124.95
2021-09-26T02:00+02:00;6517.79;23458.15;11240.59;113.46
2021-09-26T03:00+02:00;6520.4;22823.38;11807.4;106.11
2021-09-26T04:00+02:00;6528.96;22471.31;12665.89;105.09
2021-09-26T05:00+02:00;6497.73;22511.51;13266.02;104.68
2021-09-26T06:00+02:00;6284.61;22880.2;13959.09;111.96
2021-09-26T07:00+02:00;6518.8;22905.41;15114.47;113.09
2021-09-26T08:00+02:00;6544.01;22798.34;18818.41;117.81
2021-09-26T09:00+02:00;6538.24;22479.42;23172.77;115.34
2021-09-26T10:00+02:00;6542.66;22629.19;27678.7;112.11
2021-09-26T11:00+02:00;6543.94;22503.74;31100.27;106.31
2021-09-26T12:00+02:00;6529.58;22219.4;32494.64;102.98
2021-09-26T13:00+02:00;6532.45;20791.31;31756.65;93.13
2021-09-26T14:00+02:00;6518.67;20752.3;29811.91;90.65
2021-09-26T15:00+02:00;6510.35;21166.64;25340.11;94.79
2021-09-26T16:00+02:00;6512.64;23090.66;19879.18;112.33
2021-09-26T17:00+02:00;6503.34;24630.1;15078.58;137.36
2021-09-26T18:00+02:00;6494.53;25262.64;12311.08;170.8
2021-09-26T19:00+02:00;6479.98;25754.27;12333.43;185.85
2021-09-26T20:00+02:00;6487.67;25747.53;13203.84;179.18
2021-09-26T21:00+02:00;6497.99;25784.49;13626.03;166.52
2021-09-26T22:00+02:00;6501.26;25552.22;13578.57;163.94
2021-09-26T23:00+02:00;6491.95;24923.31;13207.56;143.5
2021-09-27T00:00+02:00;6499.02;24753.82;13000.83;133.27
2021-09-27T01:00+02:00;6513.31;24710.04;13185.93;112.03
2021-09-27T02:00+02:00;6521.49;24131.71;13477.39;105.99
2021-09-27T03:00+02:00;6526.36;23332.61;13185.45;100
2021-09-27T04:00+02:00;6537.52;23459.81;12867.45;102.23
2021-09-27T05:00+02:00;6530.76;25905.98;12576.2;113.09
2021-09-27T06:00+02:00;6525.39;28467.96;13229.13;171.78
2021-09-27T07:00+02:00;6519.32;30175.6;14057.06;184.73
2021-09-27T08:00+02:00;6516.03;30516.08;17061.34;190.84
2021-09-27T09:00+02:00;6524.58;30737.79;21294.3;181
2021-09-27T10:00+02:00;6526.37;30518.79;26220.55;172.15
2021-09-27T11:00+02:00;6525.13;29513.07;30789.95;159.98
2021-09-27T12:00+02:00;6500.2;28941.25;34355.72;144.97
2021-09-27T13:00+02:00;6513.65;28292.63;35805.84;119.32
2021-09-27T14:00+02:00;6521.77;28231.31;34898.6;116.33
2021-09-27T15:00+02:00;6488.18;28696.86;32094.47;120.85
2021-09-27T16:00+02:00;6400.56;29693.08;27877.79;142.43
2021-09-27T17:00+02:00;6449.49;30968.83;25016.98;163.54
2021-09-27T18:00+02:00;6438.38;31327.34;23571.79;173.1
2021-09-27T19:00+02:00;6238.95;31448.84;23638.87;185.19
2021-09-27T20:00+02:00;6133.76;31291.44;22687.43;169.96
2021-09-27T21:00+02:00;6133.12;30578.85;22293.21;150
2021-09-27T22:00+02:00;6297.42;28435.92;20271.06;127.48
2021-09-27T23:00+02:00;6429.53;26261.01;19770.43;96.98
2021-09-28T00:00+02:00;6540.41;24993.98;18512.3;105.23
2021-09-28T01:00+02:00;6556.39;24968.54;17821.12;99.89
2021-09-28T02:00+02:00;6563.26;24609.82;17483.62;98.37
2021-09-28T03:00+02:00;6569.79;24605.98;16158.39;98.1
2021-09-28T04:00+02:00;6578.04;25206.73;15043.68;105.97
2021-09-28T05:00+02:00;6569.73;27745.27;14435.04;119.91
2021-09-28T06:00+02:00;6568.99;31136.15;14537.88;170.52
2021-09-28T07:00+02:00;6573.64;32844.49;14971.51;190.21
2021-09-28T08:00+02:00;6562.88;32937.48;17144.83;195.1
2021-09-28T09:00+02:00;6560.65;32908.64;20143.42;187.94
2021-09-28T10:00+02:00;6558.21;32225.79;23234.73;174.21
2021-09-28T11:00+02:00;6549.67;32020.99;25919.26;161.76
2021-09-28T12:00+02:00;6551.86;31241.54;27649.89;142.64
2021-09-28T13:00+02:00;6566.09;31023.56;28139.47;135.54
2021-09-28T14:00+02:00;6499.76;31187.79;26575.08;133.14
2021-09-28T15:00+02:00;6358.96;31414.66;23194.05;146.8
2021-09-28T16:00+02:00;6569.3;32484.57;18836.32;165
2021-09-28T17:00+02:00;6581.56;32575.95;13933.95;180.1
2021-09-28T18:00+02:00;6572.39;32726.95;10375.53;197.69
2021-09-28T19:00+02:00;6564.94;32681.95;10090.25;237.01
2021-09-28T20:00+02:00;6555.55;32009;11046.54;195.33
2021-09-28T21:00+02:00;6557.31;31409.38;12493.97;177.13
2021-09-28T22:00+02:00;6555.37;30165.41;13987.34;164.91
2021-09-28T23:00+02:00;6561.35;27060.66;15274.2;139.57
2021-09-29T00:00+02:00;6562.45;24786.05;16051.8;120.55
2021-09-29T01:00+02:00;6570.71;23604.77;16869.12;110.83
2021-09-29T02:00+02:00;6477.86;22437.69;17633.23;95.35
2021-09-29T03:00+02:00;6472.04;21570.04;18398.69;88.53
2021-09-29T04:00+02:00;6478.03;21876.41;19154.04;87.73
2021-09-29T05:00+02:00;6557.3;24753.41;20101.68;104.06
2021-09-29T06:00+02:00;6563.57;28812.43;21562.92;162.68
2021-09-29T07:00+02:00;6565.47;30135.51;22963.71;194.93
2021-09-29T08:00+02:00;6563.32;30433.32;25709.82;204.51
2021-09-29T09:00+02:00;6556.46;30032.15;28240.53;195.28
2021-09-29T10:00+02:00;6558.07;29906.61;30249.12;183.59
2021-09-29T11:00+02:00;6557.02;29300.05;33785.05;168.9
2021-09-29T12:00+02:00;6565.03;27162.44;36216.36;129.41
2021-09-29T13:00+02:00;6562.83;25260.21;37975.74;111.31
2021-09-29T14:00+02:00;6553.8;23776.81;40269.06;108.35
2021-09-29T15:00+02:00;6548.96;22781.09;39446.6;102.01
2021-09-29T16:00+02:00;6562.6;23137.65;38452.39;106.61
2021-09-29T17:00+02:00;6549.27;24001.53;36945.31;127.72
2021-09-29T18:00+02:00;6574.69;25224.24;34383.53;173.23
2021-09-29T19:00+02:00;6560.26;25750.16;35112.73;188.12
2021-09-29T20:00+02:00;6432.8;24240.87;36579.74;161.44
2021-09-29T21:00+02:00;5975.72;21544.3;38620.31;100.07
2021-09-29T22:00+02:00;5834.71;18955.31;38576.63;93.73
2021-09-29T23:00+02:00;5847.05;17640.6;38772.58;80.59
2021-09-30T00:00+02:00;5956.11;15506.44;39494.91;70.3
2021-09-30T01:00+02:00;5987.72;14575.68;39628.99;65.22
2021-09-30T02:00+02:00;6001.64;14205.17;39992.4;61.08
2021-09-30T03:00+02:00;5953.97;14419.82;39538.4;59.09
2021-09-30T04:00+02:00;5883.44;15037.38;39502;62.13
2021-09-30T05:00+02:00;5888.33;16822.96;39277.44;69.87
2021-09-30T06:00+02:00;6185.83;20843.46;38642.37;112.05
2021-09-30T07:00+02:00;6379.85;23232.59;37910.04;158.7
2021-09-30T08:00+02:00;6381.72;23695.12;40144.31;150.58
2021-09-30T09:00+02:00;6342.21;22837.62;45289.14;126.07
2021-09-30T10:00+02:00;5940.9;21403.06;50588.62;102.05
2021-09-30T11:00+02:00;5913;21504;54055.93;92.02
2021-09-30T12:00+02:00;5972.62;20078.83;55842.98;79.1
2021-09-30T13:00+02:00;5949.44;19221.62;55139.12;79.59
2021-09-30T14:00+02:00;5911.1;19200.42;51659.81;78.37
2021-09-30T15:00+02:00;5931.3;20599.2;46110.55;95.12
2021-09-30T16:00+02:00;6029.29;22878.03;39079.76;118.19
2021-09-30T17:00+02:00;6444.09;25411.55;30915.07;176.66
2021-09-30T18:00+02:00;6575.19;26274.82;25511.39;201.03
2021-09-30T19:00+02:00;6572.21;26975.89;26326.67;219.93
2021-09-30T20:00+02:00;6487.87;25828.38;27975.44;195.28
2021-09-30T21:00+02:00;6424.26;24631.98;29210.02;142.94
2021-09-30T22:00+02:00;6432.14;21827.57;29685.74;104.8
2021-09-30T23:00+02:00;6107.27;19789.73;30383.01;81.53
2021-10-01T00:00+03:00;5820.54;18668.94;31316.21;90
2021-10-01T01:00+03:00;5713.73;17616.81;32045.91;71.39
2021-10-01T02:00+02:00;5715.33;15778.66;32927.81;59.98
2021-10-01T03:00+02:00;5723.53;14685.21;33214.91;47.94
2021-10-01T04:00+02:00;5726.79;15726.7;33448.1;54.52
2021-10-01T05:00+02:00;5749.04;18591.15;33761.57;65.69
2021-10-01T06:00+02:00;6042.37;21933.41;34803.9;120.61
2021-10-01T07:00+02:00;6078.78;23803.04;35416.58;150
2021-10-01T08:00+02:00;6100.01;23502.3;38538.84;142.05
2021-10-01T09:00+02:00;6075.01;21714.95;42843.35;107.95
2021-10-01T10:00+02:00;5819.37;20221.36;48342.43;82.57
2021-10-01T11:00+02:00;5601.38;17943.94;53316.26;71.33
2021-10-01T12:00+02:00;5590.26;15839.68;56169.06;59.94
2021-10-01T13:00+02:00;5580.78;14019.52;56840.43;52.02
2021-10-01T14:00+02:00;5578.47;14098.86;55012.1;49.19
2021-10-01T15:00+02:00;5591.28;16071.94;48823.82;63.28
2021-10-01T16:00+02:00;5935.02;21055.81;40325.84;90.02
2021-10-01T17:00+02:00;6073.04;24073.34;31762.46;158.81
2021-10-01T18:00+02:00;6060.83;24386.86;27712.16;183.27
2021-10-01T19:00+02:00;6063.54;24069.58;29568.45;194.09
2021-10-01T20:00+02:00;6057.29;23370.28;31331.19;159.01
2021-10-01T21:00+02:00;6068.32;21997.09;31194.64;123.61
2021-10-01T22:00+02:00;6082.93;20985.1;29250.34;118.33
2021-10-01T23:00+02:00;6117.78;20535.26;27855;92.24
2021-10-02T00:00+02:00;6301.41;20115.78;26225.49;115.02
2021-10-02T01:00+02:00;6237.62;20038.72;24448.77;105.32
2021-10-02T02:00+02:00;6475.83;19420.63;21945.66;106.44
2021-10-02T03:00+02:00;6488.07;19246.92;19618.11;102.27
2021-10-02T04:00+02:00;6459.57;19851.97;18025.65;104.71
2021-10-02T05:00+02:00;6403.2;20350.26;17220.18;112.02
2021-10-02T06:00+02:00;6352.19;21171.7;16926.36;140
2021-10-02T07:00+02:00;6344.87;21408.09;17082.87;156.18
2021-10-02T08:00+02:00;6267.63;21047.51;19795.25;164.91
2021-10-02T09:00+02:00;6049.66;20416.94;23246.28;164.92
2021-10-02T10:00+02:00;6178.08;19513.33;28640.59;135.58
2021-10-02T11:00+02:00;6009.69;18108.27;34835.28;124.02
2021-10-02T12:00+02:00;5747.38;17031.06;39033.1;105.22
2021-10-02T13:00+02:00;5696.37;15816.15;41160.54;86.21
2021-10-02T14:00+02:00;5822.33;14646.97;39424.07;76.44
2021-10-02T15:00+02:00;5681.24;15149.04;36236.98;73.09
2021-10-02T16:00+02:00;5677.95;15977.15;31679.53;76.89
2021-10-02T17:00+02:00;5667.65;17975.22;27952.19;106.46
2021-10-02T18:00+02:00;5663.56;17860.7;28757.82;120
2021-10-02T19:00+02:00;6025.94;16818.87;35043.26;115.56
2021-10-02T20:00+02:00;6246.6;14044.62;38975.92;92.55
2021-10-02T21:00+02:00;6197.62;11118.95;40160.55;60.3
2021-10-02T22:00+02:00;6153.8;10040.55;40235.72;39.15
2021-10-02T23:00+02:00;5977.64;9924.1;40512.99;14.08
2021-10-03T00:00+02:00;5464.3;9599.51;40138.97;0.01
2021-10-03T01:00+02:00;5049.46;9443.45;38916.88;-0.03
2021-10-03T02:00+02:00;5062.21;9457.78;37608.87;-1.02
2021-10-03T03:00+02:00;5080.09;9451.55;37623.34;-1.91
2021-10-03T04:00+02:00;5125.69;9127.42;38140.54;-2.02
2021-10-03T05:00+02:00;5129.71;9146.21;38436.17;-1.03
2021-10-03T06:00+02:00;5127.81;9205.39;40392.91;-0.06
2021-10-03T07:00+02:00;5274.29;9214.07;39822.19;-0.09
2021-10-03T08:00+02:00;5421.26;9209.41;44109.96;0.1
2021-10-03T09:00+02:00;5422.46;9291.09;47079.59;2.94
2021-10-03T10:00+02:00;5432.33;9400.22;48178.66;2.33
2021-10-03T11:00+02:00;5452.97;9367.91;48684.43;12.97
2021-10-03T12:00+02:00;5449.02;9389.64;48766.02;8.04
2021-10-03T13:00+02:00;5438.18;9352.63;47413.94;4.67
2021-10-03T14:00+02:00;5432.66;9447.46;46156.38;10.02
2021-10-03T15:00+02:00;5496.87;9418.7;43565.09;40.03
2021-10-03T16:00+02:00;5544.32;10940.26;41240.08;55.17
2021-10-03T17:00+02:00;5565.72;13358.68;37875.06;108.55
2021-10-03T18:00+02:00;5628.62;14641.16;36584.82;127.59
2021-10-03T19:00+02:00;5645.7;16130.86;35962.9;153.84
2021-10-03T20:00+02:00;5638.97;16174.84;33846.28;136.42
2021-10-03T21:00+02:00;5641.23;15222.24;32353.94;120.08
2021-10-03T22:00+02:00;5642.22;14391.37;31433;119.7
2021-10-03T23:00+02:00;5665.78;14009.09;30151.61;86.81
2021-10-04T00:00+02:00;5591.8;13841.45;28173.5;74.2
2021-10-04T01:00+02:00;5605.05;13325.85;25880.94;71.13
2021-10-04T02:00+02:00;5659.51;13146.73;23973.8;70.45
2021-10-04T03:00+02:00;5660.09;14414.12;22472.91;67.34
2021-10-04T04:00+02:00;5626.66;16250.2;21549.26;67.3
2021-10-04T05:00+02:00;5648.4;20347.07;20616.51;90.2
2021-10-04T06:00+02:00;6069.14;25229.64;20699.54;180.48
2021-10-04T07:00+02:00;6295.76;27122.54;20570.3;217.1
2021-10-04T08:00+02:00;6450.32;27888.76;22080.21;221.99
2021-10-04T09:00+02:00;6581.23;28377.21;24149.09;213.6
2021-10-04T10:00+02:00;6584.17;28248.7;24962.59;199.17
2021-10-04T11:00+02:00;6589.38;28157.99;25195.27;193.65
2021-10-04T12:00+02:00;6587.14;28216.41;26562;169.42
2021-10-04T13:00+02:00;6561.95;27954.39;29020.91;163.93
2021-10-04T14:00+02:00;6559.6;27676.45;30116.07;150.35
2021-10-04T15:00+02:00;6516.35;27162.61;29280.65;154.98
2021-10-04T16:00+02:00;6310.29;27402.73;26071.56;180
2021-10-04T17:00+02:00;6152.96;27770.37;21773.92;197.06
2021-10-04T18:00+02:00;6142.28;28044.17;19737.26;212.58
2021-10-04T19:00+02:00;6138.94;28008.19;20663.54;230
2021-10-04T20:00+02:00;6139.83;27928.45;21783.66;207.2
2021-10-04T21:00+02:00;6226.7;27111.37;22043.63;170.6
2021-10-04T22:00+02:00;6346.64;25916.98;21492.91;159.07
2021-10-04T23:00+02:00;6527.39;24431.85;21056.78;133.1
2021-10-05T00:00+02:00;6587;22237.72;19965.85;121.65
2021-10-05T01:00+02:00;6588.67;21237.43;19028.95;112.4
2021-10-05T02:00+02:00;6580.82;20028.73;18462.62;100.38
2021-10-05T03:00+02:00;6585.43;20093.65;17843.88;94.58
2021-10-05T04:00+02:00;6588.1;20261.91;17423.83;94.91
2021-10-05T05:00+02:00;6584.62;21951.45;17797;110.96
2021-10-05T06:00+02:00;6583.79;25064.89;18346.6;168.12
2021-10-05T07:00+02:00;6601.94;26153.67;18820.06;217.61
2021-10-05T08:00+02:00;6613.64;26217.86;19911.18;229.05
2021-10-05T09:00+02:00;6617.46;26189.19;21394.52;217.54
2021-10-05T10:00+02:00;6611.21;26128.49;23206.08;204.04
2021-10-05T11:00+02:00;6607.95;26056.7;26206.89;194.92
2021-10-05T12:00+02:00;6605.42;25664.99;29303.11;180.71
2021-10-05T13:00+02:00;6602.45;25233.08;30420.74;162.18
2021-10-05T14:00+02:00;6598.13;25232.93;31030.48;155
2021-10-05T15:00+02:00;6581.64;25295.28;30126.91;155.31
2021-10-05T16:00+02:00;6567.41;25400.24;28866.88;159.55
2021-10-05T17:00+02:00;6564.99;25529.09;27344.73;182.9
2021-10-05T18:00+02:00;6566.36;25739.41;26588.7;206.98
2021-10-05T19:00+02:00;6575.66;25919.88;28763.9;217.54
2021-10-05T20:00+02:00;6579.24;25373.13;29955.51;185.92
2021-10-05T21:00+02:00;6595.64;23686.97;29350.99;141.03
2021-10-05T22:00+02:00;6595.29;22120.56;28758.4;120.18
2021-10-05T23:00+02:00;6469.58;20352.07;29697.53;100.03
2021-10-06T00:00+02:00;6412.16;18326.42;29412.04;80.99
2021-10-06T01:00+02:00;6427.59;17090.67;28927.84;74.98
2021-10-06T02:00+02:00;6460.03;16019.04;28846.12;70.66
2021-10-06T03:00+02:00;6464;15069.61;29182.21;60.41
2021-10-06T04:00+02:00;6456.21;16264.27;29358.34;60.48
2021-10-06T05:00+02:00;6444.18;18996.78;30119.05;77.19
2021-10-06T06:00+02:00;6445.7;22481.66;30367.6;148.9
2021-10-06T07:00+02:00;6591.22;25047.78;29344.1;220
2021-10-06T08:00+02:00;6597.97;25699.96;29811.76;248.03
2021-10-06T09:00+02:00;6598.54;25459.3;32124.17;240.12
2021-10-06T10:00+02:00;6596.99;25468.89;36196.1;212.02
2021-10-06T11:00+02:00;6599.65;25186.12;37678.4;205.5
2021-10-06T12:00+02:00;6597.46;25274.83;36259.92;200
2021-10-06T13:00+02:00;6598.07;25094.06;34579.45;193.43
2021-10-06T14:00+02:00;6605.93;25157;32122.35;194.2
2021-10-06T15:00+02:00;6598.53;25701.52;28690.95;195.63
2021-10-06T16:00+02:00;6576.2;26822.4;23770.59;213.91
2021-10-06T17:00+02:00;6569.9;27744.02;18317.92;248.06
2021-10-06T18:00+02:00;6564.51;28536.69;14788.95;252.62
2021-10-06T19:00+02:00;6569.19;28856.45;14307.18;290.97
2021-10-06T20:00+02:00;6581.2;28699.19;13880.13;260
2021-10-06T21:00+02:00;6604.89;28196.53;13522.93;244.98
2021-10-06T22:00+02:00;6605.41;27834.38;12599.23;220.19
2021-10-06T23:00+02:00;6612.04;27408.9;11472.83;205.7
2021-10-07T00:00+02:00;6606.77;27619.24;10623.21;261
2021-10-07T01:00+02:00;6605.07;27706.85;10078.97;252.86
2021-10-07T02:00+02:00;6608.89;27397.57;9449.71;250
2021-10-07T03:00+02:00;6611.41;27702.28;8842.56;236.86
2021-10-07T04:00+02:00;6610.49;28703.18;8348.83;241.88
2021-10-07T05:00+02:00;6609.53;30414;8139.25;264.31
2021-10-07T06:00+02:00;6612.83;32067.51;8202.47;310.05
2021-10-07T07:00+02:00;6610.72;32849.02;8435.07;356.09
2021-10-07T08:00+02:00;6612.75;32896.39;11031.52;393.1
2021-10-07T09:00+02:00;6615.23;32754.47;15761.87;352.55
2021-10-07T10:00+02:00;6606.65;32728.6;20630.64;300
2021-10-07T11:00+02:00;6596.61;32304.53;24326.02;299.92
2021-10-07T12:00+02:00;6592.87;32116.92;26362.61;296.41
2021-10-07T13:00+02:00;6594.02;32162.95;26427.02;287
2021-10-07T14:00+02:00;6595.08;31950.85;24466.66;280.02
2021-10-07T15:00+02:00;6595.99;31970.74;21025.41;280
2021-10-07T16:00+02:00;6588.84;32548.75;16923.56;298.94
2021-10-07T17:00+02:00;6588.29;32892.55;12370.94;317.58
2021-10-07T18:00+02:00;6595.45;33642.93;9618.08;350.52
2021-10-07T19:00+02:00;6597.58;33706.98;9677.05;442.9
2021-10-07T20:00+02:00;6593.6;33167.14;10144.75;319.03
2021-10-07T21:00+02:00;6591.9;32293.94;10700.4;300
2021-10-07T22:00+02:00;6594.78;31591.38;11111.82;298.91
2021-10-07T23:00+02:00;6591.43;30249.41;11373.46;270.7
2021-10-08T00:00+02:00;6599.19;28630.03;11616.34;176.61
2021-10-08T01:00+02:00;6601.26;28201.67;11920.76;167.36
2021-10-08T02:00+02:00;6605.11;27777.89;12016.88;164.35
2021-10-08T03:00+02:00;6606.79;27588.43;11753.15;160.08
2021-10-08T04:00+02:00;6607;28133.22;11577.65;162.74
2021-10-08T05:00+02:00;6607.02;29433.07;11527.03;174.12
2021-10-08T06:00+02:00;6609.94;31340.68;11570.81;233.46
2021-10-08T07:00+02:00;6616.26;32420.93;12052.02;269.4
2021-10-08T08:00+02:00;6625.3;32656.36;13862.72;291.42
2021-10-08T09:00+02:00;6623.76;32583.55;17539.79;260
2021-10-08T10:00+02:00;6610.42;31934.12;22039.87;230.24
2021-10-08T11:00+02:00;6600.21;30605.45;26446.09;211.32
2021-10-08T12:00+02:00;6593.05;29587.75;29969.71;192.6
2021-10-08T13:00+02:00;6593.31;28737.49;31050.94;169.6
2021-10-08T14:00+02:00;6594.8;28321.35;29901.36;160.5
2021-10-08T15:00+02:00;6591.47;28872.69;26968.39;164.72
2021-10-08T16:00+02:00;6579.35;29500.79;22332.65;192.3
2021-10-08T17:00+02:00;6576.53;30781.83;17013.85;229.02
2021-10-08T18:00+02:00;6567.59;30988.09;15421.35;252.81
2021-10-08T19:00+02:00;6570.6;31117.6;18318.54;269.7
2021-10-08T20:00+02:00;6576.06;30420.89;21207.27;235.67
2021-10-08T21:00+02:00;6582.93;28468.57;22449.21;194.21
2021-10-08T22:00+02:00;6586.62;26551.23;22203.66;181.2
2021-10-08T23:00+02:00;6587.28;24227.17;21534.2;150
2021-10-09T00:00+02:00;6587.25;20839.74;20380.88;138.18
2021-10-09T01:00+02:00;6593.45;20377.74;19341.84;120.28
2021-10-09T02:00+02:00;6603.34;20411.15;18183.16;122.12
2021-10-09T03:00+02:00;6598.99;20869.06;17250.43;135.11
2021-10-09T04:00+02:00;6605.51;21195.52;16690.86;140
2021-10-09T05:00+02:00;6617.23;21479.3;16922.73;137.33
2021-10-09T06:00+02:00;6623.13;21794.1;17443.64;137.15
2021-10-09T07:00+02:00;6622.41;22659.26;18220.42;167.91
2021-10-09T08:00+02:00;6625.28;22648.8;21945.26;183.27
2021-10-09T09:00+02:00;6628.12;22725.71;26683.59;160.44
2021-10-09T10:00+02:00;6628.87;21964.97;31925.7;124
2021-10-09T11:00+02:00;6584.69;20865.46;37961.51;100.81
2021-10-09T12:00+02:00;6254.6;19210.17;42054.59;78.7
2021-10-09T13:00+02:00;6111.27;18963.76;42156.86;70.44
2021-10-09T14:00+02:00;6113.92;18965.11;39026.92;70.5
2021-10-09T15:00+02:00;6144.29;19948.72;34051.83;93.82
2021-10-09T16:00+02:00;6489.92;22163.87;26796.53;137.52
2021-10-09T17:00+02:00;6596.01;24164.63;19053.21;200
2021-10-09T18:00+02:00;6590.37;24522.94;16925.09;229.2
2021-10-09T19:00+02:00;6596.33;24540.49;21144.19;239.22
2021-10-09T20:00+02:00;6589.63;23483.12;24211.67;183.22
2021-10-09T21:00+02:00;6507.38;22011.85;25075.1;138.86
2021-10-09T22:00+02:00;6498.91;20815.14;24678.97;129.71
2021-10-09T23:00+02:00;6473.25;20490.37;23494.87;110.01
2021-10-10T00:00+02:00;6582.59;20092.6;21589.02;135.35
2021-10-10T01:00+02:00;6611.38;20448.83;19016.42;132.2
2021-10-10T02:00+02:00;6610.98;20894.25;17076.26;122.11
2021-10-10T03:00+02:00;6624.13;21325.13;15366.1;119.41
2021-10-10T04:00+02:00;6630.48;21450.22;13876.17;118.88
2021-10-10T05:00+02:00;6629.07;22185.91;13098.15;120.88
2021-10-10T06:00+02:00;6632.33;23191.82;12470.88;140.5
2021-10-10T07:00+02:00;6627.66;23485.16;12249.08;163.99
2021-10-10T08:00+02:00;6628.4;23605.77;16122.25;169.11
2021-10-10T09:00+02:00;6636.75;23251.42;22650.44;151.68
2021-10-10T10:00+02:00;6647.49;22215.07;28147.87;127.69
2021-10-10T11:00+02:00;6623.99;21453.12;32545.65;119.52
2021-10-10T12:00+02:00;6228.08;20524.89;35196.51;96.07
2021-10-10T13:00+02:00;6120.85;19942.17;35677.49;86.3
2021-10-10T14:00+02:00;6117.64;19534.55;33164.56;69.22
2021-10-10T15:00+02:00;6121.16;19648.07;28348.26;89.82
2021-10-10T16:00+02:00;6307.23;21472.6;21420.7;123.85
2021-10-10T17:00+02:00;6572.38;23966.09;13843.75;165.29
2021-10-10T18:00+02:00;6612.38;25222.97;11218.91;216.06
2021-10-10T19:00+02:00;6604.41;25292.39;13003.77;240.57
2021-10-10T20:00+02:00;6608.65;25466.96;15082.03;221.7
2021-10-10T21:00+02:00;6604.41;24724.08;16625.25;195
2021-10-10T22:00+02:00;6603.52;24853.22;16589.04;179.72
2021-10-10T23:00+02:00;6605.92;24294.05;17003.4;159.16
2021-10-11T00:00+02:00;6615.67;22997.03;17351.7;149.14
2021-10-11T01:00+02:00;6617.02;22793.04;18359.52;141.51
2021-10-11T02:00+02:00;6521.45;22481.26;18789.16;123.55
2021-10-11T03:00+02:00;6466.66;22411.33;18925.4;113.68
2021-10-11T04:00+02:00;6530.8;23340.91;19125.33;118.6
2021-10-11T05:00+02:00;6429.81;25862.83;18804.47;146.16
2021-10-11T06:00+02:00;6380.02;28081.5;18972.97;200
2021-10-11T07:00+02:00;6371.39;29140.25;19501.01;252.46
2021-10-11T08:00+02:00;6390.55;29320.35;21875.77;260.02
2021-10-11T09:00+02:00;6378.95;29546.99;25699.99;237.02
2021-10-11T10:00+02:00;6321.29;29503.16;29550.98;213.94
2021-10-11T11:00+02:00;6283.73;29474.24;34256.07;180.28
2021-10-11T12:00+02:00;6222.75;29019.29;37994.78;133.19
2021-10-11T13:00+02:00;6216.33;28078.77;39478.23;109.32
2021-10-11T14:00+02:00;6201.79;27119.05;38122.57;101.4
2021-10-11T15:00+02:00;6268.34;27968.39;35362.59;121.06
2021-10-11T16:00+02:00;6428.93;29155.41;30807.06;145.07
2021-10-11T17:00+02:00;6530.88;29731.29;26600.43;192.13
2021-10-11T18:00+02:00;6618.54;30040.07;24956.93;228.11
2021-10-11T19:00+02:00;6586.55;30087.33;25870.18;240.57
2021-10-11T20:00+02:00;6586.3;29947.86;26893.08;229.24
2021-10-11T21:00+02:00;6589.74;29081.68;27230.8;175.47
2021-10-11T22:00+02:00;6593.69;26929.23;26525.92;119.68
2021-10-11T23:00+02:00;6592.31;25045.71;26207.36;96.58
2021-10-12T00:00+02:00;6508.13;23668.8;26259.68;100.37
2021-10-12T01:00+02:00;6342.9;23484.5;25553.64;94.85
2021-10-12T02:00+02:00;6323.22;22949.11;25252.97;85.9
2021-10-12T03:00+02:00;6324.73;23207.99;25288.23;90
2021-10-12T04:00+02:00;6378.91;24085.28;25563.99;93.36
2021-10-12T05:00+02:00;6375.62;26382.4;25915.81;110.3
2021-10-12T06:00+02:00;6408.16;28978.22;25987.65;143
2021-10-12T07:00+02:00;6559.72;31195.71;26149.99;215.42
2021-10-12T08:00+02:00;6627.71;31963.05;25944.93;236.21
2021-10-12T09:00+02:00;6622.87;32278.6;26775;237.18
2021-10-12T10:00+02:00;6621.07;32275.56;28634.59;220
2021-10-12T11:00+02:00;6627;32109.76;30931.19;208.94
2021-10-12T12:00+02:00;6630.08;31310.32;32629.5;174.59
2021-10-12T13:00+02:00;6632.98;30658.37;33308.24;151.24
2021-10-12T14:00+02:00;6642.21;30513.71;33240.78;139.95
2021-10-12T15:00+02:00;6645.26;30648.38;31605.96;139.44
2021-10-12T16:00+02:00;6638.42;31379.09;28527.13;149.36
2021-10-12T17:00+02:00;6641.66;31701.38;23772.49;200
2021-10-12T18:00+02:00;6644.73;32357.95;21787.46;235.44
2021-10-12T19:00+02:00;6641.01;32544.18;21652.94;248.08
2021-10-12T20:00+02:00;6629.4;32451.63;21481.09;226.74
2021-10-12T21:00+02:00;6638.38;31776.87;21135.94;193.2
2021-10-12T22:00+02:00;6637.58;30475.29;20091.51;184.68
2021-10-12T23:00+02:00;6639.42;29197.93;19567.24;140.11
2021-10-13T00:00+02:00;6626.42;28171.51;18707.19;151.93
2021-10-13T01:00+02:00;6626.9;28121.65;17657.87;152.01
2021-10-13T02:00+02:00;6628.74;28150.54;16949.41;140.07
2021-10-13T03:00+02:00;6610.96;27819.83;17045.76;132.43
2021-10-13T04:00+02:00;6610.36;27989.14;16901.78;135
2021-10-13T05:00+02:00;6541.43;30156.81;16984.83;151.45
2021-10-13T06:00+02:00;6622.59;32714.34;17246.19;196.17
2021-10-13T07:00+02:00;6669.46;34120.54;17984.58;229.3
2021-10-13T08:00+02:00;6675.61;34624.65;19062.26;250.59
2021-10-13T09:00+02:00;6667.55;34768.38;21338.33;238.97
2021-10-13T10:00+02:00;6663.94;34796.95;24278.52;211.31
2021-10-13T11:00+02:00;6655.66;34625.08;27666.42;195.56
2021-10-13T12:00+02:00;6649.75;33719.56;30153.34;189.75
2021-10-13T13:00+02:00;6652.71;33312.64;30799.52;168.74
2021-10-13T14:00+02:00;6644.84;33534.61;29246.91;165.42
2021-10-13T15:00+02:00;6636.38;33590.56;26723.92;167.6
2021-10-13T16:00+02:00;6642.74;33923.94;22506.17;189.9
2021-10-13T17:00+02:00;6642.54;34921.55;17900.56;213.96
2021-10-13T18:00+02:00;6642.85;35391.13;16840.37;246.99
2021-10-13T19:00+02:00;6634.74;35295.06;18662.54;287.31
2021-10-13T20:00+02:00;6634.52;33839.7;19791.1;235
2021-10-13T21:00+02:00;6621.41;32621.06;20927.31;199.07
2021-10-13T22:00+02:00;6627.07;30761.14;21276.01;153.18
2021-10-13T23:00+02:00;6629.73;27729.56;20784.58;116.12
2021-10-14T00:00+02:00;6743.08;26515.61;19813.34;146.69
2021-10-14T01:00+02:00;7011.1;26021.56;19801.59;131.83
2021-10-14T02:00+02:00;7078.57;25511.41;20556.95;132.46
2021-10-14T03:00+02:00;7302.35;24853.88;21469.94;110
2021-10-14T04:00+02:00;7403.84;25337.8;21231.31;116.61
2021-10-14T05:00+02:00;7400.01;27688.75;21640.53;140.99
2021-10-14T06:00+02:00;7454.38;30699.05;22168.22;209
2021-10-14T07:00+02:00;7693.49;32632.4;22953.62;235.05
2021-10-14T08:00+02:00;7691.31;32897.61;23503.01;260
2021-10-14T09:00+02:00;7662.4;32887.41;25535.63;245
2021-10-14T10:00+02:00;7619.18;32794.75;28687.8;222.55
2021-10-14T11:00+02:00;7550.92;31732.06;31954.33;198.3
2021-10-14T12:00+02:00;7486.54;30192.39;34205.82;189.93
2021-10-14T13:00+02:00;7565.9;29361.14;35151.15;164
2021-10-14T14:00+02:00;7527.87;29043.59;34849.16;144.55
2021-10-14T15:00+02:00;7605.67;29154.49;34323.76;144.27
2021-10-14T16:00+02:00;7662.97;29694.81;32204.37;151.92
2021-10-14T17:00+02:00;7760.92;30646.95;29534.61;199.13
2021-10-14T18:00+02:00;7798.2;31455.94;29026.94;221.73
2021-10-14T19:00+02:00;7707.34;31536.78;30242.01;219.73
2021-10-14T20:00+02:00;7673.74;29756.03;31220.18;149.8
2021-10-14T21:00+02:00;7642.44;26642.41;32131.65;116.63
2021-10-14T22:00+02:00;7669.78;24061.82;31951.52;107.43
2021-10-14T23:00+02:00;7682.25;21721.71;32551.79;69.82
2021-10-15T00:00+02:00;7720.6;19268.65;33181.73;67.22
2021-10-15T01:00+02:00;7663.35;18987.49;33398.38;56.55
2021-10-15T02:00+02:00;7624.06;18524.85;33466.12;49.42
2021-10-15T03:00+02:00;7624.7;18391.07;34009.3;48.93
2021-10-15T04:00+02:00;7623.52;18828.86;35138.32;56.51
2021-10-15T05:00+02:00;7627.4;20577.72;35306.48;67.21
2021-10-15T06:00+02:00;7607.6;22806.93;36963.98;98.2
2021-10-15T07:00+02:00;7618.72;24949.19;38029.26;165.01
2021-10-15T08:00+02:00;7621.78;25055.91;40417.37;156.02
2021-10-15T09:00+02:00;7589.6;23688.35;43802.34;105.11
2021-10-15T10:00+02:00;7623.35;22260.83;46320.8;84.06
2021-10-15T11:00+02:00;7638.64;21748.98;48636.96;72.19
2021-10-15T12:00+02:00;7659.08;21077.3;49649.59;67.97
2021-10-15T13:00+02:00;7675.31;20586.63;47883.35;56.49
2021-10-15T14:00+02:00;7711.03;21374.25;44383.58;62.63
2021-10-15T15:00+02:00;7693;23888.79;39583.63;81.57
2021-10-15T16:00+02:00;7763.73;25730.2;33726.6;123.6
2021-10-15T17:00+02:00;7897.83;27727.22;26605.22;195.66
2021-10-15T18:00+02:00;8002;27823.17;23677.89;239.93
2021-10-15T19:00+02:00;7978.36;27804.74;23815.92;249.22
2021-10-15T20:00+02:00;7874.41;27645.13;23189.08;208.64
2021-10-15T21:00+02:00;7851.36;27176.75;22913.13;198.52
2021-10-15T22:00+02:00;7833.27;26469.62;21614.83;171.43
2021-10-15T23:00+02:00;7758.57;25478.29;20323.27;117.55
2021-10-16T00:00+02:00;7788.6;24985.2;18983.32;127.04
2021-10-16T01:00+02:00;7785.19;25285.2;18012.76;126.22
2021-10-16T02:00+02:00;7768.87;25364.2;17221.44;138.16
2021-10-16T03:00+02:00;7771.04;25271.17;16983.59;135.75
2021-10-16T04:00+02:00;7769.52;25999.56;16544.66;139.02
2021-10-16T05:00+02:00;7778.28;26235.44;16348.87;140.3
2021-10-16T06:00+02:00;7832.69;26732.15;16132.45;134.67
2021-10-16T07:00+02:00;7880.15;27163.67;15829.55;182.43
2021-10-16T08:00+02:00;7963.79;26827.2;17643.21;189.91
2021-10-16T09:00+02:00;7973.2;26923.35;20713.15;184.18
2021-10-16T10:00+02:00;7965.56;26577.01;24824.47;194.95
2021-10-16T11:00+02:00;7961.82;25495.72;28731.46;120.01
2021-10-16T12:00+02:00;7949.23;23599.71;31543.17;102.83
2021-10-16T13:00+02:00;7943.65;23151.88;32387.54;88.63
2021-10-16T14:00+02:00;7922.6;23059.02;30159.99;83.92
2021-10-16T15:00+02:00;7916.59;23579.43;26816.94;96.84
2021-10-16T16:00+02:00;7825.57;25925.05;21942.8;135.79
2021-10-16T17:00+02:00;7820.07;27116.09;17347.63;202.52
2021-10-16T18:00+02:00;7786.06;27340.35;14480.72;235.09
2021-10-16T19:00+02:00;7788.4;27897.03;15696.27;253.06
2021-10-16T20:00+02:00;7787.36;28243.83;17084.25;231.94
2021-10-16T21:00+02:00;7782.6;27672.82;17930.86;200.34
2021-10-16T22:00+02:00;7775.29;27398.08;18034.06;187.94
2021-10-16T23:00+02:00;7776.37;25615.14;18912.88;131.1
2021-10-17T00:00+02:00;7782.81;23774.53;19421.2;106.89
2021-10-17T01:00+02:00;7780.81;23153.67;19391.73;107.67
2021-10-17T02:00+02:00;7778.53;22923.6;18603.99;103.73
2021-10-17T03:00+02:00;7786.49;22876.77;17384.56;108.09
2021-10-17T04:00+02:00;7785.52;23883.69;16255.1;110.42
2021-10-17T05:00+02:00;7793.97;24594.67;15934.41;116.68
2021-10-17T06:00+02:00;7804.47;24777.6;15760.97;112.13
2021-10-17T07:00+02:00;7805.08;24984.4;16071.72;118.08
2021-10-17T08:00+02:00;7806.71;25854.79;16857.36;170.87
2021-10-17T09:00+02:00;7804.67;26387.64;19033.75;178.1
2021-10-17T10:00+02:00;7918.03;26294.18;21279.53;166.76
2021-10-17T11:00+02:00;8047.37;26208.46;23487.7;134.92
2021-10-17T12:00+02:00;8041.15;25787.72;25493.43;123.17
2021-10-17T13:00+02:00;8030.25;25144.08;26409.51;106.57
2021-10-17T14:00+02:00;8026.69;24631.76;25257.91;101.39
2021-10-17T15:00+02:00;8024.2;25380.01;22407.15;112.8
2021-10-17T16:00+02:00;8019.03;26171.31;18841.79;123.85
2021-10-17T17:00+02:00;8017.17;26762.02;16015.05;182.5
2021-10-17T18:00+02:00;8016.83;26807.01;15294.46;216
2021-10-17T19:00+02:00;8020.71;26986.03;16333.31;238.29
2021-10-17T20:00+02:00;8018.45;26940.27;17657.39;206.09
2021-10-17T21:00+02:00;8005.91;26771.9;17714.14;158.36
2021-10-17T22:00+02:00;7991.27;26207.22;17348.9;175.5
2021-10-17T23:00+02:00;7994.05;25348.68;16815.78;132.88
2021-10-18T00:00+02:00;7982.38;24759.28;16860.88;114.35
2021-10-18T01:00+02:00;7976.04;24888.72;17271.31;118.04
2021-10-18T02:00+02:00;7984.56;24454.1;16964.98;108.79
2021-10-18T03:00+02:00;7978.01;24536.35;16745.06;109.84
2021-10-18T04:00+02:00;7979.76;25500.69;16731.41;118
2021-10-18T05:00+02:00;7987.64;27002.45;16513.72;156.82
2021-10-18T06:00+02:00;7994.26;29020.97;16470.77;216.6
2021-10-18T07:00+02:00;7998.13;30464.31;16850.44;258.13
2021-10-18T08:00+02:00;8004.86;31210.9;18179.26;268.32
2021-10-18T09:00+02:00;8006.11;31984.07;21363.66;250.5
2021-10-18T10:00+02:00;7999.36;31820.82;23970.18;216
2021-10-18T11:00+02:00;7996.15;31800.89;26265.25;199.27
2021-10-18T12:00+02:00;7988.82;31445.66;29305.11;180
2021-10-18T13:00+02:00;7991.13;31203.54;30260.92;166.79
2021-10-18T14:00+02:00;7962.82;30521.65;29851.81;173.74
2021-10-18T15:00+02:00;7997.52;30575.71;25854.52;190.98
2021-10-18T16:00+02:00;7994.33;31058.22;20597.64;208.7
2021-10-18T17:00+02:00;7915.48;31568.86;16458.49;229.97
2021-10-18T18:00+02:00;7818.45;31691.09;16478.21;252.97
2021-10-18T19:00+02:00;7811.58;31592.49;18889.04;262.12
2021-10-18T20:00+02:00;7782.26;30713.65;21601.33;214
2021-10-18T21:00+02:00;7810.59;27878.72;23028.98;206
2021-10-18T22:00+02:00;7814.81;26253.83;23306.06;181.42
2021-10-18T23:00+02:00;7818.4;25403.25;22634.57;151.97
2021-10-19T00:00+02:00;7817.79;24123.45;22699.68;113.47
2021-10-19T01:00+02:00;7833.91;23247.73;22240.7;106.28
2021-10-19T02:00+02:00;7829.98;23157.98;21748.35;102.05
2021-10-19T03:00+02:00;7825.23;23202.54;21799.79;92.12
2021-10-19T04:00+02:00;7854.98;23696.82;22477.09;97.17
2021-10-19T05:00+02:00;7956.45;25319.05;22845.29;114.97
2021-10-19T06:00+02:00;8026.64;27701.2;23909.97;165.1
2021-10-19T07:00+02:00;8023.99;29144.92;25005.87;215.9
2021-10-19T08:00+02:00;8023.37;29655.46;26572.03;235.68
2021-10-19T09:00+02:00;8016.38;29708.59;28739.62;224.7
2021-10-19T10:00+02:00;8012.24;29986.13;29856.09;214.55
2021-10-19T11:00+02:00;7992.07;30169.96;31876.29;199.42
2021-10-19T12:00+02:00;7976.02;29462;33412.21;199.64
2021-10-19T13:00+02:00;7908.97;28964.29;33990.04;188.69
2021-10-19T14:00+02:00;7771.75;28180.64;33999.8;182
2021-10-19T15:00+02:00;7750.66;28145.01;33596;171.6
2021-10-19T16:00+02:00;7750.6;28411.15;33121.94;172.09
2021-10-19T17:00+02:00;7750.68;28527.38;33033.42;183.27
2021-10-19T18:00+02:00;7744.29;28282.08;34457.36;184.8
2021-10-19T19:00+02:00;7709.75;26686.65;36472.2;166.13
2021-10-19T20:00+02:00;7631.05;23782.64;38018.27;137.92
2021-10-19T21:00+02:00;7564.72;21149.13;39856.51;94.98
2021-10-19T22:00+02:00;7570.9;18823.16;39781.15;69.37
2021-10-19T23:00+02:00;7581.42;16082.84;39771.05;51.02
2021-10-20T00:00+02:00;7756.37;12564.99;39896.26;14.39
2021-10-20T01:00+02:00;7880.06;11816.49;39055.02;5.65
2021-10-20T02:00+02:00;7839.59;11775.2;39262.07;4.12
2021-10-20T03:00+02:00;7809.68;11035.71;38963.47;0.09
2021-10-20T04:00+02:00;7835.13;11072.96;39013.22;0.15
2021-10-20T05:00+02:00;7886.28;12017.6;40856.07;14.07
2021-10-20T06:00+02:00;7801.76;14982.67;43997.89;62.95
2021-10-20T07:00+02:00;7700.61;16084.71;44180.95;132.17
2021-10-20T08:00+02:00;7684.39;16599.97;45789.3;130.53
2021-10-20T09:00+02:00;7692.24;16453.69;50482.18;98.43
2021-10-20T10:00+02:00;7676.82;16089.62;55404.68;61.32
2021-10-20T11:00+02:00;7662.16;15246.16;59191.77;56.08
2021-10-20T12:00+02:00;7740.28;13490.84;60786.47;48.09
2021-10-20T13:00+02:00;7676.62;13347.1;59409.57;44.06
2021-10-20T14:00+02:00;7613.35;14066.67;56861.74;52.21
2021-10-20T15:00+02:00;7631.1;15935.64;55114.12;56.76
2021-10-20T16:00+02:00;7661.57;16500.56;51797.01;61.32
2021-10-20T17:00+02:00;7643.95;16664.74;49363.92;89.99
2021-10-20T18:00+02:00;7527.61;16525.2;47533.26;113.51
2021-10-20T19:00+02:00;7501.88;16463.76;46569.42;118.44
2021-10-20T20:00+02:00;7573.02;16172;46459.89;87.89
2021-10-20T21:00+02:00;7195.39;15853.36;45750.79;73.87
2021-10-20T22:00+02:00;7074.69;15369.73;43154.64;64.27
2021-10-20T23:00+02:00;7071.16;14477.53;41148.01;52.29
2021-10-21T00:00+02:00;7017.44;13910.64;39566.33;30.04
2021-10-21T01:00+02:00;6999.07;13066.38;38881.83;30.17
2021-10-21T02:00+02:00;6969.61;12195.37;37090.91;18.97
2021-10-21T03:00+02:00;6973.68;12054.61;36218.81;18.8
2021-10-21T04:00+02:00;6973.94;12194.65;38267.6;29.14
2021-10-21T05:00+02:00;6951.71;12753.65;41860.56;47.74
2021-10-21T06:00+02:00;6956.83;14992.66;47515.13;77.1
2021-10-21T07:00+02:00;6947.89;15817.69;49890.92;104.74
2021-10-21T08:00+02:00;6950.61;15992.6;50815.7;108.08
2021-10-21T09:00+02:00;6933.79;15958.85;53392.44;103.42
2021-10-21T10:00+02:00;6961.84;15696.96;57050.57;89.66
2021-10-21T11:00+02:00;6945.69;15346.8;61109.21;77.05
2021-10-21T12:00+02:00;6941.2;13588;63490.53;52.28
2021-10-21T13:00+02:00;6940.06;12033.58;64129.66;30
2021-10-21T14:00+02:00;6928.05;11613.11;63488.83;18.9
2021-10-21T15:00+02:00;6960.21;11954.33;60080.33;30.02
2021-10-21T16:00+02:00;6964.02;14036.72;54773.08;49.04
2021-10-21T17:00+02:00;6967.5;16093.43;49209.72;64.91
2021-10-21T18:00+02:00;6966.63;16518.18;47098.73;100.37
2021-10-21T19:00+02:00;6980.88;17074.09;44197.25;118.21
2021-10-21T20:00+02:00;6987.53;16555.95;41657.31;88.08
2021-10-21T21:00+02:00;6978.62;16932.56;40896.23;70.08
2021-10-21T22:00+02:00;6981.77;16953.15;39178.81;65.17
2021-10-21T23:00+02:00;6980.63;16437.39;38272.07;54.11
2021-10-22T00:00+02:00;6950.32;15495.25;37658.18;63.42
2021-10-22T01:00+02:00;6950.25;15193.11;37435.95;60.45
2021-10-22T02:00+02:00;6946.81;14426.33;37810.04;55.11
2021-10-22T03:00+02:00;6950.12;14354.85;38323.87;52.64
2021-10-22T04:00+02:00;6950.72;14839.64;38945.16;61.58
2021-10-22T05:00+02:00;6943.74;15596.05;40062.76;73.05
2021-10-22T06:00+02:00;6936.43;16660.4;42661.27;91.98
2021-10-22T07:00+02:00;6942.99;17757.23;43710.57;119.28
2021-10-22T08:00+02:00;6965.97;18229.56;45212.49;121.06
2021-10-22T09:00+02:00;6958.67;17734.41;49750.35;91.58
2021-10-22T10:00+02:00;6960.31;16775.38;56315.66;68.56
2021-10-22T11:00+02:00;6956.3;15029.98;61067.57;55.24
2021-10-22T12:00+02:00;6952.82;13066.03;63087.14;44.06
2021-10-22T13:00+02:00;6966.7;12379.17;61552.44;24.46
2021-10-22T14:00+02:00;6946.54;12388.1;60028.03;23.22
2021-10-22T15:00+02:00;6945.44;12808.71;56782.85;30.08
2021-10-22T16:00+02:00;6940.13;15296.47;52380.39;55.28
2021-10-22T17:00+02:00;6942.47;17214.3;46531.88;82.66
2021-10-22T18:00+02:00;6927.65;17936.57;44002.84;110
2021-10-22T19:00+02:00;6914.68;17871.06;43061.88;119.91
2021-10-22T20:00+02:00;6907.23;17870.63;41794.92;98.93
2021-10-22T21:00+02:00;6940.35;17622.03;40535.37;78.67
2021-10-22T22:00+02:00;6949.71;17393.84;38811.24;80.7
2021-10-22T23:00+02:00;6935.36;16189.77;37815.43;63.06
2021-10-23T00:00+02:00;6950.23;16560.58;37111.86;73
2021-10-23T01:00+02:00;6951.21;17003.06;35863.03;69.17
2021-10-23T02:00+02:00;6952.54;17087.48;35037.6;67.66
2021-10-23T03:00+02:00;6929.21;17566.89;34415.75;73.63
2021-10-23T04:00+02:00;6941.94;18165.89;33230.56;68.66
2021-10-23T05:00+02:00;6963.27;19455.49;30791.42;72.48
2021-10-23T06:00+02:00;7358.14;19577.66;28988.89;66.04
2021-10-23T07:00+02:00;7534.68;20859.25;26972.11;105.1
2021-10-23T08:00+02:00;7613.26;21542.73;27181.22;137.33
2021-10-23T09:00+02:00;7715.55;21813.58;29696.05;141
2021-10-23T10:00+02:00;7753.12;21647.07;33606.2;149.99
2021-10-23T11:00+02:00;7782.38;21172.81;36876.56;138.16
2021-10-23T12:00+02:00;7825.39;20756.38;36958.75;118.76
2021-10-23T13:00+02:00;7828.38;21201.43;33926.46;105.52
2021-10-23T14:00+02:00;7939.68;22594.66;29861.37;125.1
2021-10-23T15:00+02:00;8004.62;23523.39;25067.74;160.07
2021-10-23T16:00+02:00;8005.34;24648.92;19925.18;180.35
2021-10-23T17:00+02:00;7989.21;26293.82;15385.56;210.99
2021-10-23T18:00+02:00;8009.88;27502.52;14166.33;238.22
2021-10-23T19:00+02:00;8014.15;27672.23;15111.31;256.47
2021-10-23T20:00+02:00;8009.95;27512.56;16237.56;223.06
2021-10-23T21:00+02:00;8009.12;26166.65;16685.8;210
2021-10-23T22:00+02:00;8008.65;25424.36;17440.52;192.06
2021-10-23T23:00+02:00;8010.8;23941.38;18487.3;162.23
2021-10-24T00:00+02:00;8026.18;20059.85;18963.2;137.46
2021-10-24T01:00+02:00;8031.56;19290.18;19375.22;109.43
2021-10-24T02:00+02:00;8031.22;18885.43;19772.92;105
2021-10-24T03:00+02:00;8050.29;18837.83;20701.17;114.59
2021-10-24T04:00+02:00;8052.18;19036.2;21124.1;93.28
2021-10-24T05:00+02:00;8039.7;18855.43;21644.85;105
2021-10-24T06:00+02:00;8053.54;18647.35;22572.17;83.86
2021-10-24T07:00+02:00;8029.19;18272.91;23170.06;93.75
2021-10-24T08:00+02:00;8044.85;18632.54;25646.79;119.31
2021-10-24T09:00+02:00;8043.47;18259.81;32078.33;83.45
2021-10-24T10:00+02:00;7751.94;17669.43;36905.69;82.9
2021-10-24T11:00+02:00;7517.28;17138.94;40044.38;87.84
2021-10-24T12:00+02:00;7414.4;15783.73;42601.96;73.17
2021-10-24T13:00+02:00;7382.68;13849.43;43118.29;61.82
2021-10-24T14:00+02:00;7436.08;13143.9;39955.36;60.01
2021-10-24T15:00+02:00;7488.14;15032.95;34652.12;77.05
2021-10-24T16:00+02:00;7451.13;17683.95;27091.87;100.21
2021-10-24T17:00+02:00;7684.94;20642.24;20835.94;138.06
2021-10-24T18:00+02:00;7764.41;21826.05;23332.42;191.19
2021-10-24T19:00+02:00;7616.87;21513.83;27753.82;135.83
2021-10-24T20:00+02:00;7518.77;19964.18;29847.57;99.29
2021-10-24T21:00+02:00;7192.31;19097.12;30657.95;75.06
2021-10-24T22:00+02:00;7250.98;18514.87;30499.99;79.28
2021-10-24T23:00+02:00;7294.7;18314.18;29800.32;79.03
2021-10-25T00:00+02:00;7396.74;19823.1;28643.94;84.37
2021-10-25T01:00+02:00;7514.81;20269.21;27119.5;81.55
2021-10-25T02:00+02:00;7523.48;20463.6;25792.31;86.22
2021-10-25T03:00+02:00;7517.34;20734.4;24717.34;84.39
2021-10-25T04:00+02:00;7412.85;20699.52;24315.39;88.7
2021-10-25T05:00+02:00;7573.11;22521.59;24472.44;111.82
2021-10-25T06:00+02:00;7780.13;26128.54;25017.82;205.04
2021-10-25T07:00+02:00;7961.91;28773.99;25001.75;215.77
2021-10-25T08:00+02:00;8037.55;29140.22;25978.25;242.41
2021-10-25T09:00+02:00;8051.66;29087.58;28437.72;219.24
2021-10-25T10:00+02:00;8053.14;29137.03;31250.09;176.08
2021-10-25T11:00+02:00;8044.24;29073.72;32668.19;151.95
2021-10-25T12:00+02:00;8033.61;29219.18;32910.18;153.05
2021-10-25T13:00+02:00;8015.9;29213.84;32048.03;169.59
2021-10-25T14:00+02:00;8005.11;29288.91;29489.21;174.02
2021-10-25T15:00+02:00;7994.73;29943.69;25734.13;200.91
2021-10-25T16:00+02:00;7992.93;30472.04;21837.9;216.97
2021-10-25T17:00+02:00;7982.2;31021.25;19277.99;235
2021-10-25T18:00+02:00;7980.7;31258.8;19879.04;255.1
2021-10-25T19:00+02:00;7983.08;31378.7;21358;262
2021-10-25T20:00+02:00;7983.91;30838.61;22875.14;214.96
2021-10-25T21:00+02:00;7986.76;29150.2;23403.21;198
2021-10-25T22:00+02:00;7994.65;28351.1;22545.72;182.06
2021-10-25T23:00+02:00;7995.59;27125.45;22798.1;158.39
2021-10-26T00:00+02:00;7997.55;25448.37;21608.56;115.66
2021-10-26T01:00+02:00;7988.96;25189.71;21774.34;135.57
2021-10-26T02:00+02:00;7973.7;24907.16;21590.09;124.36
2021-10-26T03:00+02:00;7992.81;24813.33;21169.81;114.92
2021-10-26T04:00+02:00;7998.93;25439.42;20530.24;122.06
2021-10-26T05:00+02:00;8001.19;26938.64;20348.15;155.1
2021-10-26T06:00+02:00;8001.18;28836.5;20548.99;214.5
2021-10-26T07:00+02:00;7947.92;30112.16;21291.55;235.71
2021-10-26T08:00+02:00;7929.96;30406.92;22267.28;245.91
2021-10-26T09:00+02:00;7925.75;30522.49;24371.28;235.06
2021-10-26T10:00+02:00;7927.14;30369.19;26945.79;219.9
2021-10-26T11:00+02:00;7919.18;29904.81;31292.36;212.22
2021-10-26T12:00+02:00;7907.24;28003.97;34764.07;197.03
2021-10-26T13:00+02:00;7899.15;27086.1;35581.95;185.44
2021-10-26T14:00+02:00;7895.83;26875.13;34845.63;165.01
2021-10-26T15:00+02:00;7944;28022.44;31588.1;177.44
2021-10-26T16:00+02:00;7954.08;27990.73;28192.06;190.2
2021-10-26T17:00+02:00;7949.58;28777.12;25027.72;223.47
2021-10-26T18:00+02:00;7947.32;29194.57;25669.7;243
2021-10-26T19:00+02:00;7944.36;28467.7;28226.01;223.47
2021-10-26T20:00+02:00;7951.51;27331.38;30174.35;197.03
2021-10-26T21:00+02:00;7952.68;24807.13;31952.22;138.28
2021-10-26T22:00+02:00;7791.76;22309.87;31740.32;116.75
2021-10-26T23:00+02:00;7537.99;21221.88;32080.38;84.27
2021-10-27T00:00+02:00;7615.45;19982.88;31176.08;91.33
2021-10-27T01:00+02:00;7659.78;19471.68;30949.04;85.4
2021-10-27T02:00+02:00;7665.27;19023.64;30274.41;69.92
2021-10-27T03:00+02:00;7667.34;19072.44;29631.09;66.8
2021-10-27T04:00+02:00;7622.86;20256.01;29027.76;85.36
2021-10-27T05:00+02:00;7611.5;22183.76;28677.51;93.24
2021-10-27T06:00+02:00;7596.13;24912.05;29304.61;124.78
2021-10-27T07:00+02:00;7633.51;25899.46;29269.29;197.01
2021-10-27T08:00+02:00;7765.63;26078.73;30218.09;220
2021-10-27T09:00+02:00;7763.36;25925.42;33057.19;200
2021-10-27T10:00+02:00;7755;25839.76;36121.85;180
2021-10-27T11:00+02:00;7751.69;25648.11;38612.37;141.01
2021-10-27T12:00+02:00;7748.3;25388.32;39773.03;119.31
2021-10-27T13:00+02:00;7745.16;25480.39;40119.14;100
2021-10-27T14:00+02:00;7736.91;25924.33;38492.05;100.03
2021-10-27T15:00+02:00;7735.13;26361.42;35458.21;126.01
2021-10-27T16:00+02:00;7734.1;27137.23;31068.19;148.99
2021-10-27T17:00+02:00;7736.76;28276.21;26824.14;207.56
2021-10-27T18:00+02:00;7736.33;28884.33;25833.28;235.27
2021-10-27T19:00+02:00;7739.61;28835.86;25925.58;228.55
2021-10-27T20:00+02:00;7743.21;28749.1;26128.53;198.95
2021-10-27T21:00+02:00;7751.43;27907.51;25541.51;162
2021-10-27T22:00+02:00;7758.23;26384.91;24566.63;148.81
2021-10-27T23:00+02:00;7755.07;25440.48;24231.62;121.75
2021-10-28T00:00+02:00;7750.31;25542.11;23870.03;133.02
2021-10-28T01:00+02:00;7754.53;25219.28;23209.6;125.53
2021-10-28T02:00+02:00;7756.99;25442.43;22685.6;118.96
2021-10-28T03:00+02:00;7763.15;25356.26;21881.87;122.02
2021-10-28T04:00+02:00;7847.76;25513.67;21595.68;131.7
2021-10-28T05:00+02:00;7982.84;26804.56;21431.14;141.02
2021-10-28T06:00+02:00;7992.39;28610.53;22344.57;180
2021-10-28T07:00+02:00;8001.95;29444.68;22859.12;225.02
2021-10-28T08:00+02:00;8005.9;29304.22;24206.9;250.34
2021-10-28T09:00+02:00;8010.92;29138.41;26907.55;203.98
2021-10-28T10:00+02:00;8013.5;28398.4;29815.77;171.4
2021-10-28T11:00+02:00;7997.88;27866.57;31970.55;142.77
2021-10-28T12:00+02:00;7982.19;27128.18;34182.65;128.01
2021-10-28T13:00+02:00;7974.37;26782.48;35069;112
2021-10-28T14:00+02:00;7968.72;26777.24;33437.35;113.01
2021-10-28T15:00+02:00;7965.32;27351.18;29627.99;140
2021-10-28T16:00+02:00;7962.39;27954.95;24434.95;173.05
2021-10-28T17:00+02:00;7958;28395.26;21888.47;198.93
2021-10-28T18:00+02:00;7949.63;28275.49;26504.85;220.69
2021-10-28T19:00+02:00;7858.23;27547.29;30119.39;198.67
2021-10-28T20:00+02:00;7817.7;26450.73;31481.56;151.86
2021-10-28T21:00+02:00;7794.8;24625.47;31671.17;100.19
2021-10-28T22:00+02:00;7776.78;23363.69;30712.16;103.69
2021-10-28T23:00+02:00;7663.17;21481.34;29863.43;99.09
2021-10-29T00:00+02:00;7628.45;21174.45;28908.65;94.98
2021-10-29T01:00+02:00;7668.35;20584.54;27964.28;83.99
2021-10-29T02:00+02:00;7665.65;20138.68;27423.74;78.35
2021-10-29T03:00+02:00;7665.1;20170.16;27645.53;69.41
2021-10-29T04:00+02:00;7669.95;20533.14;27935.86;75.29
2021-10-29T05:00+02:00;7718.89;20855.59;27687.83;89.61
2021-10-29T06:00+02:00;7747.77;22810.18;27724.51;132.65
2021-10-29T07:00+02:00;7764.35;24783.07;27815.74;174.4
2021-10-29T08:00+02:00;7767.3;25456.96;28815.18;199.36
2021-10-29T09:00+02:00;7770.65;25721.51;31836.83;148.42
2021-10-29T10:00+02:00;7768.4;25355.31;34562.01;106.16
2021-10-29T11:00+02:00;7769.27;24782.05;36729.89;97.1
2021-10-29T12:00+02:00;7734.77;23766.77;38130.94;91.29
2021-10-29T13:00+02:00;7748.57;23465.35;38784.07;85.51
2021-10-29T14:00+02:00;7760.52;23555.59;37707.49;90.34
2021-10-29T15:00+02:00;7757.6;24182.36;35154;101.05
2021-10-29T16:00+02:00;7781.24;24756.11;31421.94;137.9
2021-10-29T17:00+02:00;7756.63;25209.78;29177.39;187.96
2021-10-29T18:00+02:00;7771.62;25152.23;31598.68;170.07
2021-10-29T19:00+02:00;7752.72;24632.15;33296.54;152.33
2021-10-29T20:00+02:00;7609.6;23529.37;33804.96;106.18
2021-10-29T21:00+02:00;7591.53;21776.33;33272.01;88.89
2021-10-29T22:00+02:00;7600.31;20930.77;31535.53;84.61
2021-10-29T23:00+02:00;7601.35;19635.24;30253.8;65.51
2021-10-30T00:00+02:00;7606.29;19115.4;29187.73;75.05
2021-10-30T01:00+02:00;7683.58;19004.08;28022.67;72.22
2021-10-30T02:00+02:00;7898.29;18115.19;27445.97;75.47
2021-10-30T03:00+02:00;8033.9;16434.98;26978.76;70
2021-10-30T04:00+02:00;8036.3;15313.84;25318.9;67.03
2021-10-30T05:00+02:00;8048.45;15820.05;23737.24;69.43
2021-10-30T06:00+02:00;8047.69;17153.78;23715.92;81.3
2021-10-30T07:00+02:00;8046.76;18246.44;24139.34;92.31
2021-10-30T08:00+02:00;8046.6;18950.32;26113.42;117.65
2021-10-30T09:00+02:00;8051.3;19015.88;30569.63;116.89
2021-10-30T10:00+02:00;7991.9;18958.43;34639.6;109.03
2021-10-30T11:00+02:00;7945.6;18903.59;36965.49;101.31
2021-10-30T12:00+02:00;7949.05;18744.88;38084.95;81.07
2021-10-30T13:00+02:00;7916.14;18722.15;36817.59;78.56
2021-10-30T14:00+02:00;7878.37;18979.74;34344.18;71.58
2021-10-30T15:00+02:00;7852.24;19354.42;32913.1;71.59
2021-10-30T16:00+02:00;7852.24;19514.09;31606.65;80
2021-10-30T17:00+02:00;7741.42;20159.73;31483.47;86.98
2021-10-30T18:00+02:00;7679.49;20465.68;32479.66;114.67
2021-10-30T19:00+02:00;7550.85;19800.36;32761.75;107.83
2021-10-30T20:00+02:00;7541.33;18679.21;32649.54;88.24
2021-10-30T21:00+02:00;7536.4;18022.68;32404.85;67.36
2021-10-30T22:00+02:00;7540.95;17333.76;31083.72;66.93
2021-10-30T23:00+02:00;7545.87;16615.16;30070.93;57.18
2021-10-31T00:00+02:00;7632.01;15062.27;28538.96;56.14
2021-10-31T01:00+02:00;7511.82;14869.68;27532.88;60.87
2021-10-31T02:00+02:00;7264.17;14425.91;25882.99;69.03
2021-10-31T02:00+01:00;7251.1;13998.66;24255.91;64.49
2021-10-31T03:00+01:00;7428.93;14317.7;22939.3;57.11
2021-10-31T04:00+01:00;7501.86;14431.08;21878.91;58.65
2021-10-31T05:00+01:00;7672.08;14455.24;20904.62;56
2021-10-31T06:00+01:00;7919.68;14563.12;20712.83;54.73
2021-10-31T07:00+01:00;8008.1;14844.29;21523.46;60.24
2021-10-31T08:00+01:00;8009.94;14745.75;25811.99;61.09
2021-10-31T09:00+01:00;8007.12;13850.24;30498.47;71.71
2021-10-31T10:00+01:00;7719.6;13219.13;34020.69;64.99
2021-10-31T11:00+01:00;7483.8;12893.79;36333.78;64.91
2021-10-31T12:00+01:00;7416.94;12602.44;37913.63;61.66
2021-10-31T13:00+01:00;7354.22;11756.08;37909.47;56.12
2021-10-31T14:00+01:00;7271.93;11672.17;35254.46;56.15
2021-10-31T15:00+01:00;7246.05;12979.21;33126.85;63.1
2021-10-31T16:00+01:00;7567.35;14804.05;33921.18;69.92
2021-10-31T17:00+01:00;7543.64;15529.68;38287.8;79.13
2021-10-31T18:00+01:00;7449.16;15018.03;40966.23;74.54
2021-10-31T19:00+01:00;7449.43;13893.09;40908.59;60.06
2021-10-31T20:00+01:00;7181.17;12460.14;41198.62;52.2
2021-10-31T21:00+01:00;7030.91;11608.3;40122.13;52.49
2021-10-31T22:00+01:00;7043.82;11247.56;38852.04;58.5
2021-10-31T23:00+01:00;7025.92;10605.67;36631.43;52.33
2021-11-01T00:00+01:00;7127.22;11992.95;34516.07;59.22
2021-11-01T01:00+01:00;7131.9;11598.31;32086.77;55.06
2021-11-01T02:00+01:00;7123.82;11440.18;30296.26;43.92
2021-11-01T03:00+01:00;7108.96;11383.02;29865.32;22.05
2021-11-01T04:00+01:00;7106.37;11462.04;29293.45;20.36
2021-11-01T05:00+01:00;7109.93;11711.97;30072.05;41.82
2021-11-01T06:00+01:00;7191.05;13586.89;30637.13;58.29
2021-11-01T07:00+01:00;7314.75;15784.82;31851.55;77.54
2021-11-01T08:00+01:00;7698.3;17199.77;33325.27;88.81
2021-11-01T09:00+01:00;7749.36;16752.57;35189.13;87.97
2021-11-01T10:00+01:00;7730.58;16949.54;36676.69;83.2
2021-11-01T11:00+01:00;7714.35;16929.24;36947.37;78.31
2021-11-01T12:00+01:00;7713.2;17192.22;35952.71;78.98
2021-11-01T13:00+01:00;7813.55;17938.9;33942.36;80.55
2021-11-01T14:00+01:00;7842.66;18696.98;30866.89;81.52
2021-11-01T15:00+01:00;7919.59;20015.19;27421.21;98.83
2021-11-01T16:00+01:00;7993.41;21239.73;24622.68;111.28
2021-11-01T17:00+01:00;7980.33;22580.13;24772.32;164.2
2021-11-01T18:00+01:00;7973.75;23260.44;26107.16;183
2021-11-01T19:00+01:00;7979.39;22950.67;26205.93;179.9
2021-11-01T20:00+01:00;7989.39;23027.07;25979.54;163.08
2021-11-01T21:00+01:00;8005.54;22728.34;24698.24;151.51
2021-11-01T22:00+01:00;8014.8;22415.12;23861.51;147.37
2021-11-01T23:00+01:00;8017.35;21221.67;22914.62;134.9
2021-11-02T00:00+01:00;8020.01;21756.02;20580.42;145
2021-11-02T01:00+01:00;8018.4;22495.62;19348.38;131.95
2021-11-02T02:00+01:00;8014.5;22886.29;18188.71;128.92
2021-11-02T03:00+01:00;8017.57;23297.45;17059.96;111.2
2021-11-02T04:00+01:00;8021.03;23989.52;16031.93;123.51
2021-11-02T05:00+01:00;8023.59;26925.8;15269.36;143.01
2021-11-02T06:00+01:00;8029.67;30280.06;14891.61;182.15
2021-11-02T07:00+01:00;8030.75;32187.43;14516.58;216.83
2021-11-02T08:00+01:00;8036.29;33081.8;16593.65;234.98
2021-11-02T09:00+01:00;8024.51;33437.71;19428.83;228.04
2021-11-02T10:00+01:00;8018.46;33961.57;21592.78;221.74
2021-11-02T11:00+01:00;8008.56;33905.76;22990.44;223.21
2021-11-02T12:00+01:00;8006.39;34065.13;22823.9;215.95
2021-11-02T13:00+01:00;8004.88;33974.97;20846.79;217.35
2021-11-02T14:00+01:00;8000.48;33937.78;18465.11;224.91
2021-11-02T15:00+01:00;8001.7;34156.09;15133.81;230.3
2021-11-02T16:00+01:00;7995.55;34490.56;12676.88;248.93
2021-11-02T17:00+01:00;7993.62;34979.07;12659.25;298.97
2021-11-02T18:00+01:00;8002.53;35420.47;13113.89;312.67
2021-11-02T19:00+01:00;8005.7;35350.4;13401.99;280
2021-11-02T20:00+01:00;8004.56;35250.52;13401.32;231
2021-11-02T21:00+01:00;8007.79;34670.74;13427.1;201
2021-11-02T22:00+01:00;8018.02;34030.75;12871.9;179.99
2021-11-02T23:00+01:00;8018.96;33350.13;12481.98;167
2021-11-03T00:00+01:00;8026.86;33164.11;12045.24;146.68
2021-11-03T01:00+01:00;8030.99;33036.6;11444.88;143.08
2021-11-03T02:00+01:00;8038.19;32563.02;11116.61;140.25
2021-11-03T03:00+01:00;8041.71;32122.42;11383.08;130.84
2021-11-03T04:00+01:00;8046.8;32523.61;11591.9;130.03
2021-11-03T05:00+01:00;8049.62;33868.12;11627.41;138.7
2021-11-03T06:00+01:00;8044.38;34781.8;11887.14;169.95
2021-11-03T07:00+01:00;8045.62;35694.69;12924;204.37
2021-11-03T08:00+01:00;8035.79;36154.79;15142.24;230.09
2021-11-03T09:00+01:00;7994.47;36588.7;18018.01;219.09
2021-11-03T10:00+01:00;7982.57;36803.96;19471.71;207.62
2021-11-03T11:00+01:00;7976.6;36938.14;19421.54;213.26
2021-11-03T12:00+01:00;7947.26;36893.25;18247.19;206.2
2021-11-03T13:00+01:00;7964.35;36583.6;16019.84;211.11
2021-11-03T14:00+01:00;7974.26;36515.01;13890.53;215.9
2021-11-03T15:00+01:00;7996.88;36564.58;12119.77;227.28
2021-11-03T16:00+01:00;8008.4;36613.66;11283.31;234.97
2021-11-03T17:00+01:00;8003.81;36784.69;11945.03;257.99
2021-11-03T18:00+01:00;8009.91;36704.38;12184.08;274.33
2021-11-03T19:00+01:00;8017.29;36636.04;12108.96;236
2021-11-03T20:00+01:00;8012.83;35850.62;11498.18;202.95
2021-11-03T21:00+01:00;8012.15;35344.81;10934.19;183.63
2021-11-03T22:00+01:00;8018.19;35077.81;10350.42;165.92
2021-11-03T23:00+01:00;8021.08;34311.12;10124.29;145.07
2021-11-04T00:00+01:00;8025.36;33172.04;9818.8;165.39
2021-11-04T01:00+01:00;8026.36;32032.54;9997.35;152.51
2021-11-04T02:00+01:00;8031.7;31680.3;10188.14;145.87
2021-11-04T03:00+01:00;8032.38;31250.46;10698.2;143.06
2021-11-04T04:00+01:00;7915.92;31874.79;11308.89;145.38
2021-11-04T05:00+01:00;7836.09;33031.85;12163.27;159.61
2021-11-04T06:00+01:00;7835.68;34728.09;13405.76;183.77
2021-11-04T07:00+01:00;7793.68;35318.25;15209.73;210.8
2021-11-04T08:00+01:00;7824.22;35730.71;16894.55;213.77
2021-11-04T09:00+01:00;7837.84;35656.46;18855.94;203.33
2021-11-04T10:00+01:00;7844.2;35496.78;21044.63;200.97
2021-11-04T11:00+01:00;7841.07;35397.36;24052.22;199.02
2021-11-04T12:00+01:00;7828.53;34256.69;27000.66;193.72
2021-11-04T13:00+01:00;7774.56;33956.36;29488.48;179.7
2021-11-04T14:00+01:00;7631.21;33495.67;31194.44;165.57
2021-11-04T15:00+01:00;7593.16;33293.23;32047.6;163.94
2021-11-04T16:00+01:00;7605.38;32834.25;32640.63;178.01
2021-11-04T17:00+01:00;7615.38;33295.41;33622.59;200.93
2021-11-04T18:00+01:00;7714.29;32529.54;34044.18;201.01
2021-11-04T19:00+01:00;7799.31;30495.71;33830.81;193.47
2021-11-04T20:00+01:00;7806.39;27589.41;33488.22;165.32
2021-11-04T21:00+01:00;7807.44;25696.53;31882.32;135.09
2021-11-04T22:00+01:00;7805.65;25613.81;29675.41;125.56
2021-11-04T23:00+01:00;7799.65;24415;28577.22;104.86
2021-11-05T00:00+01:00;7810.98;23859.35;27628.76;109.41
2021-11-05T01:00+01:00;7826.08;24322.83;26658.88;111.09
2021-11-05T02:00+01:00;7825.5;24262.12;25583.22;109.95
2021-11-05T03:00+01:00;7825.72;24653.15;24649.44;119.39
2021-11-05T04:00+01:00;7827.88;26018.29;24014.23;125.72
2021-11-05T05:00+01:00;7909.03;27851.29;23189.24;134.7
2021-11-05T06:00+01:00;7956.28;32139.66;22775.87;181.11
2021-11-05T07:00+01:00;8037.2;34368.86;22890.57;199.92
2021-11-05T08:00+01:00;8035.43;34413.75;24377.78;202.98
2021-11-05T09:00+01:00;8032.13;34150.26;26093.63;200
2021-11-05T10:00+01:00;8028.25;34364.73;27483.68;200.9
2021-11-05T11:00+01:00;8024.65;34709.83;28156.73;184.96
2021-11-05T12:00+01:00;7981.87;33836.03;29376.16;193.3
2021-11-05T13:00+01:00;8006.31;33026.32;28698.67;184.98
2021-11-05T14:00+01:00;8018.14;32556.72;27280.24;190.08
2021-11-05T15:00+01:00;8007.58;32871.69;24848.16;196.07
2021-11-05T16:00+01:00;8006.44;33213.15;25229.7;199.96
2021-11-05T17:00+01:00;8024.65;33329.12;26243.84;200
2021-11-05T18:00+01:00;8026.72;32337.78;27520.85;179.18
2021-11-05T19:00+01:00;8029.75;31369.29;28409.57;156.2
2021-11-05T20:00+01:00;8035.12;29038.01;28765.04;146.66
2021-11-05T21:00+01:00;8038.5;26833.92;29307.49;122.86
2021-11-05T22:00+01:00;8044.71;24253.19;29275.13;105.15
2021-11-05T23:00+01:00;7985.42;22306.35;29421.77;87.55
2021-11-06T00:00+01:00;7793.93;20481.7;29926.85;81.09
2021-11-06T01:00+01:00;7649.71;20186.98;29956.25;78.01
2021-11-06T02:00+01:00;7633.29;20074.63;29656.72;78.01
2021-11-06T03:00+01:00;7637.26;19979.05;29351.55;71.34
2021-11-06T04:00+01:00;7650.88;20106.76;29070.32;78.01
2021-11-06T05:00+01:00;7639.92;20749.2;29277.1;85.27
2021-11-06T06:00+01:00;7645.43;20974.39;30095.52;81.01
2021-11-06T07:00+01:00;7653.4;21240.39;30770.25;84.69
2021-11-06T08:00+01:00;7654.12;21928.7;33068.96;85.28
2021-11-06T09:00+01:00;7647.18;21733.57;36371.2;88.2
2021-11-06T10:00+01:00;7636.13;20315.54;39420.1;81.5
2021-11-06T11:00+01:00;7634.68;19861.91;41137.63;80.01
2021-11-06T12:00+01:00;7639.83;19515.57;42094.88;75.32
2021-11-06T13:00+01:00;7629.98;19385.85;41533.69;76.04
2021-11-06T14:00+01:00;7625.47;19240.7;39127.55;76.45
2021-11-06T15:00+01:00;7627.05;20161.76;35460.29;80.01
2021-11-06T16:00+01:00;7621.61;21421.66;33400.63;87.89
2021-11-06T17:00+01:00;7620.3;21905.55;35405.82;105
2021-11-06T18:00+01:00;7615.07;21465.06;37722.73;87.69
2021-11-06T19:00+01:00;7628.15;20767.93;38930.24;87.47
2021-11-06T20:00+01:00;7620.94;18104.98;39546.18;62.27
2021-11-06T21:00+01:00;7232.04;16051.84;39367.31;53.37
2021-11-06T22:00+01:00;6932.48;15584.93;37897.76;50.05
2021-11-06T23:00+01:00;6934.68;13989.58;38065.39;28.18
2021-11-07T00:00+01:00;6928.52;13250.89;39350.5;6.73
2021-11-07T01:00+01:00;6937.98;12822.95;40304.94;4.68
2021-11-07T02:00+01:00;6932.08;12705.71;40535;3.44
2021-11-07T03:00+01:00;6940.51;12748.63;40428.49;1.64
2021-11-07T04:00+01:00;6868.15;12810.15;40948.11;1.47
2021-11-07T05:00+01:00;6776.89;12807.09;41571.61;2.77
2021-11-07T06:00+01:00;6855.07;12817.14;42071.2;3.28
2021-11-07T07:00+01:00;6971.66;12743.88;42933.78;9.28
2021-11-07T08:00+01:00;6984.91;12671.97;44512.42;10.86
2021-11-07T09:00+01:00;6981.71;12634.47;47195.37;14.43
2021-11-07T10:00+01:00;6985.09;12743.66;48973.18;12.64
2021-11-07T11:00+01:00;6970.22;12970.5;50556.47;13.84
2021-11-07T12:00+01:00;6978.62;13085.73;50121.97;14.14
2021-11-07T13:00+01:00;6974.98;13059.61;48722.71;15.7
2021-11-07T14:00+01:00;6974.19;13239.45;45735.73;29.95
2021-11-07T15:00+01:00;6941.13;15143.28;41954.79;60
2021-11-07T16:00+01:00;7105.7;18319.05;39986.68;77.72
2021-11-07T17:00+01:00;7528.14;19232.01;40238.99;93.52
2021-11-07T18:00+01:00;7585.23;19314.64;40469.73;81.05
2021-11-07T19:00+01:00;7587.21;18997.74;40245.77;82.48
2021-11-07T20:00+01:00;7599.39;18629.4;39839.35;80.57
2021-11-07T21:00+01:00;7601.49;18405.2;38637.57;76.65
2021-11-07T22:00+01:00;7567.47;17927.29;37220.75;76.33
2021-11-07T23:00+01:00;7092.64;17389.63;36020.22;76.61
2021-11-08T00:00+01:00;6919.94;16310.59;34299.99;55.39
2021-11-08T01:00+01:00;6958.87;16125.3;32882.97;57.94
2021-11-08T02:00+01:00;6913.1;16255.07;30846.86;62.95
2021-11-08T03:00+01:00;6923.8;17746.41;28865.8;60
2021-11-08T04:00+01:00;7103.09;20246.56;27071.45;60.92
2021-11-08T05:00+01:00;7683.4;24392.27;25490.12;74.97
2021-11-08T06:00+01:00;7843.09;30264.49;24485.5;173.9
2021-11-08T07:00+01:00;8018.43;34406.63;23390.27;221.15
2021-11-08T08:00+01:00;8032.36;35831.4;24012.92;214.08
2021-11-08T09:00+01:00;8037.49;35920.23;27086.32;199.95
2021-11-08T10:00+01:00;8035.55;35087.37;29505.59;190.17
2021-11-08T11:00+01:00;8028.92;35265.85;30352.36;188.59
2021-11-08T12:00+01:00;8024.07;36899.84;29348.35;202.33
2021-11-08T13:00+01:00;8015.26;37021.91;26620.62;214.58
2021-11-08T14:00+01:00;7976.3;37394.26;22599.62;212.96
2021-11-08T15:00+01:00;7783.4;38050.19;17665.77;220.09
2021-11-08T16:00+01:00;7790.17;37961.55;14204.34;229.6
2021-11-08T17:00+01:00;7786.65;38368.13;13466.52;290.36
2021-11-08T18:00+01:00;7788.38;38199.76;13113.09;299.9
2021-11-08T19:00+01:00;7795.38;38452.24;12688.23;270
2021-11-08T20:00+01:00;7796.43;37728.17;11991.07;222.2
2021-11-08T21:00+01:00;7798.33;36955.19;11612.03;205
2021-11-08T22:00+01:00;7798.24;36018.6;11238.2;173
2021-11-08T23:00+01:00;7795.37;34018.05;11010.28;157.89
2021-11-09T00:00+01:00;7802.56;33387.26;11480.23;153.01
2021-11-09T01:00+01:00;7803.12;33339.28;12518.15;152.85
2021-11-09T02:00+01:00;7812.61;32828.14;13367.42;151.01
2021-11-09T03:00+01:00;7806.39;33217.05;14762.48;145.36
2021-11-09T04:00+01:00;7804.2;33271.57;15953.9;145.5
2021-11-09T05:00+01:00;7811.32;33916.31;17479.83;152.87
2021-11-09T06:00+01:00;7806.83;36295.42;18884.78;190
2021-11-09T07:00+01:00;7806.21;37200.21;20455.89;223.88
2021-11-09T08:00+01:00;7807.51;37305.59;24255.15;215.58
2021-11-09T09:00+01:00;7803.85;36919.06;29896.79;190.09
2021-11-09T10:00+01:00;7783.9;35140.55;35573.06;151.87
2021-11-09T11:00+01:00;7778.76;32891.04;40632.53;135.03
2021-11-09T12:00+01:00;7761.04;31296.73;42349.2;120.08
2021-11-09T13:00+01:00;7771.78;31277.76;39975.35;127.46
2021-11-09T14:00+01:00;7858.94;33026.4;34019.23;147.01
2021-11-09T15:00+01:00;7879.25;36436.49;26346.02;170
2021-11-09T16:00+01:00;7874.7;38026.31;22581.04;203.9
2021-11-09T17:00+01:00;7877.1;38187.35;24996.68;223.67
2021-11-09T18:00+01:00;7676.32;38142.98;26810.62;190
2021-11-09T19:00+01:00;7583.57;37265.39;27510.78;184.56
2021-11-09T20:00+01:00;7584.38;34722.45;26601.31;141.62
2021-11-09T21:00+01:00;7611.84;32748.04;24996.27;141.72
2021-11-09T22:00+01:00;7629.82;31551.33;23844.86;138.14
2021-11-09T23:00+01:00;7625.48;29977.49;24021.65;120.06
2021-11-10T00:00+01:00;7624.39;27926.41;24292.53;93.74
2021-11-10T01:00+01:00;7923.55;26943.87;24127.2;94.95
2021-11-10T02:00+01:00;8027.94;26971.67;22672.64;94.86
2021-11-10T03:00+01:00;8034.53;28138.87;20983.02;95.95
2021-11-10T04:00+01:00;8048.92;30192.5;19864.63;115.5
2021-11-10T05:00+01:00;8049.12;32938.28;19217.99;140.05
2021-11-10T06:00+01:00;8050.88;37059.4;18405.8;175
2021-11-10T07:00+01:00;8043.27;38260.41;18297.13;204.98
2021-11-10T08:00+01:00;8057.9;38089.44;21315.29;200.1
2021-11-10T09:00+01:00;8068.85;37695.5;24683.64;156.06
2021-11-10T10:00+01:00;8070.29;37294.94;26523.26;148.14
2021-11-10T11:00+01:00;8056.15;37831.97;26823.84;150.2
2021-11-10T12:00+01:00;8053.31;38041.41;24692.12;154.21
2021-11-10T13:00+01:00;8052.02;38602.28;21295.55;168.83
2021-11-10T14:00+01:00;8040;39101.09;17360.96;211.93
2021-11-10T15:00+01:00;8038.17;39551.62;12728.1;236.62
2021-11-10T16:00+01:00;8039.15;39925.41;10222.88;250.06
2021-11-10T17:00+01:00;8036.93;40482.27;10413.93;295
2021-11-10T18:00+01:00;8043.95;40621.62;10474.96;275.05
2021-11-10T19:00+01:00;8039.22;40079.65;10608.34;230
2021-11-10T20:00+01:00;8042.32;39385.89;10598.51;219.93
2021-11-10T21:00+01:00;8045.75;38489.97;10272.8;193.67
2021-11-10T22:00+01:00;8047.72;37379.64;9835.13;169.9
2021-11-10T23:00+01:00;8051.1;36966.11;9503.26;155.5
2021-11-11T00:00+01:00;8045.55;35474.24;9376.05;168.03
2021-11-11T01:00+01:00;8047.52;34636.82;9487.41;161.36
2021-11-11T02:00+01:00;8050.19;34290.56;9645.75;160
2021-11-11T03:00+01:00;8056.83;34247.69;9583.87;152.5
2021-11-11T04:00+01:00;8063.45;34408.66;9782.04;155
2021-11-11T05:00+01:00;8062.55;35525.45;10157.45;160.09
2021-11-11T06:00+01:00;8059.72;37778.3;10551.02;183.87
2021-11-11T07:00+01:00;8061.94;38683.36;11355.56;214
2021-11-11T08:00+01:00;8066.83;39047.52;14745.68;219.94
2021-11-11T09:00+01:00;8057.12;39069.05;19227.9;215.95
2021-11-11T10:00+01:00;8045.06;39166.93;22755.78;199.2
2021-11-11T11:00+01:00;8048.63;39099.9;24797.67;168.8
2021-11-11T12:00+01:00;8044.56;39004.29;24921.14;159.58
2021-11-11T13:00+01:00;8037.26;39169.11;23029.38;167.04
2021-11-11T14:00+01:00;8037.8;38913.56;19661.07;184.54
2021-11-11T15:00+01:00;8042.2;39048.93;14706.36;201.37
2021-11-11T16:00+01:00;8041.32;39272;11616.9;219.59
2021-11-11T17:00+01:00;8029.31;40255.3;11201.83;240.02
2021-11-11T18:00+01:00;8035.19;40217.17;10706.72;252.12
2021-11-11T19:00+01:00;8035.36;39689.23;10512.12;232.09
2021-11-11T20:00+01:00;8035.14;39103.32;10374.83;218
2021-11-11T21:00+01:00;8031.58;38558.91;10342.8;201
2021-11-11T22:00+01:00;8025.58;37806.13;10203.21;180.01
2021-11-11T23:00+01:00;8020.32;36410.58;10075.05;156.14
2021-11-12T00:00+01:00;8017.83;35212.88;10094.67;167.72
2021-11-12T01:00+01:00;8017.44;34507.05;10135.66;164.25
2021-11-12T02:00+01:00;8018.35;34241.65;10222.93;162.16
2021-11-12T03:00+01:00;8020.05;34287.4;10422.34;153
2021-11-12T04:00+01:00;8029.81;34542.03;10395.94;155.02
2021-11-12T05:00+01:00;8026.86;35911.66;11153.78;155.99
2021-11-12T06:00+01:00;8021.85;37361.84;12757.33;180.59
2021-11-12T07:00+01:00;8028.28;38424.62;14908.71;212.86
2021-11-12T08:00+01:00;8033.11;38667.73;16918.42;214.77
2021-11-12T09:00+01:00;8028.62;38454.09;19325.84;207.67
2021-11-12T10:00+01:00;8032.51;38249.81;21655;191.61
2021-11-12T11:00+01:00;8030.58;37843.95;22963.71;179.94
2021-11-12T12:00+01:00;8030.34;37607.7;23782.38;164.69
2021-11-12T13:00+01:00;8028.26;37254.38;24153.57;156.81
2021-11-12T14:00+01:00;7953.32;37142.57;22629.04;156.55
2021-11-12T15:00+01:00;7926.17;37235.26;21366.81;179.99
2021-11-12T16:00+01:00;7928.7;37290.38;21558.66;185.09
2021-11-12T17:00+01:00;7924.53;37892.65;23419.02;211.2
2021-11-12T18:00+01:00;7920.3;36848.72;26106.64;193.23
2021-11-12T19:00+01:00;7817.81;35310.7;26705.77;145.19
2021-11-12T20:00+01:00;7787.71;33370.25;27564.26;157.11
2021-11-12T21:00+01:00;7732.04;31207.45;27466;109.11
2021-11-12T22:00+01:00;7738.52;30090.3;26178.61;109.54
2021-11-12T23:00+01:00;7735.91;28701.76;25067.61;91.42
2021-11-13T00:00+01:00;7737.87;27502.04;24413.62;99
2021-11-13T01:00+01:00;7724.41;26926.6;23842.55;92.65
2021-11-13T02:00+01:00;7610.52;26395.84;23707.67;97
2021-11-13T03:00+01:00;7560.6;25816.38;22500.79;107.02
2021-11-13T04:00+01:00;7554.21;26017.59;21826.47;111.6
2021-11-13T05:00+01:00;7561.3;26357.22;20903.86;99.36
2021-11-13T06:00+01:00;7634.53;28144.17;19220.69;123.64
2021-11-13T07:00+01:00;7814.76;30054.68;18187.59;155.31
2021-11-13T08:00+01:00;8003.2;32182.89;18028.24;151.2
2021-11-13T09:00+01:00;8031.53;33502.23;18386.67;161.75
2021-11-13T10:00+01:00;8044.22;34103.23;18022.56;173.89
2021-11-13T11:00+01:00;8039;34304.72;17263.06;177.47
2021-11-13T12:00+01:00;8041.04;34288.46;15840.69;177.5
2021-11-13T13:00+01:00;8038.81;34280.96;14436.75;176.52
2021-11-13T14:00+01:00;8033.61;34595.74;12515.94;176.52
2021-11-13T15:00+01:00;8032.6;34736.24;10586.34;176.52
2021-11-13T16:00+01:00;8026.92;34899.32;9810.6;180.6
2021-11-13T17:00+01:00;8026.62;35097.67;9828.27;210
2021-11-13T18:00+01:00;8022.11;35156.56;9810.45;220
2021-11-13T19:00+01:00;8017.33;35096.34;9590.15;213.89
2021-11-13T20:00+01:00;8006.92;34605.19;9476.5;184
2021-11-13T21:00+01:00;8006.42;33929.68;9477.29;168.49
2021-11-13T22:00+01:00;8013.8;32936.54;9294.38;168.82
2021-11-13T23:00+01:00;8016.63;31578.96;9297.47;162.79
2021-11-14T00:00+01:00;7964.29;29691.8;9746.76;184.73
2021-11-14T01:00+01:00;7943.03;28849.59;10401.29;170.03
2021-11-14T02:00+01:00;7939.25;28183.88;10972.08;167.24
2021-11-14T03:00+01:00;7941.95;28273.57;11770.24;155.51
2021-11-14T04:00+01:00;7941.7;27769.5;12036.6;144.22
2021-11-14T05:00+01:00;7943.02;27829.14;12219.37;141.35
2021-11-14T06:00+01:00;7942.65;28095.03;12614.53;117.2
2021-11-14T07:00+01:00;7954.45;28192.46;12961.97;159.92
2021-11-14T08:00+01:00;8015.23;29077.89;13499.41;159.04
2021-11-14T09:00+01:00;8013.2;30205.03;14434.25;170.07
2021-11-14T10:00+01:00;8024.81;30796.35;15543.83;177.2
2021-11-14T11:00+01:00;8020.45;31561.49;16261.39;178.93
2021-11-14T12:00+01:00;8016.23;31798.42;16362.71;184.58
2021-11-14T13:00+01:00;8013.43;32041.81;16103.77;170.02
2021-11-14T14:00+01:00;8012.84;32149.1;15317.83;156.12
2021-11-14T15:00+01:00;8010.3;32453.44;15024.62;160
2021-11-14T16:00+01:00;8010.35;32375.71;15756.65;166.68
2021-11-14T17:00+01:00;8015.68;32587.94;17188.16;197.94
2021-11-14T18:00+01:00;8004.82;32848.31;17356.36;204.47
2021-11-14T19:00+01:00;8006.5;32808.48;17197.49;206.21
2021-11-14T20:00+01:00;7992.65;32033.58;16827.56;190.61
2021-11-14T21:00+01:00;7988.42;31239.12;16263.67;168.68
2021-11-14T22:00+01:00;7998.13;30822.65;15682.38;173.18
2021-11-14T23:00+01:00;7991.55;30324.29;15544.17;159.16
2021-11-15T00:00+01:00;7972.32;29919.22;15634.57;165.85
2021-11-15T01:00+01:00;7966.23;29856.67;16099.88;158.9
2021-11-15T02:00+01:00;7970.71;29482.98;15745.57;155.81
2021-11-15T03:00+01:00;7971.17;29668.19;15434.02;151.35
2021-11-15T04:00+01:00;7966.66;30547.27;15469.17;149.64
2021-11-15T05:00+01:00;7967.7;32491.95;15331.11;163.92
2021-11-15T06:00+01:00;7966.97;35594.34;15164.62;191.12
2021-11-15T07:00+01:00;8012.68;37396.69;15058;245.35
2021-11-15T08:00+01:00;8015.43;37960.18;15005.55;262.18
2021-11-15T09:00+01:00;8017.19;38770.56;15081.22;265
2021-11-15T10:00+01:00;8018.23;39239.59;15477.37;263.33
2021-11-15T11:00+01:00;8014.28;39718.35;15996.9;268.9
2021-11-15T12:00+01:00;8011.63;39697.45;16120.64;260.06
2021-11-15T13:00+01:00;8018.37;39316.97;15673.79;258.1
2021-11-15T14:00+01:00;8026.34;39642.12;14970.67;268.17
2021-11-15T15:00+01:00;8023.09;39784.78;13721.72;265.99
2021-11-15T16:00+01:00;8024.25;39795.46;13181.11;274.94
2021-11-15T17:00+01:00;8023.55;39855.29;13160.99;300.01
2021-11-15T18:00+01:00;8020.36;39904.6;12879.93;300
2021-11-15T19:00+01:00;8013.3;39539.75;12450.36;272.57
2021-11-15T20:00+01:00;8019.04;38780.92;11531.29;238.76
2021-11-15T21:00+01:00;8022.85;38014.22;10959.42;217.79
2021-11-15T22:00+01:00;8020.95;36821.83;10589.86;194.71
2021-11-15T23:00+01:00;8020.98;36282.53;10298.73;178.54
2021-11-16T00:00+01:00;8006.24;35114.33;10059.36;182.46
2021-11-16T01:00+01:00;8008.31;33537.61;9720.65;167.37
2021-11-16T02:00+01:00;8010.07;33293.39;9405.02;162.57
2021-11-16T03:00+01:00;8009.66;33539.85;9103.27;160.01
2021-11-16T04:00+01:00;8008.43;34299.05;8660.09;157.83
2021-11-16T05:00+01:00;8010.72;35412.02;8520.52;178.14
2021-11-16T06:00+01:00;8012.24;37575.66;8627.04;220.35
2021-11-16T07:00+01:00;8027.46;38396.51;8621.66;278.34
2021-11-16T08:00+01:00;8027.47;39095.65;8900.36;280.06
2021-11-16T09:00+01:00;8027.52;39715.91;9647.25;280.03
2021-11-16T10:00+01:00;8024.36;40021.6;10354.97;274
2021-11-16T11:00+01:00;8022.06;40260.28;10652.72;278.05
2021-11-16T12:00+01:00;8021.85;40344.17;10332.2;280
2021-11-16T13:00+01:00;8030.54;40837.73;9839.09;280.53
2021-11-16T14:00+01:00;8034.08;41123.16;8984.21;279.09
2021-11-16T15:00+01:00;8039.24;41012.48;8668.88;280.3
2021-11-16T16:00+01:00;8039.03;41444.79;8630.25;280.03
2021-11-16T17:00+01:00;8034.62;41417.44;8893.68;301
2021-11-16T18:00+01:00;8033;41140.93;9101.51;296.98
2021-11-16T19:00+01:00;8034.48;41032.01;9215.06;279.1
2021-11-16T20:00+01:00;8033.47;39872.24;9225.61;250
2021-11-16T21:00+01:00;8034.27;39305.36;9315.27;208.74
2021-11-16T22:00+01:00;8041.04;37802.46;9891.9;179.8
2021-11-16T23:00+01:00;8038.16;36205.94;10760.64;164.38
2021-11-17T00:00+01:00;8041.76;34601.27;11561.18;194.01
2021-11-17T01:00+01:00;8027.77;33390.06;13070.15;179.54
2021-11-17T02:00+01:00;8024.54;32528.91;14591.55;170.79
2021-11-17T03:00+01:00;8019.52;32432.48;16297.22;160.09
2021-11-17T04:00+01:00;8011.34;32753.16;17321.14;163.22
2021-11-17T05:00+01:00;8011.97;33348.49;18467.81;156.57
2021-11-17T06:00+01:00;8014.05;34950.48;19230.32;181
2021-11-17T07:00+01:00;8016.05;36255.96;21011.17;226.25
2021-11-17T08:00+01:00;8027.81;36142.31;22197.91;232.05
2021-11-17T09:00+01:00;8025.68;36260.83;23503.43;238.8
2021-11-17T10:00+01:00;8018.02;36184.31;25101.36;233.04
2021-11-17T11:00+01:00;8025.51;35888.78;25879.38;223.99
2021-11-17T12:00+01:00;8014.08;36035.08;26164.42;217.11
2021-11-17T13:00+01:00;8011.57;36544.63;27141.99;205
2021-11-17T14:00+01:00;8007.21;36229.21;27644.3;183.27
2021-11-17T15:00+01:00;8012.53;36472.38;27691.57;200.6
2021-11-17T16:00+01:00;8012.91;35879.74;28494.86;177.94
2021-11-17T17:00+01:00;8011.96;36714.37;29714.34;202.12
2021-11-17T18:00+01:00;7995.8;35934.37;30760.81;189.09
2021-11-17T19:00+01:00;7944.27;34021.89;30452.45;170.21
2021-11-17T20:00+01:00;7917.68;32006.69;30200.05;133.01
2021-11-17T21:00+01:00;7906.86;29824.32;29925.83;99.98
2021-11-17T22:00+01:00;7895.32;28322.41;30282.46;110.48
2021-11-17T23:00+01:00;7812.82;26356.37;30783.04;86.22
2021-11-18T00:00+01:00;7769.53;24460.98;31951.88;100.1
2021-11-18T01:00+01:00;7774.43;23080.28;31687.16;87.07
2021-11-18T02:00+01:00;7782.35;22649.44;30863.53;87.06
2021-11-18T03:00+01:00;7793.84;24348.89;30885.68;95.56
2021-11-18T04:00+01:00;7821.67;25667.51;31182.77;110.01
2021-11-18T05:00+01:00;7769.85;26667.95;31253.23;111.69
2021-11-18T06:00+01:00;7788.72;28889.18;31571.54;157.14
2021-11-18T07:00+01:00;7825.85;30171.14;32083.73;216.61
2021-11-18T08:00+01:00;7792.39;30777.56;33251.78;243.1
2021-11-18T09:00+01:00;7771.27;31290.46;35490.06;210.02
2021-11-18T10:00+01:00;7772.43;30874.01;37803.11;194.67
2021-11-18T11:00+01:00;7766.58;30636.89;40626.91;172.99
2021-11-18T12:00+01:00;7765.14;29253.85;42428.69;159.5
2021-11-18T13:00+01:00;7763.06;28738.82;42072.32;155
2021-11-18T14:00+01:00;7764.96;28395.23;40920.71;148.65
2021-11-18T15:00+01:00;7764.91;28579.78;39453.1;157.3
2021-11-18T16:00+01:00;7750.69;28622.6;39621.41;158.25
2021-11-18T17:00+01:00;7751.81;28497.82;41001.69;158.27
2021-11-18T18:00+01:00;7718.95;28070.09;42545.62;150
2021-11-18T19:00+01:00;7567.75;27279.78;42932.1;133.98
2021-11-18T20:00+01:00;7463.69;24766.13;42812.47;96.89
2021-11-18T21:00+01:00;7464.21;23283.8;42524.31;83.65
2021-11-18T22:00+01:00;7474.46;22076.6;40909.22;91.59
2021-11-18T23:00+01:00;7491.41;21027;40283.02;78.59
2021-11-19T00:00+01:00;7359.31;19535.38;39552.97;71.81
2021-11-19T01:00+01:00;7336.32;18284.99;38736.36;64.55
2021-11-19T02:00+01:00;7302.9;18701.3;37848.5;64.58
2021-11-19T03:00+01:00;7294.01;19218.57;37431.29;66.84
2021-11-19T04:00+01:00;7324.83;20677.96;37260.35;76.05
2021-11-19T05:00+01:00;7329;22331.36;36742.58;80.24
2021-11-19T06:00+01:00;7302.56;25155.06;36815.29;110.09
2021-11-19T07:00+01:00;7327.55;27654.85;36861.57;139.75
2021-11-19T08:00+01:00;7328.35;28318.88;38124.03;163.61
2021-11-19T09:00+01:00;7324.3;28716.79;40240.34;171
2021-11-19T10:00+01:00;7326.52;28621.56;42124.78;169.94
2021-11-19T11:00+01:00;7334.16;28345.56;43249.36;171.31
2021-11-19T12:00+01:00;7321.49;28056.06;43350.35;165.34
2021-11-19T13:00+01:00;7324.6;28035.64;42199.02;154.23
2021-11-19T14:00+01:00;7320.89;28469.42;39475.36;162.62
2021-11-19T15:00+01:00;7329.74;28731.84;35413.31;170.08
2021-11-19T16:00+01:00;7322.79;28648.66;34159.92;167.34
2021-11-19T17:00+01:00;7316.57;28261.62;34812.21;191.97
2021-11-19T18:00+01:00;7390.24;28201.94;35151.63;193.7
2021-11-19T19:00+01:00;7603.39;28296.87;34762.2;169.35
2021-11-19T20:00+01:00;7617.35;27096.48;33741.96;122.82
2021-11-19T21:00+01:00;7625.92;26056.93;32395.89;112.04
2021-11-19T22:00+01:00;7629.27;25527.91;30620.61;104.95
2021-11-19T23:00+01:00;7626.92;24555.39;29456.77;95
2021-11-20T00:00+01:00;7628.47;23313.71;28459.84;107.01
2021-11-20T01:00+01:00;7628.05;23562.13;27687.37;90.64
2021-11-20T02:00+01:00;7630;23352.51;26588.05;86.92
2021-11-20T03:00+01:00;7622.09;23138.69;26328.17;88.5
2021-11-20T04:00+01:00;7618.21;23321.88;25706.13;92.13
2021-11-20T05:00+01:00;7616.89;24092.93;25479.08;97.55
2021-11-20T06:00+01:00;7610.58;24744.78;26192.61;88.68
2021-11-20T07:00+01:00;7613.79;25228.65;26854.02;106.4
2021-11-20T08:00+01:00;7616.38;25938.44;27861.62;114.25
2021-11-20T09:00+01:00;7616.08;26495.67;29502.18;144.79
2021-11-20T10:00+01:00;7615.79;26436.4;31510.27;127.91
2021-11-20T11:00+01:00;7616.79;25843.65;32481.78;118.24
2021-11-20T12:00+01:00;7615.78;25682.83;32954.51;110.05
2021-11-20T13:00+01:00;7615.08;25549.52;32529.78;88.64
2021-11-20T14:00+01:00;7614.33;25821.18;31800.22;122.39
2021-11-20T15:00+01:00;7612.24;26107.82;30367.78;112.85
2021-11-20T16:00+01:00;7620;26650.07;29361.18;127.16
2021-11-20T17:00+01:00;7619.05;27099.69;29608.04;199.97
2021-11-20T18:00+01:00;7619.37;26977.99;29981.85;166.44
2021-11-20T19:00+01:00;7617.89;26182.51;30276.68;112.87
2021-11-20T20:00+01:00;7620.01;24651.25;29833.54;88.61
2021-11-20T21:00+01:00;7624.38;23913.59;29854.6;83.2
2021-11-20T22:00+01:00;7629.87;23366.97;29930.19;85.01
2021-11-20T23:00+01:00;7632.49;22759.65;30303.04;85.01
2021-11-21T00:00+01:00;7546.61;22489.37;29385.18;72.61
2021-11-21T01:00+01:00;7409.08;22458.8;28663.1;78.99
2021-11-21T02:00+01:00;7299.59;21916.93;26869.22;77.44
2021-11-21T03:00+01:00;7301.14;22543.52;25554.39;77.4
2021-11-21T04:00+01:00;7298.53;23027.78;25088.1;79.06
2021-11-21T05:00+01:00;7293.02;22781.41;24653.53;82.35
2021-11-21T06:00+01:00;7309.01;23106.19;23897.42;77.47
2021-11-21T07:00+01:00;7735.77;24000.69;22883.05;80.31
2021-11-21T08:00+01:00;7878.38;26110.66;21741.87;98.18
2021-11-21T09:00+01:00;7924.2;27658.55;22164.98;124.99
2021-11-21T10:00+01:00;7925.34;28116.07;23178.99;165.38
2021-11-21T11:00+01:00;7931.34;28848.44;23993.83;198.6
2021-11-21T12:00+01:00;7930.42;29246.85;23501.41;190.38
2021-11-21T13:00+01:00;7932.23;29794.49;22030.61;173.54
2021-11-21T14:00+01:00;7923.5;30143.07;19408.06;180.87
2021-11-21T15:00+01:00;7923.17;30719.09;17559.11;198
2021-11-21T16:00+01:00;7919.85;31311.19;17947.28;213.63
2021-11-21T17:00+01:00;7946.04;31552.74;18823.77;240
2021-11-21T18:00+01:00;7993.26;31507.64;19889.6;247.76
2021-11-21T19:00+01:00;7995.87;31457.61;20744.36;225
2021-11-21T20:00+01:00;7992.97;31212.67;20996.15;185
2021-11-21T21:00+01:00;7993.37;29577.07;21247.54;145.39
2021-11-21T22:00+01:00;7998.19;29154.19;20639.41;146.88
2021-11-21T23:00+01:00;7999;28902.15;19981.76;116.82
2021-11-22T00:00+01:00;8004.13;27105.67;19217.56;175.86
2021-11-22T01:00+01:00;8008.07;27315.2;18918.45;158.08
2021-11-22T02:00+01:00;8004.25;27502.8;18381.07;144.91
2021-11-22T03:00+01:00;8002.68;27754.77;18271.85;137.67
2021-11-22T04:00+01:00;8005.28;28786.68;18037.49;154.45
2021-11-22T05:00+01:00;8009.61;30761.15;17866.06;169
2021-11-22T06:00+01:00;8004.26;33127.7;18101.93;239.78
2021-11-22T07:00+01:00;8008.76;35138.8;18601.89;289.56
2021-11-22T08:00+01:00;8000.66;36426.93;19143.43;300.05
2021-11-22T09:00+01:00;8000.87;36921.91;20040.56;298.22
2021-11-22T10:00+01:00;7991.26;36999.01;22767.7;289.62
2021-11-22T11:00+01:00;7996.91;35827.75;24831.25;264.95
2021-11-22T12:00+01:00;7998.55;35371.63;25403.31;248.07
2021-11-22T13:00+01:00;7995.33;35393;24245.84;249.28
2021-11-22T14:00+01:00;7996.45;36328.64;21077.49;256.53
2021-11-22T15:00+01:00;7995.45;36965.87;17978.51;279.47
2021-11-22T16:00+01:00;7987.97;37329.85;17658.11;288.51
2021-11-22T17:00+01:00;7989.66;37323.19;19553.33;318.87
2021-11-22T18:00+01:00;7998.41;36859.64;20870.15;302
2021-11-22T19:00+01:00;7997.06;35955.7;22573.62;254.39
2021-11-22T20:00+01:00;7989.63;34991.95;24171.31;232.92
2021-11-22T21:00+01:00;7993.4;34271.13;25364.7;202.11
2021-11-22T22:00+01:00;7991.39;32251.94;26095.08;202.26
2021-11-22T23:00+01:00;8002.17;29798.47;26409.29;139.43
2021-11-23T00:00+01:00;7799.46;28039.22;27252.59;168.4
2021-11-23T01:00+01:00;7607.36;28022.41;27485.66;157.98
2021-11-23T02:00+01:00;7505.82;27317.8;27783.4;143.35
2021-11-23T03:00+01:00;7466.19;27545.35;26684.29;142.37
2021-11-23T04:00+01:00;7462.51;28328.3;26082.76;160
2021-11-23T05:00+01:00;7458.75;28904.68;25579.47;172.34
2021-11-23T06:00+01:00;7543.96;32478.42;24591.44;193.16
2021-11-23T07:00+01:00;7643.14;36189.01;22953.13;254.18
2021-11-23T08:00+01:00;7867.25;36932.63;22633.11;290
2021-11-23T09:00+01:00;8002.95;37342.96;24407.99;278.99
2021-11-23T10:00+01:00;8007.26;37411.72;26195.98;260.22
2021-11-23T11:00+01:00;7991.15;37148.79;27917.36;257.55
2021-11-23T12:00+01:00;7990.76;36984.41;27790.68;248.02
2021-11-23T13:00+01:00;7993.62;37272.84;25710.05;258.07
2021-11-23T14:00+01:00;7990.61;37415.55;21965.46;278.69
2021-11-23T15:00+01:00;7988.38;37697.44;18051.05;300
2021-11-23T16:00+01:00;7988.11;37605.35;16612.64;317.34
2021-11-23T17:00+01:00;7981.28;38113.17;16987.83;348.21
2021-11-23T18:00+01:00;7989.53;38179.33;17027.52;342.13
2021-11-23T19:00+01:00;7938.61;37723.24;16822.28;300
2021-11-23T20:00+01:00;7943.24;37084.25;16864.3;279.64
2021-11-23T21:00+01:00;7912.52;36279.05;16432.98;235.36
2021-11-23T22:00+01:00;7905.87;35569.92;16563.18;218.85
2021-11-23T23:00+01:00;7904.49;34521.96;16554.15;200.04
2021-11-24T00:00+01:00;7919.09;35110.67;16895.86;190.06
2021-11-24T01:00+01:00;7865.1;34708.43;16563.54;184.81
2021-11-24T02:00+01:00;7856.44;34170.52;16187.23;178.16
2021-11-24T03:00+01:00;7854.97;34293.11;15818.45;171.62
2021-11-24T04:00+01:00;7857.65;35637.47;15410.68;191.15
2021-11-24T05:00+01:00;7855.14;37647.9;15003.66;205.06
2021-11-24T06:00+01:00;7893.86;39057.89;14732.87;225.08
2021-11-24T07:00+01:00;7938.19;40060.22;14812.58;305.88
2021-11-24T08:00+01:00;7996.31;40678.27;16182.17;344.98
2021-11-24T09:00+01:00;8009.46;40825.15;18585.37;330.02
2021-11-24T10:00+01:00;8008.34;40826.41;20879.35;321.35
2021-11-24T11:00+01:00;8000.28;41041.01;22479.86;313.05
2021-11-24T12:00+01:00;7992.01;41119.51;22896.23;299.99
2021-11-24T13:00+01:00;7981.01;41317.58;21683.77;300
2021-11-24T14:00+01:00;7997.21;41875.79;19589.57;328
2021-11-24T15:00+01:00;7996.4;42074.59;17279.69;342.18
2021-11-24T16:00+01:00;7991.73;42056.39;16220.76;350.92
2021-11-24T17:00+01:00;7996.15;42398.43;16368.25;385
2021-11-24T18:00+01:00;7983.41;42133.84;16771.06;345
2021-11-24T19:00+01:00;7984.74;41011.56;17093.7;319.09
2021-11-24T20:00+01:00;7991.88;40252.63;17334.31;283.42
2021-11-24T21:00+01:00;7994.77;39563.46;17056.51;250.78
2021-11-24T22:00+01:00;8002.33;39649.8;16424.38;216.67
2021-11-24T23:00+01:00;7980.96;38508.39;15868.27;190.97
2021-11-25T00:00+01:00;7804.68;36230.6;15590.93;200.03
2021-11-25T01:00+01:00;7564.62;34676.06;15149.46;204.47
2021-11-25T02:00+01:00;7414.87;33609.09;14658.27;193.52
2021-11-25T03:00+01:00;7405.28;33565.49;14025.83;194.13
2021-11-25T04:00+01:00;7405.99;34730.16;13942.47;207.09
2021-11-25T05:00+01:00;7395.2;36427.13;14710.05;212.38
2021-11-25T06:00+01:00;7390.95;39057.47;15865.46;281.09
2021-11-25T07:00+01:00;7521.42;40157.7;16855.16;330
2021-11-25T08:00+01:00;7771.4;40473.03;18446.52;352.11
2021-11-25T09:00+01:00;7840.6;40408.2;20400.36;310
2021-11-25T10:00+01:00;7843.6;40469.24;21611.14;294.93
2021-11-25T11:00+01:00;7839.63;40709.86;22433.4;290.36
2021-11-25T12:00+01:00;7845.4;40907.79;23680.88;290
2021-11-25T13:00+01:00;7846.11;40944.59;24441.93;292.64
2021-11-25T14:00+01:00;7843.91;40854.02;24322.23;290
2021-11-25T15:00+01:00;7711.51;40930.53;23827.25;288.49
2021-11-25T16:00+01:00;7644.05;41006.29;24723.33;282.91
2021-11-25T17:00+01:00;7650.96;40951.6;25619.27;288.02
2021-11-25T18:00+01:00;7652.29;40538.89;26321.3;260.69
2021-11-25T19:00+01:00;7653.92;39415.95;25472.47;188.07
2021-11-25T20:00+01:00;7654.05;37404.14;24388.85;152.44
2021-11-25T21:00+01:00;7655.99;35304.02;23022.59;152.11
2021-11-25T22:00+01:00;7652.49;34349.34;22592.96;155.28
2021-11-25T23:00+01:00;7645.63;32792.14;21209.13;129.55
2021-11-26T00:00+01:00;7643.68;31726.45;20435.08;155.45
2021-11-26T01:00+01:00;7654.15;31491.55;19278.1;159.74
2021-11-26T02:00+01:00;7650.72;31462.06;18010.95;148.81
2021-11-26T03:00+01:00;7647.81;31557.18;17350.49;148.8
2021-11-26T04:00+01:00;7651.73;31231.37;17014.65;153.7
2021-11-26T05:00+01:00;7645.59;32859.92;16986.23;164.7
2021-11-26T06:00+01:00;7685.28;36956.66;17570.65;213.3
2021-11-26T07:00+01:00;7782.31;39117.7;19464.46;269.08
2021-11-26T08:00+01:00;7817.08;39968.91;21568.42;288.99
2021-11-26T09:00+01:00;7812.22;40031.24;24401.84;282.56
2021-11-26T10:00+01:00;7810.99;39733.67;26650.02;272.53
2021-11-26T11:00+01:00;7806.52;39065.51;28431.87;215.97
2021-11-26T12:00+01:00;7810.42;38263.97;29297.11;234.4
2021-11-26T13:00+01:00;7806.52;37501.13;29458.24;188.19
2021-11-26T14:00+01:00;7759.27;36799.32;29294.09;182.82
2021-11-26T15:00+01:00;7708.45;36669.7;29338.91;180.45
2021-11-26T16:00+01:00;7747.86;36920.57;30672.86;191.38
2021-11-26T17:00+01:00;7753.23;37076.74;32627.29;225.88
2021-11-26T18:00+01:00;7753.52;36340.1;33680.22;182.06
2021-11-26T19:00+01:00;7710.12;34527.53;33612.53;165.15
2021-11-26T20:00+01:00;7635.26;32049.66;32576.73;150.1
2021-11-26T21:00+01:00;7712.31;31065.87;31069.28;119.18
2021-11-26T22:00+01:00;7722.4;30499.87;28987.48;118.66
2021-11-26T23:00+01:00;7609.35;29481.75;27548.44;109.11
2021-11-27T00:00+01:00;7587.89;28183.11;26107.82;130.08
2021-11-27T01:00+01:00;7489.56;28492.08;24886.26;153.33
2021-11-27T02:00+01:00;7470.87;28398.2;24015.91;151.4
2021-11-27T03:00+01:00;7548.11;28574.04;23017.17;157.11
2021-11-27T04:00+01:00;7596.76;28924.83;22347.08;160.49
2021-11-27T05:00+01:00;7587.62;29719.01;22018.73;167.08
2021-11-27T06:00+01:00;7605.56;31140.31;21766.53;169.16
2021-11-27T07:00+01:00;7602.01;32838.67;21047.73;189.1
2021-11-27T08:00+01:00;7625.35;35114.8;20935.15;209.39
2021-11-27T09:00+01:00;7644.83;36654.59;21988.77;219.09
2021-11-27T10:00+01:00;7649.54;37368.38;21983.61;222.13
2021-11-27T11:00+01:00;7649.59;37641.84;21306.02;225.54
2021-11-27T12:00+01:00;7650.01;37671.7;20350.49;219.09
2021-11-27T13:00+01:00;7654.47;37414.83;18672.6;216.02
2021-11-27T14:00+01:00;7744.42;37747.04;16631.98;218.9
2021-11-27T15:00+01:00;7748.69;37706.04;15062.5;225
2021-11-27T16:00+01:00;7754.57;37805.16;14396.15;231.26
2021-11-27T17:00+01:00;7850.08;38103.77;14976.06;270.8
2021-11-27T18:00+01:00;7802.18;38026.69;15539.25;265.96
2021-11-27T19:00+01:00;7653.55;37900.82;15760.52;240
2021-11-27T20:00+01:00;7650.05;37499.02;15505.32;213.29
2021-11-27T21:00+01:00;7648.14;35919.75;15364.58;212.4
2021-11-27T22:00+01:00;7655.49;35448.01;14666.79;204.08
2021-11-27T23:00+01:00;7647.57;33483.99;13730.65;198.83
2021-11-28T00:00+01:00;7631.17;31514.97;13145.1;193.95
2021-11-28T01:00+01:00;7630.67;31410.18;13099.88;188.88
2021-11-28T02:00+01:00;7632.73;31230.73;12971.47;188.12
2021-11-28T03:00+01:00;7633.68;31198.03;13032.65;181.2
2021-11-28T04:00+01:00;7633.77;31165.29;12662.05;176
2021-11-28T05:00+01:00;7588.78;31367.77;12722.1;174.5
2021-11-28T06:00+01:00;7513.6;31785.36;13159.34;181.4
2021-11-28T07:00+01:00;7509.31;32371.83;12535.82;184.77
2021-11-28T08:00+01:00;7513.7;33045.61;13846.5;185.99
2021-11-28T09:00+01:00;7613.34;33486.84;14604.01;199.99
2021-11-28T10:00+01:00;7659.25;34185.19;16183.04;203.01
2021-11-28T11:00+01:00;7659.03;34369.6;17876.21;209.76
2021-11-28T12:00+01:00;7658.64;34016.05;18122.6;210.07
2021-11-28T13:00+01:00;7657.3;33947.01;17347.98;198.28
2021-11-28T14:00+01:00;7659.5;34602.72;15492.89;198.34
2021-11-28T15:00+01:00;7656.42;34892.22;13946.38;205.11
2021-11-28T16:00+01:00;7653.68;34679.63;14048.24;217.03
2021-11-28T17:00+01:00;7641.2;34776.84;14661.1;245.13
2021-11-28T18:00+01:00;7644.45;34383.88;14741.5;247.94
2021-11-28T19:00+01:00;7624.52;34149;14813.52;238.15
2021-11-28T20:00+01:00;7465.52;34245.81;14714.73;216.63
2021-11-28T21:00+01:00;7471.4;34301.5;14984.83;204.69
2021-11-28T22:00+01:00;7467.21;34237.39;15113.71;201.8
2021-11-28T23:00+01:00;7463.44;33463.39;14902.6;177.24
2021-11-29T00:00+01:00;7615.96;32396.36;14681.09;155.39
2021-11-29T01:00+01:00;7770.12;32447.35;14522.07;151.31
2021-11-29T02:00+01:00;7779.56;32230.8;13795.88;141.13
2021-11-29T03:00+01:00;7769.66;32330.24;14256.25;136.65
2021-11-29T04:00+01:00;7795.1;32910.34;14450.31;143.39
2021-11-29T05:00+01:00;7800.4;35492.25;14880.97;160.51
2021-11-29T06:00+01:00;7798.47;37996.43;16084.5;221.07
2021-11-29T07:00+01:00;7795.94;39984.91;16906.72;289.44
2021-11-29T08:00+01:00;7800.6;40610.54;17955.88;331.14
2021-11-29T09:00+01:00;7882.6;40607.28;19349.13;320.09
2021-11-29T10:00+01:00;7982.19;40651.01;20037.9;295.83
2021-11-29T11:00+01:00;7983.37;40627.54;20421.1;298.54
2021-11-29T12:00+01:00;7983.4;40581.86;20517.78;299.03
2021-11-29T13:00+01:00;7989.37;40782.66;19513.29;329.2
2021-11-29T14:00+01:00;7989.64;40759.34;17894.58;342.77
2021-11-29T15:00+01:00;7993.37;40879.38;16971.47;352.11
2021-11-29T16:00+01:00;7993.05;40866.73;16840.58;360
2021-11-29T17:00+01:00;7985.77;41084.23;16615.11;421.87
2021-11-29T18:00+01:00;7984.83;41026.46;16634.17;410.13
2021-11-29T19:00+01:00;7987.74;40791.87;16956.28;355.06
2021-11-29T20:00+01:00;7989.8;39285.82;18650.03;310.16
2021-11-29T21:00+01:00;7658.25;34892.98;22295.87;234.68
2021-11-29T22:00+01:00;7389.48;32050.79;25780.46;193.53
2021-11-29T23:00+01:00;7486.02;29011.44;28936.28;130.05
2021-11-30T00:00+01:00;7516.54;25159.18;31776.13;113.9
2021-11-30T01:00+01:00;7384.52;23245.78;35188.88;100.51
2021-11-30T02:00+01:00;6991.33;21154.41;39320.68;91.93
2021-11-30T03:00+01:00;6909.1;19463.93;42746.92;73.06
2021-11-30T04:00+01:00;6667.26;18286.33;44834.11;64.82
2021-11-30T05:00+01:00;6596.6;18957.42;47924.23;69.75
2021-11-30T06:00+01:00;6854.93;20133.15;52069.49;71.56
2021-11-30T07:00+01:00;6989.68;22456.35;52819.18;93.97
2021-11-30T08:00+01:00;7363.7;23656.64;51373.45;92.39
2021-11-30T09:00+01:00;7400.41;25536.29;51597.04;94.65
2021-11-30T10:00+01:00;7369.55;25974.73;53320.88;96.68
2021-11-30T11:00+01:00;7407.7;26612.62;54477.74;108.44
2021-11-30T12:00+01:00;7395.08;26652.49;54776.84;112.19
2021-11-30T13:00+01:00;7404.3;26024.39;54330.89;110.05
2021-11-30T14:00+01:00;7416.37;26546.61;52621.53;112.95
2021-11-30T15:00+01:00;7416.32;27173.9;50692.89;124.91
2021-11-30T16:00+01:00;7326.28;27521.37;48439.13;131.8
2021-11-30T17:00+01:00;7321.2;28829.77;45122.36;187.28
2021-11-30T18:00+01:00;7330.6;28958.82;40816.11;228.92
2021-11-30T19:00+01:00;7416.82;28955.7;34831.47;232.6
2021-11-30T20:00+01:00;7430.73;28976.51;30215.21;215.06
2021-11-30T21:00+01:00;7423.81;27855.32;27750.45;171.89
2021-11-30T22:00+01:00;7427.51;27510.38;26112.76;145.89
2021-11-30T23:00+01:00;7423.83;26249.57;25902.35;126.94
2021-12-01T00:00+01:00;7427.77;24609.08;28550.93;127.25
2021-12-01T01:00+01:00;7412.55;22546.72;31804.95;107
2021-12-01T02:00+01:00;7409.19;21659.44;34891.63;97.39
2021-12-01T03:00+01:00;7407.3;20729.84;37931.39;93.97
2021-12-01T04:00+01:00;7406.29;20204.19;40474.05;86.86
2021-12-01T05:00+01:00;7408.36;21455.18;44516.38;94.27
2021-12-01T06:00+01:00;7382.7;22203.8;47763.09;115.82
2021-12-01T07:00+01:00;7391.46;22132.59;50012.19;110.01
2021-12-01T08:00+01:00;7389.47;21267.2;51906.26;103.93
2021-12-01T09:00+01:00;7331.7;20938.39;54305.39;94.3
2021-12-01T10:00+01:00;7190.1;20877.71;56491.85;86.88
2021-12-01T11:00+01:00;7190.78;20789.61;57800.65;86.89
2021-12-01T12:00+01:00;7183.2;20578.23;56914.44;84.7
2021-12-01T13:00+01:00;7294.36;21168.62;55617.36;85.91
2021-12-01T14:00+01:00;7469.45;22250.1;54352.62;85.93
2021-12-01T15:00+01:00;7598.01;22538.3;53532.16;84.67
2021-12-01T16:00+01:00;7445.32;22484.73;53011.81;87.74
2021-12-01T17:00+01:00;7328.91;22620.29;52678.72;96.76
2021-12-01T18:00+01:00;7128.91;21875.44;51866.78;90.53
2021-12-01T19:00+01:00;7131.98;21187.29;50893.89;76.99
2021-12-01T20:00+01:00;7131.79;20430.24;50471.07;71.2
2021-12-01T21:00+01:00;7131.43;19885.17;49059.82;70.43
2021-12-01T22:00+01:00;7128.13;19365.39;46679.64;73.5
2021-12-01T23:00+01:00;7108.65;18587.85;45827.29;71.17
2021-12-02T00:00+01:00;7124.6;17229.69;44095.56;36.98
2021-12-02T01:00+01:00;7125.73;16858.22;42734.25;28.72
2021-12-02T02:00+01:00;7204.02;17183.8;40432.89;37.08
2021-12-02T03:00+01:00;7544.65;19662.19;38354.85;63.76
2021-12-02T04:00+01:00;7649.07;22083.94;35715.56;76.15
2021-12-02T05:00+01:00;7782.6;25302.44;33135.69;92.63
2021-12-02T06:00+01:00;7773.24;28936.3;31673.79;159.65
2021-12-02T07:00+01:00;7793.79;32107.32;30365.23;207.25
2021-12-02T08:00+01:00;7804.87;35065.93;29805.12;234.9
2021-12-02T09:00+01:00;7804.96;36322.81;30531.91;233.75
2021-12-02T10:00+01:00;7810.65;36050.13;31801.38;208.04
2021-12-02T11:00+01:00;7806.44;35882.12;31562.44;228.29
2021-12-02T12:00+01:00;7800.08;36332.58;30078.58;232.13
2021-12-02T13:00+01:00;7706.35;36523.77;27289.57;233.86
2021-12-02T14:00+01:00;7528.91;37194.98;23984.07;258.09
2021-12-02T15:00+01:00;7538.06;38241.24;20848.99;304.96
2021-12-02T16:00+01:00;7534.84;38818.82;20580.45;327.82
2021-12-02T17:00+01:00;7517.56;39236.87;21074.41;354.98
2021-12-02T18:00+01:00;7522.01;39540.6;21230.24;330
2021-12-02T19:00+01:00;7511.82;39050.11;22380.41;283.98
2021-12-02T20:00+01:00;7537.95;36833.66;24114.83;228.85
2021-12-02T21:00+01:00;7538.43;33702.69;23500.19;203.08
2021-12-02T22:00+01:00;7538.94;30913.34;24386.62;183.54
2021-12-02T23:00+01:00;7561.91;28166.55;26090.78;132.49
2021-12-03T00:00+01:00;7681.48;26377.74;27040.83;153.93
2021-12-03T01:00+01:00;7678.64;25949.17;28575.99;124.99
2021-12-03T02:00+01:00;7674.76;24422.92;29274.42;118.09
2021-12-03T03:00+01:00;7673.71;23854.96;31026.89;111.39
2021-12-03T04:00+01:00;7669.75;24318.63;31871.18;115.02
2021-12-03T05:00+01:00;7725.43;25375.8;33581.36;130.73
2021-12-03T06:00+01:00;7753.26;27313.03;34585.28;169.95
2021-12-03T07:00+01:00;7759.06;27814.81;35215.99;242.08
2021-12-03T08:00+01:00;7749.43;27756.82;38221.54;256.41
2021-12-03T09:00+01:00;7749.91;27682.37;41373.98;217.52
2021-12-03T10:00+01:00;7748.51;26824.22;45136.12;179.96
2021-12-03T11:00+01:00;7716.46;26405.29;48786.72;159.92
2021-12-03T12:00+01:00;7709.54;25935.36;50344;140.01
2021-12-03T13:00+01:00;7648.23;25448.52;49491.95;140.8
2021-12-03T14:00+01:00;7576.29;25580.34;47755.56;138.23
2021-12-03T15:00+01:00;7515.35;25646.09;45808.94;143.72
2021-12-03T16:00+01:00;7501.58;26121.43;46164.54;159.98
2021-12-03T17:00+01:00;7503.88;26625.61;47321.96;170.03
2021-12-03T18:00+01:00;7497.23;25936.68;48391.57;138.25
2021-12-03T19:00+01:00;7498.43;24971.5;47549.98;130.3
2021-12-03T20:00+01:00;7510.21;24186.48;45768.81;115.22
2021-12-03T21:00+01:00;7515.82;24137.92;42607.31;116.71
2021-12-03T22:00+01:00;7514.66;24093.92;37811.84;119.59
2021-12-03T23:00+01:00;7516.13;24638.41;33940.76;106.48
2021-12-04T00:00+01:00;7520.35;24693.07;30177.03;125.06
2021-12-04T01:00+01:00;7463.1;24595.97;26615.44;125.28
2021-12-04T02:00+01:00;7459.22;25243.31;23431.63;171.46
2021-12-04T03:00+01:00;7589.65;26078.98;20769.9;185
2021-12-04T04:00+01:00;7702.27;26551.33;18526.08;185.01
2021-12-04T05:00+01:00;7742.64;27036.8;17035.93;183.79
2021-12-04T06:00+01:00;7795.23;28737.94;15665.16;187.6
2021-12-04T07:00+01:00;7898.24;29939.77;14927.72;205
2021-12-04T08:00+01:00;7933.53;30937.46;14647.62;222.79
2021-12-04T09:00+01:00;7929.44;31482.26;14977.64;235.01
2021-12-04T10:00+01:00;7928.09;31287.33;15493.82;239.55
2021-12-04T11:00+01:00;7924.84;30926.02;16217.94;235.01
2021-12-04T12:00+01:00;7911.85;30730.41;16847.35;237.92
2021-12-04T13:00+01:00;7916.12;30930.07;16358.31;222
2021-12-04T14:00+01:00;7873.07;30893.2;15939.93;218.73
2021-12-04T15:00+01:00;7709.83;31011.36;17210.01;210
2021-12-04T16:00+01:00;7636.51;31169.74;19153.9;222
2021-12-04T17:00+01:00;7632.22;31541.35;21130.91;243.05
2021-12-04T18:00+01:00;7623.64;31436.7;22575.71;230.57
2021-12-04T19:00+01:00;7620.57;29942.24;23561.93;196.77
2021-12-04T20:00+01:00;7653.24;28393.28;24536.78;200.27
2021-12-04T21:00+01:00;7680.03;27132.63;24735.42;157.71
2021-12-04T22:00+01:00;7690.19;26989.41;24315.4;150.89
2021-12-04T23:00+01:00;7692.14;26173.97;24501.15;119.86
2021-12-05T00:00+01:00;7691.8;24267.96;25372.53;87.48
2021-12-05T01:00+01:00;7699.26;23257.56;26139.13;87.92
2021-12-05T02:00+01:00;7699.36;22387.91;26234.38;84.63
2021-12-05T03:00+01:00;7687.5;22886.14;25419.17;80.99
2021-12-05T04:00+01:00;7690.34;22861.7;24077.89;80.92
2021-12-05T05:00+01:00;7694.66;23260.26;22675.51;84.77
2021-12-05T06:00+01:00;7694.65;24300.35;22310.77;80.97
2021-12-05T07:00+01:00;7689.1;25614.78;22211.24;91.9
2021-12-05T08:00+01:00;7683.68;27080.68;22513.11;100.05
2021-12-05T09:00+01:00;7689.91;28224.63;23575.97;121.43
2021-12-05T10:00+01:00;7683.16;29354.34;24950.82;132.56
2021-12-05T11:00+01:00;7686.08;30153.58;25340.9;210
2021-12-05T12:00+01:00;7687;30623.57;24373.7;200.06
2021-12-05T13:00+01:00;7683.85;31105.56;22096.66;197.56
2021-12-05T14:00+01:00;7682.55;31368.99;19778.09;201.02
2021-12-05T15:00+01:00;7682.34;31783.79;18098.43;209.78
2021-12-05T16:00+01:00;7678.15;32493.42;17975.67;229.07
2021-12-05T17:00+01:00;7692.11;32719.55;18535.33;256.91
2021-12-05T18:00+01:00;7694.37;32540.26;19117.15;260
2021-12-05T19:00+01:00;7688.94;32213.29;19383.42;220.98
2021-12-05T20:00+01:00;7685.87;31925.28;18804.1;208.64
2021-12-05T21:00+01:00;7684.3;31291.54;18092.37;195.38
2021-12-05T22:00+01:00;7684.49;31115.77;17579.85;196.13
2021-12-05T23:00+01:00;7685.28;30055.5;17351.48;165.92
2021-12-06T00:00+01:00;7692.22;29482.77;17296.95;197.53
2021-12-06T01:00+01:00;7695.77;29721.08;16268.19;182.57
2021-12-06T02:00+01:00;7696.37;29851.93;15938.79;184.2
2021-12-06T03:00+01:00;7698.51;30042.01;15405.92;174.12
2021-12-06T04:00+01:00;7695.6;31482.12;15224.36;174.14
2021-12-06T05:00+01:00;7694.05;33787.96;15526.28;181.95
2021-12-06T06:00+01:00;7711.46;37221.28;15628.11;263.39
2021-12-06T07:00+01:00;7719.05;40306.38;15750.97;348.1
2021-12-06T08:00+01:00;7708.69;40871.96;16629.89;371.54
2021-12-06T09:00+01:00;7718.62;40926.36;17801.12;363.67
2021-12-06T10:00+01:00;7719.92;40364.31;19413.47;360
2021-12-06T11:00+01:00;7717.32;40338.76;20775.43;353.01
2021-12-06T12:00+01:00;7711.21;40202.39;20984.47;331.71
2021-12-06T13:00+01:00;7714.99;40083.22;20641.12;315.13
2021-12-06T14:00+01:00;7713.77;39944.91;19713.31;314.93
2021-12-06T15:00+01:00;7706.41;39455.77;19458.12;317.07
2021-12-06T16:00+01:00;7709.87;39230.18;20914.82;313.9
2021-12-06T17:00+01:00;7710.29;39377.67;22915.26;313.64
2021-12-06T18:00+01:00;7695.91;38768.11;24778.22;276.4
2021-12-06T19:00+01:00;7693.58;37407.09;26413.93;250.02
2021-12-06T20:00+01:00;7688.46;34734.64;27638.1;225.8
2021-12-06T21:00+01:00;7692.95;32977.62;27808.87;199
2021-12-06T22:00+01:00;7698.65;32045.95;27847.23;195.5
2021-12-06T23:00+01:00;7690.46;30669.81;28813.69;162.1
2021-12-07T00:00+01:00;7710.63;28218.65;30373.36;131.45
2021-12-07T01:00+01:00;7716.23;27487.96;31116.69;119.95
2021-12-07T02:00+01:00;7728.7;26682;30927.79;114.9
2021-12-07T03:00+01:00;7726.18;27282.09;29330.88;114.61
2021-12-07T04:00+01:00;7722.26;29669.23;27791.49;131.01
2021-12-07T05:00+01:00;7720.38;32432.87;26841.76;145.45
2021-12-07T06:00+01:00;7712.04;36946.58;26834.15;210.06
2021-12-07T07:00+01:00;7711.4;40142.65;26915.8;280.01
2021-12-07T08:00+01:00;7707.05;41037.91;26115.34;299.15
2021-12-07T09:00+01:00;7707.33;41298.41;25552.79;294.99
2021-12-07T10:00+01:00;7706.62;41168.96;25560.13;285.56
2021-12-07T11:00+01:00;7705.69;41190.05;26394.28;291.75
2021-12-07T12:00+01:00;7702.69;40891.48;27163.11;283.94
2021-12-07T13:00+01:00;7697.12;40770.24;25883.34;280.17
2021-12-07T14:00+01:00;7695.19;40695.75;23031.47;287.2
2021-12-07T15:00+01:00;7700.55;40278.33;21291.73;292.62
2021-12-07T16:00+01:00;7702.71;40408.38;22299.18;294.94
2021-12-07T17:00+01:00;7700.34;39863.64;26526.3;279.96
2021-12-07T18:00+01:00;7599.01;38214.83;30504.76;250.09
2021-12-07T19:00+01:00;7399.08;34953.16;33532.78;210.97
2021-12-07T20:00+01:00;7308.93;31854.97;35914.06;198.35
2021-12-07T21:00+01:00;7304.51;28823.69;38129.35;177.43
2021-12-07T22:00+01:00;7300.37;26100.96;39346.58;122.53
2021-12-07T23:00+01:00;6928.17;23300.06;40872.76;91.36
2021-12-08T00:00+01:00;6887.4;19858.51;41339.65;85.46
2021-12-08T01:00+01:00;6885.85;19315.4;41828.3;77.64
2021-12-08T02:00+01:00;6875.65;18688.79;40680.65;69.96
2021-12-08T03:00+01:00;6886.24;19013.34;40331.27;66.08
2021-12-08T04:00+01:00;6874.59;20061.65;41581.81;79.95
2021-12-08T05:00+01:00;6888.25;21278.56;40355.3;92.02
2021-12-08T06:00+01:00;7187.83;26953.21;40309.88;117.46
2021-12-08T07:00+01:00;7637.63;31193.91;38461.78;174.28
2021-12-08T08:00+01:00;7660;33188.85;37070.8;227.96
2021-12-08T09:00+01:00;7657.32;33789.25;36097.49;222.92
2021-12-08T10:00+01:00;7661.11;34496.05;34772.39;201.96
2021-12-08T11:00+01:00;7676.49;35169;33163.14;204.98
2021-12-08T12:00+01:00;7681.07;36599.61;31598.73;214.66
2021-12-08T13:00+01:00;7679.77;37402.38;29711.84;220.01
2021-12-08T14:00+01:00;7680.05;38088.5;27739.01;240.07
2021-12-08T15:00+01:00;7685.08;38582.74;25608.02;247.19
2021-12-08T16:00+01:00;7681.99;38659.69;24484.12;261.54
2021-12-08T17:00+01:00;7686.75;38756.09;24332.99;292
2021-12-08T18:00+01:00;7683.85;38870.14;23877.37;266.48
2021-12-08T19:00+01:00;7684.57;38296.11;23181.08;252
2021-12-08T20:00+01:00;7679.61;37409.88;22164.95;210.7
2021-12-08T21:00+01:00;7682.86;35949.73;20526.77;196.7
2021-12-08T22:00+01:00;7689.07;34493.84;19114.73;221.21
2021-12-08T23:00+01:00;7685.96;34068.47;18262;174.21
2021-12-09T00:00+01:00;7688.66;33830.79;17825.88;189.68
2021-12-09T01:00+01:00;7687.61;34153.98;17934.94;194.74
2021-12-09T02:00+01:00;7687.97;33507.82;17022.37;170.51
2021-12-09T03:00+01:00;7693.19;33856.57;16303.85;181.07
2021-12-09T04:00+01:00;7783.7;34477.73;16207.7;194.96
2021-12-09T05:00+01:00;7901.96;35550.66;16277.89;196.83
2021-12-09T06:00+01:00;7916.03;38497.23;16455.02;247.68
2021-12-09T07:00+01:00;7926.33;40645.03;16543.88;308.2
2021-12-09T08:00+01:00;7920.45;41999.25;16603.61;338.29
2021-12-09T09:00+01:00;7919.74;42252.84;17092.25;346.2
2021-12-09T10:00+01:00;7922.69;42253.86;17488.93;338.99
2021-12-09T11:00+01:00;7916.72;42191.08;17676.14;340
2021-12-09T12:00+01:00;7905.08;42531.96;17865.52;335.64
2021-12-09T13:00+01:00;7905.48;42573.07;17500.91;334.51
2021-12-09T14:00+01:00;7902.96;42646.2;16491.71;342.19
2021-12-09T15:00+01:00;7906.95;42933.45;15908.09;343
2021-12-09T16:00+01:00;7906.2;43073.56;16444.05;349.21
2021-12-09T17:00+01:00;7905.76;43112.4;16909.88;355.69
2021-12-09T18:00+01:00;7825.39;42817.89;17444.3;345
2021-12-09T19:00+01:00;7692.31;41990.6;18228;316.3
2021-12-09T20:00+01:00;7647.94;40401.36;19061.23;260.6
2021-12-09T21:00+01:00;7654.44;38543.53;19501;220
2021-12-09T22:00+01:00;7660.25;36600.29;19715.84;224.95
2021-12-09T23:00+01:00;7663.34;33907.78;19306.05;194.97
2021-12-10T00:00+01:00;7662.61;32125.54;18404.88;197.97
2021-12-10T01:00+01:00;7665.69;30911.67;18019.97;175.33
2021-12-10T02:00+01:00;7667.56;30709.24;17918.19;152.68
2021-12-10T03:00+01:00;7666.6;29766.26;17572.8;146.78
2021-12-10T04:00+01:00;7669.81;30357.2;17503.7;155.01
2021-12-10T05:00+01:00;7672.3;32143.02;17633.24;200.02
2021-12-10T06:00+01:00;7671.42;35737.58;18691.72;237.98
2021-12-10T07:00+01:00;7676.26;38661.18;19866.57;282.83
2021-12-10T08:00+01:00;7678.97;39401.14;20949.24;299.5
2021-12-10T09:00+01:00;7682.38;39753.44;21810.1;290.81
2021-12-10T10:00+01:00;7685.38;40552.76;22085.12;282.78
2021-12-10T11:00+01:00;7688.21;40798.81;21485.97;266.49
2021-12-10T12:00+01:00;7691.09;40798.11;19592.9;250.79
2021-12-10T13:00+01:00;7690.36;40655.78;17055.98;245.1
2021-12-10T14:00+01:00;7701.51;41105.19;14390.07;242.85
2021-12-10T15:00+01:00;7701.87;41057.42;12618.84;254.61
2021-12-10T16:00+01:00;7705.67;40794.07;12710.1;274.76
2021-12-10T17:00+01:00;7697.49;40780.29;13103.81;300.04
2021-12-10T18:00+01:00;7702.09;40588.35;12770.55;297.35
2021-12-10T19:00+01:00;7694.89;39833.29;12139.53;265.41
2021-12-10T20:00+01:00;7695.91;38427.89;11403.93;254.57
2021-12-10T21:00+01:00;7689.35;37265.33;10662.72;234.28
2021-12-10T22:00+01:00;7685.77;36670.03;10093.96;233.38
2021-12-10T23:00+01:00;7681.94;34582.99;9781.77;213.41
2021-12-11T00:00+01:00;7685.37;31840.74;9661.69;221.11
2021-12-11T01:00+01:00;7689.71;31938.22;9668.11;213.53
2021-12-11T02:00+01:00;7690.49;30832.48;9677.16;208.03
2021-12-11T03:00+01:00;7686.93;30922.78;9882.14;206.6
2021-12-11T04:00+01:00;7692.53;31438.49;10260.21;201.6
2021-12-11T05:00+01:00;7688.43;31581.4;10472.94;206.7
2021-12-11T06:00+01:00;7775.92;33008.97;10790.64;220.07
2021-12-11T07:00+01:00;7889.48;34900.94;11525.32;243.9
2021-12-11T08:00+01:00;7914.15;35414.5;12481.64;273.17
2021-12-11T09:00+01:00;7919.84;35641.02;14477.16;294.98
2021-12-11T10:00+01:00;7920.65;35846.06;17454.43;291.05
2021-12-11T11:00+01:00;7919.99;35864.28;19491.23;294.14
2021-12-11T12:00+01:00;7920.19;35452.63;20811.96;292.49
2021-12-11T13:00+01:00;7926.32;34565.75;20372.22;253.51
2021-12-11T14:00+01:00;7925.03;34966.4;18827.82;241.09
2021-12-11T15:00+01:00;7930.34;35702.86;17466.42;247.07
2021-12-11T16:00+01:00;7929.6;35890.07;17434.28;263.73
2021-12-11T17:00+01:00;7928.72;35929.67;17752.24;281.59
2021-12-11T18:00+01:00;7928.05;35936.76;18458.22;280.93
2021-12-11T19:00+01:00;7927.73;34974.42;18541.48;234.35
2021-12-11T20:00+01:00;7923.95;32989.5;19149.24;223.4
2021-12-11T21:00+01:00;7905.03;30940.06;19954.58;198.37
2021-12-11T22:00+01:00;7903.25;28957.49;20517.02;174.94
2021-12-11T23:00+01:00;7896.43;26505.59;22033.84;130.01
2021-12-12T00:00+01:00;7884.68;24649.14;23846.43;136.22
2021-12-12T01:00+01:00;7840.14;23195.42;25069.84;120.5
2021-12-12T02:00+01:00;7691.7;22431.47;25683.33;114.17
2021-12-12T03:00+01:00;7639.74;22152.22;26249.74;109.92
2021-12-12T04:00+01:00;7587.3;21551.93;27044.74;106.98
2021-12-12T05:00+01:00;7463.16;21922.09;28031.51;105.9
2021-12-12T06:00+01:00;7470.74;21454.06;29677.94;105.94
2021-12-12T07:00+01:00;7466.22;21298.38;31571.2;108.27
2021-12-12T08:00+01:00;7464.04;21662.76;32824.16;115.73
2021-12-12T09:00+01:00;7457.24;23243.8;34071.5;136.19
2021-12-12T10:00+01:00;7789.87;24683.66;34696.19;175.01
2021-12-12T11:00+01:00;7882.25;25255.54;34346.34;205
2021-12-12T12:00+01:00;7893.15;25738.68;32575.84;205
2021-12-12T13:00+01:00;7888.66;26837.57;30262.27;195.83
2021-12-12T14:00+01:00;7890.88;28071.8;27738.58;204.57
2021-12-12T15:00+01:00;7888.49;29423.58;25193.08;231.08
2021-12-12T16:00+01:00;7892.14;30018.46;24287.92;253.33
2021-12-12T17:00+01:00;7892.09;30337.43;23503.53;282
2021-12-12T18:00+01:00;7895.17;30429.82;22422.87;290.3
2021-12-12T19:00+01:00;7894.1;30071.1;21472.93;268.64
2021-12-12T20:00+01:00;7761.07;29929.44;20921.78;265.79
2021-12-12T21:00+01:00;7604.18;29672.72;20391.71;233.63
2021-12-12T22:00+01:00;7594.37;29184.27;19656.78;236.53
2021-12-12T23:00+01:00;7585.86;27691.86;19181.24;188.38
2021-12-13T00:00+01:00;7581.92;26676.61;19159;183.78
2021-12-13T01:00+01:00;7580.58;26479.49;19163.42;156.62
2021-12-13T02:00+01:00;7575.8;26434.58;19350.28;143.82
2021-12-13T03:00+01:00;7577.74;26809.7;19520.46;137.81
2021-12-13T04:00+01:00;7570.37;27718.54;19464.97;145.13
2021-12-13T05:00+01:00;7565.98;30069.31;19938.81;157.11
2021-12-13T06:00+01:00;7576.79;33167.94;20237.81;269.2
2021-12-13T07:00+01:00;7578.21;36772.32;19888.73;313.61
2021-12-13T08:00+01:00;7581.68;37488.15;19911.19;325
2021-12-13T09:00+01:00;7647.62;36931.56;20662.58;333.19
2021-12-13T10:00+01:00;7769.79;36826.74;21903.54;326.84
2021-12-13T11:00+01:00;7767.82;36755.45;23227.79;324.93
2021-12-13T12:00+01:00;7752.93;36781.57;23246.02;320.65
2021-12-13T13:00+01:00;7748.62;37340.37;21878.29;320.6
2021-12-13T14:00+01:00;7755.76;37432.43;20249.52;320.94
2021-12-13T15:00+01:00;7757.67;37886.09;18672.12;322.25
2021-12-13T16:00+01:00;7757.1;38446.76;18779.74;331.9
2021-12-13T17:00+01:00;7756.04;38146.49;19144.91;353.73
2021-12-13T18:00+01:00;7757.3;38153.28;19560.37;322.57
2021-12-13T19:00+01:00;7759.53;37150.44;19899.86;315.79
2021-12-13T20:00+01:00;7755.13;36527.43;20931.52;265.06
2021-12-13T21:00+01:00;7749.36;35758.61;21406.88;232.75
2021-12-13T22:00+01:00;7755.62;34417.83;21604.38;236.58
2021-12-13T23:00+01:00;7750.63;31935.6;22235.46;192.04
2021-12-14T00:00+01:00;7811.24;29689.27;22880.07;185.45
2021-12-14T01:00+01:00;7822.64;29245.43;23376.86;160.14
2021-12-14T02:00+01:00;7825.22;29056.69;22679.37;144.42
2021-12-14T03:00+01:00;7850.8;29264.91;22116.87;144.93
2021-12-14T04:00+01:00;7864.87;30102.43;22289.26;160.86
2021-12-14T05:00+01:00;7874.43;31242.58;22110.69;197.33
2021-12-14T06:00+01:00;7873.73;35295.5;21346.57;217.12
2021-12-14T07:00+01:00;7873;37290.13;20424.86;320.08
2021-12-14T08:00+01:00;7877.46;37654.33;19115.26;350.25
2021-12-14T09:00+01:00;7881.81;37776.79;18384.61;364.12
2021-12-14T10:00+01:00;7881.19;38289.29;18249.74;362.6
2021-12-14T11:00+01:00;7877.72;38987.58;17823.65;370.01
2021-12-14T12:00+01:00;7877.58;39568.52;16502.65;371.7
2021-12-14T13:00+01:00;7872.29;39601.86;15261.03;370.47
2021-12-14T14:00+01:00;7869.49;39527.29;13955.75;373.81
2021-12-14T15:00+01:00;7880.87;39199.68;13156.97;372.67
2021-12-14T16:00+01:00;7826.66;38951.06;13685.71;380
2021-12-14T17:00+01:00;7671.79;38940.77;14720.29;400
2021-12-14T18:00+01:00;7650.41;38772.01;15588.54;393.5
2021-12-14T19:00+01:00;7643.54;38337.5;16012.22;359.92
2021-12-14T20:00+01:00;7634.95;37195.54;16525.67;337.89
2021-12-14T21:00+01:00;7631.85;36250.74;17861.13;288.77
2021-12-14T22:00+01:00;7627.96;33788.3;19524.2;254.7
2021-12-14T23:00+01:00;7632.1;30957.86;21003.07;218.89
2021-12-15T00:00+01:00;7689.88;28574.53;21934;230.2
2021-12-15T01:00+01:00;7719.03;28099.76;22089.96;214.8
2021-12-15T02:00+01:00;7712.69;27447.13;22632.85;199.98
2021-12-15T03:00+01:00;7716.95;27201.55;22810.89;185.01
2021-12-15T04:00+01:00;7718.71;28280.26;23119.17;205.7
2021-12-15T05:00+01:00;7714.06;30209.18;23932.64;237.2
2021-12-15T06:00+01:00;7708.95;33378.53;24914.51;270.9
2021-12-15T07:00+01:00;7707.94;35235.41;25773.92;338.32
2021-12-15T08:00+01:00;7712.42;35621.77;25989.31;330.06
2021-12-15T09:00+01:00;7707.95;35632.67;26794.68;330.09
2021-12-15T10:00+01:00;7707.61;35501.71;27530.14;331.44
2021-12-15T11:00+01:00;7705.24;34962.44;28219.82;330.78
2021-12-15T12:00+01:00;7695.79;34336.57;28038.63;330.06
2021-12-15T13:00+01:00;7699.58;34645.83;27154.01;329.94
2021-12-15T14:00+01:00;7699.1;34775.92;25807.52;345.68
2021-12-15T15:00+01:00;7697.45;35598.43;24549.23;349.92
2021-12-15T16:00+01:00;7696.9;36607.48;24738.9;350.17
2021-12-15T17:00+01:00;7710.12;36780.65;24649.07;402
2021-12-15T18:00+01:00;7707.03;36388.76;24416.27;347.99
2021-12-15T19:00+01:00;7707.69;35807.53;24111.02;332.34
2021-12-15T20:00+01:00;7708.48;34935.4;23794.05;322.74
2021-12-15T21:00+01:00;7713.58;33190.13;23761.41;256.78
2021-12-15T22:00+01:00;7721;31745.59;23457.44;260.76
2021-12-15T23:00+01:00;7719.91;30761.48;22930.67;251.95
2021-12-16T00:00+01:00;7782.8;29178.98;22331.4;241.19
2021-12-16T01:00+01:00;7795.08;29115.88;21811.46;231.05
2021-12-16T02:00+01:00;7788.07;28479.93;20330.01;208.15
2021-12-16T03:00+01:00;7792.63;28889.27;18986.16;230.62
2021-12-16T04:00+01:00;7795.15;29609.58;17953.58;251.78
2021-12-16T05:00+01:00;7790.44;31028.17;17355.23;266.49
2021-12-16T06:00+01:00;7785.93;34060.15;16888.82;313.93
2021-12-16T07:00+01:00;7779.87;35769.98;16475.03;403.56
2021-12-16T08:00+01:00;7783.55;36489.62;15733.71;411.12
2021-12-16T09:00+01:00;7856.56;36660.13;15781.8;416.8
2021-12-16T10:00+01:00;7870.52;37308.67;16439.72;408.8
2021-12-16T11:00+01:00;7867.4;37746.09;17290.81;404.19
2021-12-16T12:00+01:00;7866.59;37713.73;17587.63;400.18
2021-12-16T13:00+01:00;7868.93;37678.26;17429.73;390.63
2021-12-16T14:00+01:00;7865.92;37923.66;16473.39;395.24
2021-12-16T15:00+01:00;7866.89;38035.93;14953.77;399.72
2021-12-16T16:00+01:00;7859.47;38662.45;14947.18;416.23
2021-12-16T17:00+01:00;7857.07;40126.54;15804.63;425
2021-12-16T18:00+01:00;7861.54;39877.24;16079.93;417.25
2021-12-16T19:00+01:00;7871.06;39260.96;16087.86;404.57
2021-12-16T20:00+01:00;7871.55;38075.74;16201.48;365.76
2021-12-16T21:00+01:00;7853.35;36739.55;16361.93;318.56
2021-12-16T22:00+01:00;7864.83;35304.54;16494.36;285.45
2021-12-16T23:00+01:00;7866.86;33397.09;16691.5;257
2021-12-17T00:00+01:00;7865.09;31748.4;16780.2;289.26
2021-12-17T01:00+01:00;7868.63;30854.48;16616.97;263.02
2021-12-17T02:00+01:00;7869.63;30100.5;16323.22;250.07
2021-12-17T03:00+01:00;7874.13;29931.88;15613.12;240.73
2021-12-17T04:00+01:00;7870.99;30722.12;15151.89;250
2021-12-17T05:00+01:00;7866.8;32442.31;14537.5;270.09
2021-12-17T06:00+01:00;7859.58;35981.77;14410.27;303.81
2021-12-17T07:00+01:00;7861.95;37751.28;14450.28;391
2021-12-17T08:00+01:00;7861.64;38220.78;14823.19;403.92
2021-12-17T09:00+01:00;7860.62;38727.37;16215;403.92
2021-12-17T10:00+01:00;7847.69;38538.62;17825.08;398.95
2021-12-17T11:00+01:00;7036.57;38305.81;18825.44;392.46
2021-12-17T12:00+01:00;7019.92;38280.38;18572.56;376.13
2021-12-17T13:00+01:00;7015.04;38301.41;17581.99;351.71
2021-12-17T14:00+01:00;7576.15;38148.91;16029.05;361.51
2021-12-17T15:00+01:00;7849.8;38512.78;14307.78;392.1
2021-12-17T16:00+01:00;7857.08;38802.5;13869.46;382.32
2021-12-17T17:00+01:00;7856.97;38900.14;14445.74;397.3
2021-12-17T18:00+01:00;7856.17;38588.96;14666.5;394.42
2021-12-17T19:00+01:00;7850.85;37157.96;14797.53;390.1
2021-12-17T20:00+01:00;7849.39;35806.42;14517.51;341.98
2021-12-17T21:00+01:00;7857.44;34874.78;13746.64;306.78
2021-12-17T22:00+01:00;7863.2;33598.12;12943.86;294.38
2021-12-17T23:00+01:00;7865.3;31030.35;12545.61;269.4
2021-12-18T00:00+01:00;7863.21;28973.72;12352.75;310.12
2021-12-18T01:00+01:00;7861.89;28462.97;12591.43;278.21
2021-12-18T02:00+01:00;7803.49;27789.99;12776.87;258.24
2021-12-18T03:00+01:00;7729.84;27516.89;13271.31;269.89
2021-12-18T04:00+01:00;7596.97;27683.88;13776.77;255.4
2021-12-18T05:00+01:00;7538.29;27654.04;14080.14;237.85
2021-12-18T06:00+01:00;7541.14;29428.6;14885.53;278.2
2021-12-18T07:00+01:00;7536.27;30966.09;16103.55;299.6
2021-12-18T08:00+01:00;7393.29;32152.57;17388.84;313.08
2021-12-18T09:00+01:00;7242.09;32325.9;19263.62;335.28
2021-12-18T10:00+01:00;7449.43;31940.66;21539.37;324.1
2021-12-18T11:00+01:00;7226.3;31428.04;23350.82;312.69
2021-12-18T12:00+01:00;7184.92;31180.8;24383.25;286.58
2021-12-18T13:00+01:00;7185.07;30746.52;24473.09;287.16
2021-12-18T14:00+01:00;7229.07;31016.6;24020.29;286.8
2021-12-18T15:00+01:00;7444.42;31218.43;23741.37;274.7
2021-12-18T16:00+01:00;7522.97;31484.7;24452.95;311.01
2021-12-18T17:00+01:00;7521.52;31477.83;25517.31;332.53
2021-12-18T18:00+01:00;7522.07;30758.63;26978.43;290.93
2021-12-18T19:00+01:00;7526.69;28927.09;27726.98;199.9
2021-12-18T20:00+01:00;7535.64;26660.64;27957.7;178.07
2021-12-18T21:00+01:00;7538.32;24412.06;29105.24;127.71
2021-12-18T22:00+01:00;7541.2;23020.94;30244.67;99.78
2021-12-18T23:00+01:00;7536.21;19709.32;32037.31;80.49
2021-12-19T00:00+01:00;7232.15;19711.53;33144.21;83
2021-12-19T01:00+01:00;6849.37;18306.7;34044.23;71.92
2021-12-19T02:00+01:00;6760.65;17184.97;34395.15;69.9
2021-12-19T03:00+01:00;6744.21;16694.84;34710.44;50.07
2021-12-19T04:00+01:00;6749.77;17431.43;35009.91;42.68
2021-12-19T05:00+01:00;6752.97;17686.83;34603.19;30.85
2021-12-19T06:00+01:00;6756.14;18042.49;34536.48;21.83
2021-12-19T07:00+01:00;6749.86;20014.21;34217.36;59.96
2021-12-19T08:00+01:00;6750.33;21819.25;34251.28;70.97
2021-12-19T09:00+01:00;6741.48;23205.92;35902.47;86.03
2021-12-19T10:00+01:00;6746.43;23378.89;38001.12;86.8
2021-12-19T11:00+01:00;6735.06;23240.74;39427.67;107.61
2021-12-19T12:00+01:00;6746.03;22913.93;40021.4;100.03
2021-12-19T13:00+01:00;6745.37;23051.91;39190.45;85.78
2021-12-19T14:00+01:00;6754.14;23890.59;37199.44;87.7
2021-12-19T15:00+01:00;6744.3;24572.02;35582.89;99.99
2021-12-19T16:00+01:00;7021.01;25616.71;34199.42;133.78
2021-12-19T17:00+01:00;7239.83;26830.73;33363.41;181.81
2021-12-19T18:00+01:00;7254.33;27227.96;30990.76;197.76
2021-12-19T19:00+01:00;7252.66;27503.2;28634.77;204.09
2021-12-19T20:00+01:00;7257.72;27620.47;26166.95;225.12
2021-12-19T21:00+01:00;7260.44;27272.52;24292.7;239.01
2021-12-19T22:00+01:00;7250.61;26971.24;22911.21;328
2021-12-19T23:00+01:00;6900.94;26843.43;22090.94;207.47
2021-12-20T00:00+01:00;6777.87;26761.69;21306.81;159.25
2021-12-20T01:00+01:00;6768.82;26829.99;20805.74;152.05
2021-12-20T02:00+01:00;6767.86;27217.52;20059.13;148.91
2021-12-20T03:00+01:00;6797.99;27905.98;19215.83;145.51
2021-12-20T04:00+01:00;6885.9;28360.08;18327.37;136.9
2021-12-20T05:00+01:00;7274.5;29682.19;17808.92;138.27
2021-12-20T06:00+01:00;7399.29;34006.19;17617.92;305.12
2021-12-20T07:00+01:00;7512.1;37477.94;17049.62;396.95
2021-12-20T08:00+01:00;7512.97;38702.09;16962.13;436.42
2021-12-20T09:00+01:00;7522.1;39323.87;19593.97;410.03
2021-12-20T10:00+01:00;7594.35;39961.72;22476.77;373.78
2021-12-20T11:00+01:00;7594.54;40174.52;24612.1;364.85
2021-12-20T12:00+01:00;7683.97;39581.41;24885.16;333.09
2021-12-20T13:00+01:00;7685.78;39755.52;22163.01;368.35
2021-12-20T14:00+01:00;7693.14;40505.09;17863.58;404.92
2021-12-20T15:00+01:00;7701.91;41851.22;12769.54;428.82
2021-12-20T16:00+01:00;7765.58;42558.81;11302.45;439.97
2021-12-20T17:00+01:00;7788.73;42870.11;11665.09;460.08
2021-12-20T18:00+01:00;7792.63;42649.95;11738.23;465.98
2021-12-20T19:00+01:00;7792.02;42084.72;11404.11;442.73
2021-12-20T20:00+01:00;7775.63;41668.99;11242.89;424
2021-12-20T21:00+01:00;7716.93;40388.36;10793.67;373.18
2021-12-20T22:00+01:00;7691.41;39806.72;10452.3;340.99
2021-12-20T23:00+01:00;7677.06;38957.64;10390.78;302.74
2021-12-21T00:00+01:00;7755.8;38043.74;10085.21;283.9
2021-12-21T01:00+01:00;7874.42;38189.55;9855.86;298.09
2021-12-21T02:00+01:00;7888.81;37931.75;9755.4;293.2
2021-12-21T03:00+01:00;7886.86;37983.15;9640.62;294.14
2021-12-21T04:00+01:00;7888.66;38277.69;9613.47;291.12
2021-12-21T05:00+01:00;7887.06;39319.89;9555.08;322.48
2021-12-21T06:00+01:00;7893.4;40521.09;9659.45;399.98
2021-12-21T07:00+01:00;7905.3;42253.72;9871.58;471.02
2021-12-21T08:00+01:00;7907.19;42620.04;10389.02;510.02
2021-12-21T09:00+01:00;7901.41;42593.87;13590.78;513.58
2021-12-21T10:00+01:00;7899.85;42064.14;17830.32;503.39
2021-12-21T11:00+01:00;7893.57;41999.72;20912.85;480
2021-12-21T12:00+01:00;7895.44;41570.02;21736.15;457.26
2021-12-21T13:00+01:00;7897.29;41435.62;19844.62;460
2021-12-21T14:00+01:00;7897.7;41833.01;15710.89;476.21
2021-12-21T15:00+01:00;7894.91;42241.13;11425.12;505.13
2021-12-21T16:00+01:00;7897.17;42392.18;10009.28;539.91
2021-12-21T17:00+01:00;7891.11;42776.85;10615.28;620
2021-12-21T18:00+01:00;7893.84;42265.97;10946.56;600.1
2021-12-21T19:00+01:00;7891;41622.6;11013;520
2021-12-21T20:00+01:00;7894.28;41323.1;10989.11;470.59
2021-12-21T21:00+01:00;7889.92;40477.29;11074.55;408.25
2021-12-21T22:00+01:00;7884.92;39053.61;11144.09;351.06
2021-12-21T23:00+01:00;7884.48;37631.7;11449.91;297.97
2021-12-22T00:00+01:00;7881.66;36531.8;11952.84;358.65
2021-12-22T01:00+01:00;7883.6;36062.88;12145.57;348.19
2021-12-22T02:00+01:00;7888.2;35842.7;12391.24;335.63
2021-12-22T03:00+01:00;7892.53;35758.57;12712.16;317.55
2021-12-22T04:00+01:00;7892.58;36253.71;13024.31;322
2021-12-22T05:00+01:00;7877.73;37549.36;13230.21;353.28
2021-12-22T06:00+01:00;7878.62;38745.09;13657.14;419.46
2021-12-22T07:00+01:00;7883.48;39931.77;14317.91;505.34
2021-12-22T08:00+01:00;7887.94;40480.17;15469.79;520.59
2021-12-22T09:00+01:00;7884.71;40378.53;19282.19;506.93
2021-12-22T10:00+01:00;7883.77;39828.78;23845.53;485.51
2021-12-22T11:00+01:00;7882.04;39858.22;26431.63;429.25
2021-12-22T12:00+01:00;7881.35;39770.39;26313.38;395.69
2021-12-22T13:00+01:00;7884.2;39791.27;23038.91;400.54
2021-12-22T14:00+01:00;7879.98;40561.66;18102.25;471.13
2021-12-22T15:00+01:00;7876.81;40969.47;13710.24;499.43
2021-12-22T16:00+01:00;7874.96;41384.83;13222.84;505.5
2021-12-22T17:00+01:00;7874.33;41556.59;14443.1;529.2
2021-12-22T18:00+01:00;7877.03;41410.46;15155.84;503.71
2021-12-22T19:00+01:00;7875.03;41077.76;16403.43;450.28
2021-12-22T20:00+01:00;7872.05;39631.29;17227.33;379.45
2021-12-22T21:00+01:00;7878.58;38491.38;17555.84;347.88
2021-12-22T22:00+01:00;7884.87;35900.2;17320.03;336.15
2021-12-22T23:00+01:00;7890.66;33982.63;17080.66;280
2021-12-23T00:00+01:00;7839.53;32487.23;16739.6;312.7
2021-12-23T01:00+01:00;7708.71;32258.16;16384.44;300.51
2021-12-23T02:00+01:00;7646.95;31870.9;16113.93;262.77
2021-12-23T03:00+01:00;7645.25;31628.57;16335.02;255.51
2021-12-23T04:00+01:00;7645.04;31553.41;17509.79;259.28
2021-12-23T05:00+01:00;7646.2;31920.87;18195.44;327.56
2021-12-23T06:00+01:00;7725.02;32946.53;19593.36;388.51
2021-12-23T07:00+01:00;7845.27;34119.7;19983.63;417.01
2021-12-23T08:00+01:00;7883.48;34964.93;21125.65;450.06
2021-12-23T09:00+01:00;7884.37;35075.36;23123.58;420.4
2021-12-23T10:00+01:00;7875.23;35210.07;25226.12;364.42
2021-12-23T11:00+01:00;7866.41;35036.72;26749.81;380
2021-12-23T12:00+01:00;7863.89;34246.6;27725.93;346.92
2021-12-23T13:00+01:00;7872.56;33818.21;27419.79;300.26
2021-12-23T14:00+01:00;7872.14;33721.46;26251.96;299.31
2021-12-23T15:00+01:00;7868.65;33805.98;25676.18;306.81
2021-12-23T16:00+01:00;7823.99;33832.69;27213.18;350
2021-12-23T17:00+01:00;7753.48;34042.75;29237.62;355.04
2021-12-23T18:00+01:00;7750.46;33190.36;31100.24;294.98
2021-12-23T19:00+01:00;7733.67;31769.67;32015.87;230.93
2021-12-23T20:00+01:00;7723.44;29666.96;32494.63;206.79
2021-12-23T21:00+01:00;7375.71;27278.48;33815.29;150.5
2021-12-23T22:00+01:00;7279.28;25957.86;33695.75;138.3
2021-12-23T23:00+01:00;7350.48;23842.93;34096.12;98.85
2021-12-24T00:00+01:00;7351.67;21932.69;33809.54;110.06
2021-12-24T01:00+01:00;7354.24;21510.77;32634.49;98.51
2021-12-24T02:00+01:00;7307.83;21414.11;31487.04;91.94
2021-12-24T03:00+01:00;7152.95;21579.67;30843.42;100.17
2021-12-24T04:00+01:00;7049.57;21962.25;30480.74;110.09
2021-12-24T05:00+01:00;7042.02;22393.87;30172.33;110
2021-12-24T06:00+01:00;7038.64;22358.83;30019.23;88.88
2021-12-24T07:00+01:00;7035.17;23638.71;29736.42;158
2021-12-24T08:00+01:00;7031.06;24684.7;29788.39;207.73
2021-12-24T09:00+01:00;7027.82;25017.4;30243.29;201.81
2021-12-24T10:00+01:00;7020.04;25060.8;30776.11;203.1
2021-12-24T11:00+01:00;7012.18;24940.19;32513.41;234.2
2021-12-24T12:00+01:00;7008.06;25030.36;33223.99;244.65
2021-12-24T13:00+01:00;7010.78;24795.81;32744.68;220.94
2021-12-24T14:00+01:00;7014.31;24643.94;31871.39;225.34
2021-12-24T15:00+01:00;7005.74;24697.48;31123.88;228.65
2021-12-24T16:00+01:00;7005.63;25078.23;30615.94;264.24
2021-12-24T17:00+01:00;6998.48;25197.96;28936.51;278.57
2021-12-24T18:00+01:00;6999.31;25006.99;26285.58;243.09
2021-12-24T19:00+01:00;6999.78;24535.46;24119.77;248.83
2021-12-24T20:00+01:00;7008.03;24564.08;22465.93;250
2021-12-24T21:00+01:00;7012.29;24713.32;20539.83;267.03
2021-12-24T22:00+01:00;7016.96;25374.53;18788.38;274.33
2021-12-24T23:00+01:00;7017.7;25032.98;17472.18;248.85
2021-12-25T00:00+01:00;7126.77;24461.47;16426.6;180.25
2021-12-25T01:00+01:00;7210.6;24331.29;15689.54;157.15
2021-12-25T02:00+01:00;7214.61;23544.73;15463.2;184.07
2021-12-25T03:00+01:00;7221.53;23007.85;15234.68;162.22
2021-12-25T04:00+01:00;7218.71;22731.4;15476.56;135
2021-12-25T05:00+01:00;7222.68;22903.41;15711.92;125.31
2021-12-25T06:00+01:00;7222.33;24112.84;16031.64;128.03
2021-12-25T07:00+01:00;7218.02;24271.7;16358.63;142.46
2021-12-25T08:00+01:00;7286.33;24608.04;17013.76;174.47
2021-12-25T09:00+01:00;7669.25;24759.34;18566.65;206.55
2021-12-25T10:00+01:00;7717.53;25087.73;19683.39;218.06
2021-12-25T11:00+01:00;7711.1;25614.07;20445.45;227.18
2021-12-25T12:00+01:00;7714.4;25543.24;20432.58;230.07
2021-12-25T13:00+01:00;7721.88;25607.19;19082.25;221.88
2021-12-25T14:00+01:00;7725.92;25698.67;16668.76;223.1
2021-12-25T15:00+01:00;7726.68;25876.13;14483;226
2021-12-25T16:00+01:00;7724.7;26276.09;14469.1;231.52
2021-12-25T17:00+01:00;7727.27;26618.77;15227.29;244.81
2021-12-25T18:00+01:00;7724.37;26679.16;15618.9;245.1
2021-12-25T19:00+01:00;7739.35;26614.55;15798.18;232.22
2021-12-25T20:00+01:00;7735.67;26482.93;15893.64;230.32
2021-12-25T21:00+01:00;7736.52;26061.01;16356.96;224.57
2021-12-25T22:00+01:00;7739.67;25670.4;16262.67;229.56
2021-12-25T23:00+01:00;7746.1;25076.71;16204.47;179.12
2021-12-26T00:00+01:00;7830.29;25058.47;16306.28;178.37
2021-12-26T01:00+01:00;7768.47;24797.76;16364.06;156.86
2021-12-26T02:00+01:00;7380.98;24675.06;16643.47;153.83
2021-12-26T03:00+01:00;7359.95;24891.8;17083.8;133.26
2021-12-26T04:00+01:00;7359.83;25157.73;17427.42;126.66
2021-12-26T05:00+01:00;7359.02;24731.5;17928.86;130.24
2021-12-26T06:00+01:00;7358.84;24471.02;18751.6;132.24
2021-12-26T07:00+01:00;7353.98;25142.73;19545.02;162.5
2021-12-26T08:00+01:00;7344.65;25516.43;20615.22;174.39
2021-12-26T09:00+01:00;7347.59;25626.04;22314.3;185.94
2021-12-26T10:00+01:00;7343.28;25753.01;23906.71;199.35
2021-12-26T11:00+01:00;7341.37;25878.96;24598.99;202.81
2021-12-26T12:00+01:00;7337.4;25773.03;24748.63;199.4
2021-12-26T13:00+01:00;7330.71;25941.1;23874.08;193.73
2021-12-26T14:00+01:00;7326.1;26309.35;22175.16;193.3
2021-12-26T15:00+01:00;7323.94;26877.5;21873.55;193.39
2021-12-26T16:00+01:00;7324.07;27078.4;24199.16;195.65
2021-12-26T17:00+01:00;7319.8;26726.86;26701.57;217.55
2021-12-26T18:00+01:00;7319.12;26523.24;28069.69;210.58
2021-12-26T19:00+01:00;7320.95;26450.71;28904.57;207.75
2021-12-26T20:00+01:00;7321.82;26088.28;28796.64;190.69
2021-12-26T21:00+01:00;7318.49;26082.86;28583.37;155.49
2021-12-26T22:00+01:00;7323.88;25825.84;27663.04;144.9
2021-12-26T23:00+01:00;7322.74;24760.77;26740.02;100.08
2021-12-27T00:00+01:00;7321.78;22972.23;26045.61;95.79
2021-12-27T01:00+01:00;7320.54;22259.48;25749.87;86.23
2021-12-27T02:00+01:00;7321.84;21885.91;25290.56;81.36
2021-12-27T03:00+01:00;7315.04;21773.58;25214.28;78.96
2021-12-27T04:00+01:00;7319.89;21996.25;24449.28;76.04
2021-12-27T05:00+01:00;7317.6;24188.3;24381.12;97.53
2021-12-27T06:00+01:00;7327.41;25541.82;24166.12;110.05
2021-12-27T07:00+01:00;7330.4;26676.58;23907.45;134.11
2021-12-27T08:00+01:00;7334.75;27213.27;24074.04;164.52
2021-12-27T09:00+01:00;7162.84;27455.38;25155.23;198.17
2021-12-27T10:00+01:00;7275.27;27882.53;26522.31;204.36
2021-12-27T11:00+01:00;7326.75;28458.82;27672.89;199.04
2021-12-27T12:00+01:00;7601.59;28476.97;26935.33;210.04
2021-12-27T13:00+01:00;7823.2;28628.2;24888.77;200.18
2021-12-27T14:00+01:00;7833.08;28486.07;23087.51;188.43
2021-12-27T15:00+01:00;7828.2;28536.62;22454.9;186.06
2021-12-27T16:00+01:00;7836.77;28625.5;23416.36;180.42
2021-12-27T17:00+01:00;7835.22;28674.43;24866.8;205
2021-12-27T18:00+01:00;7838.32;28578.29;25831.63;207.1
2021-12-27T19:00+01:00;7593.77;28269.68;26619.19;196.05
2021-12-27T20:00+01:00;7318.16;26631.63;27684.32;161.33
2021-12-27T21:00+01:00;7312.71;24311.46;28566.14;111.05
2021-12-27T22:00+01:00;7321.26;23381.39;29068.59;113.05
2021-12-27T23:00+01:00;7318.06;20462.37;29275.9;87
2021-12-28T00:00+01:00;7319.05;17557.63;28958.6;74.4
2021-12-28T01:00+01:00;7322.43;16085.17;28629.65;59.99
2021-12-28T02:00+01:00;7310.21;15936.49;28409.27;46.92
2021-12-28T03:00+01:00;7306.12;15896.48;28318.39;36.22
2021-12-28T04:00+01:00;7307.16;16113.01;28022.84;37.86
2021-12-28T05:00+01:00;7325.98;16480.12;28052.64;48.6
2021-12-28T06:00+01:00;7326.49;19932.94;27819.08;75.59
2021-12-28T07:00+01:00;7327.24;24493.11;27970.39;101.96
2021-12-28T08:00+01:00;7317.35;26122.83;28852.23;122.23
2021-12-28T09:00+01:00;7331.24;26441.87;31343.37;142.96
2021-12-28T10:00+01:00;7331.75;26225.39;33795.62;142.16
2021-12-28T11:00+01:00;7328;26295.06;35142.21;135.16
2021-12-28T12:00+01:00;7322.68;26442.57;35946.58;126.59
2021-12-28T13:00+01:00;7316.84;26151.99;35172.26;115.36
2021-12-28T14:00+01:00;7310.23;25485.48;34066.39;101.55
2021-12-28T15:00+01:00;7308.32;25412.23;33710.11;90.95
2021-12-28T16:00+01:00;7307.41;25969.58;33905.59;101.9
2021-12-28T17:00+01:00;7308.65;26955.85;33276.47;139
2021-12-28T18:00+01:00;7310.03;27327.94;31298.67;150.06
2021-12-28T19:00+01:00;7313.26;26887.47;28945.16;149.89
2021-12-28T20:00+01:00;7318.03;26562.12;27103.17;139.09
2021-12-28T21:00+01:00;7317.52;26499.76;25904.19;125.22
2021-12-28T22:00+01:00;7318.74;26284.39;24388.45;127.68
2021-12-28T23:00+01:00;7321.4;25879.11;23349.87;110.08
2021-12-29T00:00+01:00;7318.32;24987.12;22523.1;112.06
2021-12-29T01:00+01:00;7318.33;24605.08;22220.25;93.27
2021-12-29T02:00+01:00;7306.81;23834.31;22039.81;94.37
2021-12-29T03:00+01:00;7318.03;23193.84;22079.22;90.82
2021-12-29T04:00+01:00;7321.75;23911.64;21987.01;94.01
2021-12-29T05:00+01:00;7320.09;25412.39;21328;117.63
2021-12-29T06:00+01:00;7310.66;26470.82;21033.83;139.98
2021-12-29T07:00+01:00;7307.91;27716.23;20218.61;188
2021-12-29T08:00+01:00;7636.15;28678.29;19550.94;200
2021-12-29T09:00+01:00;7783.23;29150.64;19744.93;203.45
2021-12-29T10:00+01:00;7805.57;29257.34;20178.01;204.2
2021-12-29T11:00+01:00;7814.04;29273.34;19962.09;204.38
2021-12-29T12:00+01:00;7818;29161.15;19994.99;205.61
2021-12-29T13:00+01:00;7801.29;28998.9;19290.46;205.62
2021-12-29T14:00+01:00;7795.68;28575.89;17847.35;205.7
2021-12-29T15:00+01:00;7793.2;28443.35;17207.32;200
2021-12-29T16:00+01:00;7796.4;28434.95;18989.78;195.99
2021-12-29T17:00+01:00;7790.26;28407.31;21379.88;203.44
2021-12-29T18:00+01:00;7799.36;28079.94;23600.55;183.93
2021-12-29T19:00+01:00;7777.97;27717.95;25997.74;163.63
2021-12-29T20:00+01:00;7392.94;26595.36;28326.06;130.06
2021-12-29T21:00+01:00;7297.06;24799.86;30182.45;108.64
2021-12-29T22:00+01:00;7286.85;23120.97;31473.52;106.34
2021-12-29T23:00+01:00;7171.21;19512.6;33017.08;83.35
2021-12-30T00:00+01:00;7076.89;14650.59;34288.07;73.08
2021-12-30T01:00+01:00;7025.99;12960.02;34485.63;47.86
2021-12-30T02:00+01:00;6958.25;12446.81;35203.47;33.12
2021-12-30T03:00+01:00;6678.39;12258.63;33632.66;25.56
2021-12-30T04:00+01:00;6648.45;12410.33;33808;21.36
2021-12-30T05:00+01:00;6955.1;12721.57;35636.69;43.1
2021-12-30T06:00+01:00;7011.38;13030.38;36859.93;60.01
2021-12-30T07:00+01:00;7007.19;15594.38;38342.7;97.26
2021-12-30T08:00+01:00;7006.31;16085.95;39629.32;103.37
2021-12-30T09:00+01:00;7020.25;15700.05;41527.69;93.6
2021-12-30T10:00+01:00;6940.9;15403.99;44142.91;98.06
2021-12-30T11:00+01:00;6811.85;15468.75;46279.78;95.55
2021-12-30T12:00+01:00;6805.54;14813.6;47185.13;97.23
2021-12-30T13:00+01:00;6801.59;13820.61;47100.33;88.75
2021-12-30T14:00+01:00;6802.05;13749.63;46916.14;81.7
2021-12-30T15:00+01:00;6796.92;13836.95;46124.3;75.44
2021-12-30T16:00+01:00;6799.28;14221.53;46024.91;81.92
2021-12-30T17:00+01:00;6796.79;14682.49;46808.84;91.98
2021-12-30T18:00+01:00;6794.8;14844.61;46167.55;89.98
2021-12-30T19:00+01:00;6791.08;14248.27;45581.64;81.97
2021-12-30T20:00+01:00;6781.07;12853.81;44119.02;75.48
2021-12-30T21:00+01:00;6786.74;11665.47;43957.41;70.91
2021-12-30T22:00+01:00;6797.32;11584.11;43079.3;75.35
2021-12-30T23:00+01:00;6789.04;11473.6;41628.8;55.65
2021-12-31T00:00+01:00;6794.28;10547.99;41709.53;5.71
2021-12-31T01:00+01:00;6766.47;10230.47;39549.42;0.09
2021-12-31T02:00+01:00;6765.43;9887.25;38010.16;-0.03
2021-12-31T03:00+01:00;6580.94;9834.84;36848.43;-0.05
2021-12-31T04:00+01:00;6675.07;9892.97;37723.43;-0.03
2021-12-31T05:00+01:00;6779.75;9999.3;39115.46;0.04
2021-12-31T06:00+01:00;6746.72;10005.83;38973.47;-0.05
2021-12-31T07:00+01:00;6789.75;10231.44;38830.52;-0.06
2021-12-31T08:00+01:00;6809.37;10324.32;40676.75;0.17
2021-12-31T09:00+01:00;6799.34;10521.91;44499.06;0.91
2021-12-31T10:00+01:00;6761.54;10370.04;47232.36;0.93
2021-12-31T11:00+01:00;6737.49;10346.21;49585.8;10.05
2021-12-31T12:00+01:00;6727.41;10372.12;49409.93;10.01
2021-12-31T13:00+01:00;6735.08;10421.17;48434.57;10.02
2021-12-31T14:00+01:00;6704.94;10259.06;47356.98;25.49
2021-12-31T15:00+01:00;6419.87;10339.27;45740.07;20.49
2021-12-31T16:00+01:00;6169.43;10207.31;46293.25;62.23
2021-12-31T17:00+01:00;5989.97;10621.46;46817.95;60.97
2021-12-31T18:00+01:00;5888.62;10594.49;46584.12;40.01
2021-12-31T19:00+01:00;5865.05;10191.28;46020.49;32.49
2021-12-31T20:00+01:00;5576.78;10097.82;44051.64;0.18
2021-12-31T21:00+01:00;4920.43;10073.09;41278.03;0.08
2021-12-31T22:00+01:00;4071.6;10045.02;40240.57;5.1
2021-12-31T23:00+01:00;3225.69;9863.17;39184.75;6.32
